geo,time,dt_tds_dect_gn_zs
afg,1970,0
afg,1971,0
afg,1972,0
afg,1973,0
afg,1974,0
afg,1975,0
afg,1976,0
afg,1977,0
afg,1978,0
afg,1979,0
afg,1980,0
afg,1981,0
afg,2009,0.08658
afg,2010,0.06567
afg,2011,0.05807
afg,2012,0.07442
afg,2013,0.12185
afg,2014,0.20603
afg,2015,0.24355
afg,2016,0.27083
afg,2017,0.27539
ago,1985,0
ago,1986,0
ago,1987,0
ago,1988,0
ago,1989,2.65171
ago,1990,3.25065
ago,1991,3.66209
ago,1992,7.01732
ago,1993,4.77364
ago,1994,13.33482
ago,1995,9.7994
ago,1996,17.08926
ago,1997,15.01919
ago,1998,27.66689
ago,1999,30.17545
ago,2000,23.10317
ago,2001,30.35991
ago,2002,10.62272
ago,2003,9.25403
ago,2004,8.94945
ago,2005,7.93674
ago,2006,9.58484
ago,2007,7.78623
ago,2008,2.18004
ago,2009,5.59926
ago,2010,3.05144
ago,2011,2.79246
ago,2012,3.5913
ago,2013,3.89162
ago,2014,4.70587
ago,2015,4.90316
ago,2016,7.48797
ago,2017,4.04321
alb,1984,0
alb,1985,0
alb,1986,0
alb,1987,0
alb,1988,0
alb,1989,0
alb,1990,0
alb,1991,0.33103
alb,1992,0.32417
alb,1993,0.68786
alb,1994,0.96936
alb,1995,0.42758
alb,1996,0.65054
alb,1997,1.04594
alb,1998,0.81691
alb,1999,0.77932
alb,2000,0.83692
alb,2001,0.97785
alb,2002,1.36436
alb,2003,0.99318
alb,2004,1.03344
alb,2005,1.26822
alb,2006,1.96635
alb,2007,1.58748
alb,2008,1.56377
alb,2009,2.05411
alb,2010,3.21565
alb,2011,3.72239
alb,2012,4.41641
alb,2013,4.25132
alb,2014,5.36741
alb,2015,9.42248
alb,2016,4.68703
alb,2017,3.65233
arm,1990,0
arm,1991,0
arm,1992,0
arm,1993,0.18148
arm,1994,0.33775
arm,1995,0.76897
arm,1996,2.60102
arm,1997,1.37883
arm,1998,3.1411
arm,1999,3.32281
arm,2000,2.46188
arm,2001,2.56504
arm,2002,3.35327
arm,2003,4.28159
arm,2004,4.68241
arm,2005,2.78606
arm,2006,2.31868
arm,2007,2.00998
arm,2008,2.98572
arm,2009,4.70579
arm,2010,9.97485
arm,2011,8.91341
arm,2012,10.6467
arm,2013,17.34259
arm,2014,11.82124
arm,2015,14.15068
arm,2016,13.76913
arm,2017,12.08983
aze,1993,0
aze,1994,0.01057
aze,1995,0.33345
aze,1996,0.31607
aze,1997,1.96977
aze,1998,0.53812
aze,1999,1.51111
aze,2000,2.76844
aze,2001,2.61719
aze,2002,2.79567
aze,2003,3.24978
aze,2004,2.97822
aze,2005,2.08959
aze,2006,1.54042
aze,2007,0.96544
aze,2008,0.7562
aze,2009,0.88788
aze,2010,0.83528
aze,2011,1.82322
aze,2012,1.96945
aze,2013,2.73068
aze,2014,2.57914
aze,2015,3.77005
aze,2016,5.04351
aze,2017,5.7752
bdi,1970,0.35076
bdi,1971,1.7957
bdi,1972,3.40201
bdi,1973,0.33799
bdi,1974,0.85723
bdi,1975,0.52454
bdi,1976,0.63567
bdi,1977,0.56462
bdi,1978,1.73955
bdi,1979,0.55109
bdi,1980,0.93536
bdi,1981,0.81864
bdi,1982,0.81139
bdi,1983,1.3482
bdi,1984,2.43592
bdi,1985,2.31693
bdi,1986,2.96567
bdi,1987,4.23999
bdi,1988,4.37223
bdi,1989,3.90281
bdi,1990,3.79505
bdi,1991,3.39639
bdi,1992,3.70415
bdi,1993,3.88498
bdi,1994,4.47986
bdi,1995,3.90991
bdi,1996,3.61934
bdi,1997,3.06361
bdi,1998,3.44724
bdi,1999,3.74747
bdi,2000,2.55869
bdi,2001,2.71596
bdi,2002,2.91563
bdi,2003,3.86004
bdi,2004,9.95091
bdi,2005,3.63925
bdi,2006,1.57936
bdi,2007,1.34779
bdi,2008,1.22115
bdi,2009,1.12594
bdi,2010,0.21643
bdi,2011,0.46108
bdi,2012,0.90237
bdi,2013,1.318
bdi,2014,1.12053
bdi,2015,0.86799
bdi,2016,1.12918
bdi,2017,1.13795
ben,1970,0.52751
ben,1971,1.10909
ben,1972,0.73022
ben,1973,0.45879
ben,1974,1.11943
ben,1975,0.90135
ben,1976,0.61576
ben,1977,0.5184
ben,1978,0.55804
ben,1979,0.5494
ben,1980,1.43939
ben,1981,1.75576
ben,1982,1.98611
ben,1983,3.04572
ben,1984,4.63834
ben,1985,4.79796
ben,1986,4.72464
ben,1987,2.65997
ben,1988,1.77392
ben,1989,1.76917
ben,1990,1.9312
ben,1991,1.54716
ben,1992,1.67943
ben,1993,1.40894
ben,1994,2.53257
ben,1995,2.25424
ben,1996,1.8862
ben,1997,2.31427
ben,1998,2.39936
ben,1999,2.5706
ben,2000,2.94497
ben,2001,1.76279
ben,2002,1.84498
ben,2003,0.99723
ben,2004,0.90584
ben,2005,1.00036
ben,2006,0.81052
ben,2007,0.60921
ben,2008,0.87615
ben,2009,0.74962
ben,2010,0.81273
ben,2011,0.90855
ben,2012,1.05276
ben,2013,0.91094
ben,2014,0.82081
ben,2015,0.92961
ben,2016,1.09332
ben,2017,1.14906
bfa,1970,0.4621
bfa,1971,0.43514
bfa,1972,0.5663
bfa,1973,0.56463
bfa,1974,0.50339
bfa,1975,0.56427
bfa,1976,0.48406
bfa,1977,0.49332
bfa,1978,0.49023
bfa,1979,0.52922
bfa,1980,1.15151
bfa,1981,1.1119
bfa,1982,1.13366
bfa,1983,1.13503
bfa,1984,1.48654
bfa,1985,1.90453
bfa,1986,1.81122
bfa,1987,1.53009
bfa,1988,1.64096
bfa,1989,1.48065
bfa,1990,1.10862
bfa,1991,1.48405
bfa,1992,1.49759
bfa,1993,1.63774
bfa,1994,2.31707
bfa,1995,2.04452
bfa,1996,1.87148
bfa,1997,2.10317
bfa,1998,1.93276
bfa,1999,2.17351
bfa,2000,1.82463
bfa,2001,1.37587
bfa,2002,1.39463
bfa,2003,1.12805
bfa,2004,1.09803
bfa,2005,0.84508
bfa,2006,0.76943
bfa,2007,0.62297
bfa,2008,0.49924
bfa,2009,0.52271
bfa,2010,0.56025
bfa,2011,0.65235
bfa,2012,0.64907
bfa,2013,0.6702
bfa,2014,0.76851
bfa,2015,1.11168
bfa,2016,1.15456
bfa,2017,1.12843
bgd,1973,0.12597
bgd,1974,0.22039
bgd,1975,0.55316
bgd,1976,1.37359
bgd,1977,1.47994
bgd,1978,1.04151
bgd,1979,1.27988
bgd,1980,1.31484
bgd,1981,0.95843
bgd,1982,1.16579
bgd,1983,1.17923
bgd,1984,1.47151
bgd,1985,1.44231
bgd,1986,1.95574
bgd,1987,2.05707
bgd,1988,1.83061
bgd,1989,1.74117
bgd,1990,2.25541
bgd,1991,1.88486
bgd,1992,1.62742
bgd,1993,1.51615
bgd,1994,1.53432
bgd,1995,1.92239
bgd,1996,1.37443
bgd,1997,1.35964
bgd,1998,1.20681
bgd,1999,1.30806
bgd,2000,1.40344
bgd,2001,1.19827
bgd,2002,1.24189
bgd,2003,1.05323
bgd,2004,0.96177
bgd,2005,1.11983
bgd,2006,0.94084
bgd,2007,1.1901
bgd,2008,0.95311
bgd,2009,0.93311
bgd,2010,0.90558
bgd,2011,1.18254
bgd,2012,1.13629
bgd,2013,1.18086
bgd,2014,1.07264
bgd,2015,0.79987
bgd,2016,0.75853
bgd,2017,0.83243
bgr,1980,0
bgr,1981,0.34602
bgr,1982,0.82651
bgr,1983,1.82222
bgr,1984,2.60815
bgr,1985,6.89321
bgr,1986,7.72279
bgr,1987,7.15974
bgr,1988,10.56619
bgr,1989,12.08405
bgr,1990,7.23565
bgr,1991,2.80197
bgr,1992,4.42819
bgr,1993,3.08532
bgr,1994,7.23685
bgr,1995,9.02602
bgr,1996,13.10579
bgr,1997,9.35297
bgr,1998,9.40628
bgr,1999,9.40076
bgr,2000,9.98906
bgr,2001,9.87273
bgr,2002,8.49283
bgr,2003,5.30614
bgr,2004,9.37123
bgr,2005,15.02878
bgr,2006,11.24123
bgr,2007,15.05744
bgr,2008,10.84499
bgr,2009,9.56651
bgr,2010,8.50415
bgr,2011,8.0037
bgr,2012,8.7702
bgr,2013,11.419
bgr,2014,9.47044
bgr,2015,19.23949
bgr,2016,15.30262
bgr,2017,14.78363
bih,1994,0
bih,1995,0
bih,1996,0
bih,1997,0
bih,1998,0
bih,1999,3.16503
bih,2000,5.24152
bih,2001,4.98335
bih,2002,2.49857
bih,2003,2.44886
bih,2004,2.26858
bih,2005,2.65315
bih,2006,2.93966
bih,2007,2.63491
bih,2008,2.40788
bih,2009,2.5514
bih,2010,3.26754
bih,2011,4.30359
bih,2012,6.04561
bih,2013,5.83604
bih,2014,7.92537
bih,2015,4.62493
bih,2016,7.2112
bih,2017,6.78632
blr,1990,0
blr,1991,0
blr,1992,0
blr,1993,0.08523
blr,1994,0.79305
blr,1995,1.30337
blr,1996,1.05919
blr,1997,1.36143
blr,1998,1.33158
blr,1999,2.2298
blr,2000,3.0707
blr,2001,2.74911
blr,2002,2.5977
blr,2003,2.39448
blr,2004,1.65878
blr,2005,2.31474
blr,2006,2.04276
blr,2007,2.45133
blr,2008,2.33076
blr,2009,3.37926
blr,2010,3.05712
blr,2011,5.37777
blr,2012,7.83123
blr,2013,6.40733
blr,2014,7.01123
blr,2015,9.2159
blr,2016,13.64747
blr,2017,8.41339
blz,1970,0.02097
blz,1971,0.02672
blz,1972,0.06341
blz,1973,0.65089
blz,1974,0.46867
blz,1975,0.41927
blz,1976,0.40296
blz,1977,0.36298
blz,1978,0.33996
blz,1979,0.54532
blz,1980,1.85943
blz,1981,2.02132
blz,1982,3.6314
blz,1983,4.42913
blz,1984,4.18962
blz,1985,8.66077
blz,1986,7.0495
blz,1987,5.74032
blz,1988,5.33046
blz,1989,4.8219
blz,1990,4.52547
blz,1991,3.76263
blz,1992,3.20973
blz,1993,3.34278
blz,1994,4.47249
blz,1995,6.12637
blz,1996,6.5503
blz,1997,6.29006
blz,1998,6.99759
blz,1999,6.77742
blz,2000,9.9077
blz,2001,12.04821
blz,2002,21.80741
blz,2003,17.00416
blz,2004,34.98915
blz,2005,22.91454
blz,2006,12.65053
blz,2007,57.43333
blz,2008,12.23767
blz,2009,10.07427
blz,2010,10.0949
blz,2011,9.44184
blz,2012,10.70665
blz,2013,9.08701
blz,2014,5.91427
blz,2015,5.68968
blz,2016,5.80108
blz,2017,5.91904
bol,1976,5.31679
bol,1977,5.50739
bol,1978,10.35635
bol,1979,7.02768
bol,1980,8.69664
bol,1981,6.71306
bol,1982,10.59986
bol,1983,9.21277
bol,1984,9.41351
bol,1985,7.41153
bol,1986,7.01992
bol,1987,5.65533
bol,1988,8.73502
bol,1989,6.69542
bol,1990,8.48476
bol,1991,6.60221
bol,1992,5.4081
bol,1993,6.21041
bol,1994,6.11306
bol,1995,5.81225
bol,1996,5.82647
bol,1997,6.23106
bol,1998,5.26797
bol,1999,5.24688
bol,2000,7.84903
bol,2001,6.94322
bol,2002,6.272
bol,2003,5.59409
bol,2004,6.21788
bol,2005,5.80696
bol,2006,4.02139
bol,2007,5.88231
bol,2008,5.89148
bol,2009,3.50874
bol,2010,3.49064
bol,2011,1.95876
bol,2012,2.55595
bol,2013,1.9132
bol,2014,3.14357
bol,2015,3.11766
bol,2016,2.32781
bol,2017,2.70147
bra,1970,1.83859
bra,1971,1.80523
bra,1972,2.07238
bra,1973,2.45317
bra,1974,3.28239
bra,1975,3.57015
bra,1976,2.87523
bra,1977,3.33905
bra,1978,4.31608
bra,1979,5.19012
bra,1980,6.51636
bra,1981,7.09598
bra,1982,7.21193
bra,1983,6.98209
bra,1984,6.98568
bra,1985,5.46344
bra,1986,4.55993
bra,1987,4.24924
bra,1988,5.33274
bra,1989,3.1626
bra,1990,1.82885
bra,1991,1.42462
bra,1992,2.21566
bra,1993,2.64475
bra,1994,2.97877
bra,1995,2.8547
bra,1996,3.05493
bra,1997,4.51618
bra,1998,6.22943
bra,1999,12.00339
bra,2000,9.20385
bra,2001,9.25153
bra,2002,10.60182
bra,2003,10.79365
bra,2004,8.27725
bra,2005,7.26516
bra,2006,5.76395
bra,2007,4.02286
bra,2008,3.41808
bra,2009,2.73147
bra,2010,2.13997
bra,2011,2.31825
bra,2012,1.88476
bra,2013,3.35435
bra,2014,2.58579
bra,2015,5.09525
bra,2016,6.68908
bra,2017,4.73016
btn,1980,0
btn,1981,0.00205
btn,1982,0.00288
btn,1983,0.00533
btn,1984,0.02428
btn,1985,0.02074
btn,1986,0.09265
btn,1987,0.23236
btn,1988,0.50932
btn,1989,2.47979
btn,1990,1.85282
btn,1991,3.17022
btn,1992,2.64854
btn,1993,3.37385
btn,1994,3.00413
btn,1995,3.68772
btn,1996,2.4611
btn,1997,2.15308
btn,1998,2.86156
btn,1999,2.11454
btn,2000,1.60412
btn,2001,1.3593
btn,2002,1.24985
btn,2003,1.20668
btn,2004,1.77458
btn,2005,0.87951
btn,2006,1.19259
btn,2007,2.72296
btn,2008,6.66272
btn,2009,6.2195
btn,2010,5.84253
btn,2011,5.00619
btn,2012,7.75974
btn,2013,4.68848
btn,2014,4.54705
btn,2015,6.72744
btn,2016,5.43707
btn,2017,3.39134
bwa,1970,0.62828
bwa,1971,0.72573
bwa,1972,0.9909
bwa,1973,1.00552
bwa,1974,1.0602
bwa,1975,1.98887
bwa,1976,1.15235
bwa,1977,1.30239
bwa,1978,1.3869
bwa,1979,1.13139
bwa,1980,1.39432
bwa,1981,0.87756
bwa,1982,1.3889
bwa,1983,2.21888
bwa,1984,2.89107
bwa,1985,4.66977
bwa,1986,3.54767
bwa,1987,4.21677
bwa,1988,3.09359
bwa,1989,2.57799
bwa,1990,2.8573
bwa,1991,2.2058
bwa,1992,2.2699
bwa,1993,2.00497
bwa,1994,2.27747
bwa,1995,1.94537
bwa,1996,3.28925
bwa,1997,2.11634
bwa,1998,1.55315
bwa,1999,1.41763
bwa,2000,1.26371
bwa,2001,0.9702
bwa,2002,1.28
bwa,2003,0.7413
bwa,2004,0.60763
bwa,2005,0.58867
bwa,2006,0.6023
bwa,2007,0.46292
bwa,2008,0.68337
bwa,2009,0.46566
bwa,2010,0.65006
bwa,2011,0.50996
bwa,2012,0.40187
bwa,2013,1.33465
bwa,2014,0.40873
bwa,2015,1.74188
bwa,2016,1.10713
bwa,2017,1.04986
caf,1970,1.67204
caf,1971,1.17269
caf,1972,0.79682
caf,1973,1.80272
caf,1974,1.73936
caf,1975,1.55345
caf,1976,0.95939
caf,1977,0.85432
caf,1978,0.85788
caf,1979,0.5399
caf,1980,1.24942
caf,1981,1.54668
caf,1982,1.16587
caf,1983,3.21499
caf,1984,3.93589
caf,1985,3.05928
caf,1986,2.55972
caf,1987,2.38432
caf,1988,2.18299
caf,1989,2.77901
caf,1990,2.05304
caf,1991,1.10987
caf,1992,1.10971
caf,1993,0.73343
caf,1994,2.78818
caf,1995,1.43288
caf,1996,1.30896
caf,1997,1.69126
caf,1998,3.50489
caf,1999,1.92175
caf,2000,1.62369
caf,2001,1.46543
caf,2002,0.11937
caf,2003,0.07112
caf,2004,0.85556
caf,2005,0.51829
caf,2006,4.92337
caf,2007,5.32615
caf,2008,1.3737
caf,2009,1.58817
caf,2010,0.16829
caf,2011,0.06824
caf,2012,0.21276
caf,2013,0.43951
caf,2014,0.70451
caf,2015,1.10437
caf,2016,1.436
caf,2017,1.24825
chn,1970,0
chn,1971,0
chn,1972,0
chn,1973,0
chn,1974,0
chn,1975,0
chn,1976,0
chn,1977,0
chn,1978,0
chn,1979,0
chn,1980,0
chn,1981,0.8906
chn,1982,1.03468
chn,1983,1.16227
chn,1984,0.87521
chn,1985,0.79972
chn,1986,0.98983
chn,1987,1.41192
chn,1988,1.46196
chn,1989,1.6239
chn,1990,1.9504
chn,1991,2.16192
chn,1992,2.01763
chn,1993,2.29066
chn,1994,1.97685
chn,1995,2.08444
chn,1996,1.85075
chn,1997,1.94032
chn,1998,1.82091
chn,1999,2.46236
chn,2000,2.22364
chn,2001,1.89357
chn,2002,2.13599
chn,2003,2.27358
chn,2004,1.19289
chn,2005,1.21016
chn,2006,1.00104
chn,2007,0.89386
chn,2008,0.71885
chn,2009,0.78025
chn,2010,0.8559
chn,2011,0.83513
chn,2012,0.84385
chn,2013,0.8076
chn,2014,0.77468
chn,2015,1.1469
chn,2016,1.48344
chn,2017,1.67263
civ,1970,3.00034
civ,1971,3.14155
civ,1972,3.40934
civ,1973,3.14353
civ,1974,4.16574
civ,1975,3.79071
civ,1976,4.99777
civ,1977,5.00249
civ,1978,6.22737
civ,1979,7.62633
civ,1980,14.53528
civ,1981,19.37692
civ,1982,21.91397
civ,1983,20.60906
civ,1984,17.93521
civ,1985,17.69818
civ,1986,15.59794
civ,1987,14.87784
civ,1988,11.55466
civ,1989,12.85211
civ,1990,13.70264
civ,1991,14.0279
civ,1992,11.82387
civ,1993,11.30124
civ,1994,16.50232
civ,1995,10.44807
civ,1996,12.24856
civ,1997,10.60333
civ,1998,11.50908
civ,1999,12.35771
civ,2000,10.52446
civ,2001,6.24845
civ,2002,7.68919
civ,2003,4.3856
civ,2004,2.6544
civ,2005,1.86887
civ,2006,1.58006
civ,2007,2.2076
civ,2008,4.49269
civ,2009,4.85411
civ,2010,3.13459
civ,2011,2.99669
civ,2012,2.77794
civ,2013,3.52687
civ,2014,2.93081
civ,2015,2.10541
civ,2016,4.44054
civ,2017,6.18095
cmr,1970,1.10672
cmr,1971,1.37935
cmr,1972,1.41116
cmr,1973,1.98298
cmr,1974,1.61107
cmr,1975,1.83578
cmr,1976,1.77065
cmr,1977,2.59751
cmr,1978,3.12563
cmr,1979,3.24932
cmr,1980,4.97665
cmr,1981,4.41804
cmr,1982,5.63112
cmr,1983,5.02849
cmr,1984,5.5282
cmr,1985,8.28243
cmr,1986,6.42955
cmr,1987,5.35498
cmr,1988,5.41646
cmr,1989,3.71344
cmr,1990,4.83761
cmr,1991,3.60401
cmr,1992,3.66056
cmr,1993,3.18656
cmr,1994,3.82432
cmr,1995,4.73005
cmr,1996,5.13166
cmr,1997,4.98421
cmr,1998,5.13551
cmr,1999,5.12117
cmr,2000,5.8971
cmr,2001,3.54105
cmr,2002,3.20916
cmr,2003,3.11333
cmr,2004,3.60395
cmr,2005,4.69126
cmr,2006,3.92163
cmr,2007,2.22331
cmr,2008,1.68441
cmr,2009,1.553
cmr,2010,0.78277
cmr,2011,1.14342
cmr,2012,0.82816
cmr,2013,0.86414
cmr,2014,1.53161
cmr,2015,1.66611
cmr,2016,2.89294
cmr,2017,2.10387
cod,1994,0.30572
cod,1995,0.51187
cod,1996,0.89682
cod,1997,0.22023
cod,1998,0.33203
cod,1999,0.58616
cod,2000,0.15907
cod,2001,0.28633
cod,2002,11.01903
cod,2003,1.70166
cod,2004,1.33684
cod,2005,1.90218
cod,2006,2.07251
cod,2007,3.11239
cod,2008,3.21192
cod,2009,3.4997
cod,2010,1.33153
cod,2011,1.04308
cod,2012,1.00705
cod,2013,1.34247
cod,2014,1.24958
cod,2015,1.1075
cod,2016,1.33891
cod,2017,1.08045
cog,1970,3.29126
cog,1971,2.74336
cog,1972,1.9028
cog,1973,2.31616
cog,1974,3.23528
cog,1975,3.95898
cog,1976,3.25431
cog,1977,5.16605
cog,1978,2.47932
cog,1979,6.8652
cog,1980,7.04949
cog,1981,12.8102
cog,1982,11.91622
cog,1983,17.27897
cog,1984,17.47368
cog,1985,20.88238
cog,1986,19.26723
cog,1987,19.36164
cog,1988,22.781
cog,1989,17.32975
cog,1990,22.35421
cog,1991,14.12685
cog,1992,7.24067
cog,1993,10.24082
cog,1994,36.73843
cog,1995,15.18863
cog,1996,25.03504
cog,1997,8.17315
cog,1998,3.09073
cog,1999,1.62422
cog,2000,1.97954
cog,2001,4.77697
cog,2002,1.37265
cog,2003,2.5189
cog,2004,6.71263
cog,2005,2.78671
cog,2006,1.71713
cog,2007,1.87669
cog,2008,1.90891
cog,2009,2.55906
cog,2010,1.56598
cog,2011,1.27442
cog,2012,1.60081
cog,2013,2.7403
cog,2014,2.59194
cog,2015,2.67762
cog,2016,1.78105
cog,2017,2.90111
col,1970,4.13261
col,1971,3.63276
col,1972,3.97296
col,1973,3.62772
col,1974,3.52184
col,1975,2.58011
col,1976,2.60447
col,1977,2.06675
col,1978,2.16413
col,1979,2.60561
col,1980,2.93331
col,1981,3.18889
col,1982,3.98715
col,1983,4.3253
col,1984,4.49081
col,1985,5.98352
col,1986,6.78946
col,1987,8.19407
col,1988,8.90265
col,1989,10.56602
col,1990,8.54391
col,1991,8.02354
col,1992,7.14395
col,1993,5.77184
col,1994,6.94898
col,1995,4.80774
col,1996,5.70824
col,1997,4.35251
col,1998,4.69962
col,1999,7.82863
col,2000,5.26741
col,2001,6.61824
col,2002,7.18877
col,2003,9.43767
col,2004,6.82206
col,2005,7.33871
col,2006,6.66778
col,2007,4.34439
col,2008,3.43383
col,2009,3.94043
col,2010,3.55882
col,2011,3.2155
col,2012,4.31436
col,2013,2.7289
col,2014,4.05487
col,2015,4.92084
col,2016,5.62484
col,2017,7.26946
com,1980,0.18975
com,1981,0.40511
com,1982,0.47605
com,1983,0.78821
com,1984,1.51631
com,1985,1.11575
com,1986,0.78233
com,1987,0.48423
com,1988,0.29189
com,1989,0.44609
com,1990,0.25863
com,1991,1.92112
com,1992,1.23158
com,1993,0.47743
com,1994,0.87368
com,1995,0.2415
com,1996,0.36031
com,1997,0.74867
com,1998,0.64591
com,1999,0.94441
com,2000,0.92869
com,2001,0.75052
com,2002,1.11535
com,2003,0.56121
com,2004,0.52459
com,2005,0.61851
com,2006,0.53943
com,2007,3.28741
com,2008,1.35878
com,2009,1.31777
com,2010,0.47435
com,2011,0.38601
com,2012,1.2142
com,2013,0.05297
com,2014,0.06805
com,2015,0.75338
com,2016,0.49904
com,2017,0.2309
cpv,1980,0
cpv,1981,0.2191
cpv,1982,1.06973
cpv,1983,2.24491
cpv,1984,4.11019
cpv,1985,3.84613
cpv,1986,2.61066
cpv,1987,3.5207
cpv,1988,3.1089
cpv,1989,2.43359
cpv,1990,1.85699
cpv,1991,2.47815
cpv,1992,2.96535
cpv,1993,1.35655
cpv,1994,2.30751
cpv,1995,2.0136
cpv,1996,1.61267
cpv,1997,3.01404
cpv,1998,3.80613
cpv,1999,3.48844
cpv,2000,3.07746
cpv,2001,2.46108
cpv,2002,3.77884
cpv,2003,2.38223
cpv,2004,2.65405
cpv,2005,3.80679
cpv,2006,2.97122
cpv,2007,1.98915
cpv,2008,1.79976
cpv,2009,2.01378
cpv,2010,2.24803
cpv,2011,2.19831
cpv,2012,2.14786
cpv,2013,2.21858
cpv,2014,2.48134
cpv,2015,2.75248
cpv,2016,2.761
cpv,2017,2.97406
cri,1970,6.40738
cri,1971,5.8396
cri,1972,5.97925
cri,1973,5.7203
cri,1974,7.00998
cri,1975,7.82942
cri,1976,7.61312
cri,1977,7.37473
cri,1978,12.37808
cri,1979,10.31838
cri,1980,8.02656
cri,1981,14.72405
cri,1982,11.8918
cri,1983,25.64808
cri,1984,13.09555
cri,1985,15.10209
cri,1986,12.67947
cri,1987,8.20509
cri,1988,9.83569
cri,1989,7.34346
cri,1990,9.40738
cri,1991,6.13072
cri,1992,6.6514
cri,1993,6.01133
cri,1994,5.01326
cri,1995,5.8107
cri,1996,5.27014
cri,1997,4.63394
cri,1998,4.15686
cri,1999,4.11017
cri,2000,4.56897
cri,2001,4.59125
cri,2002,4.28074
cri,2003,5.03861
cri,2004,5.114
cri,2005,4.36197
cri,2006,3.57589
cri,2007,3.45724
cri,2008,5.23639
cri,2009,4.24319
cri,2010,2.76601
cri,2011,3.97842
cri,2012,5.08542
cri,2013,6.8637
cri,2014,7.15335
cri,2015,5.28488
cri,2016,5.17499
cri,2017,5.44687
dji,2013,3.15042
dji,2014,2.6573
dji,2015,2.71162
dji,2016,3.35774
dji,2017,3.67317
dma,1977,0
dma,1978,0
dma,1979,0
dma,1980,0
dma,1981,0.73558
dma,1982,1.02285
dma,1983,2.13617
dma,1984,3.8308
dma,1985,3.78384
dma,1986,3.91528
dma,1987,5.56708
dma,1988,4.22595
dma,1989,4.01258
dma,1990,3.15581
dma,1991,2.90426
dma,1992,2.67567
dma,1993,3.13757
dma,1994,3.07154
dma,1995,2.68938
dma,1996,2.56935
dma,1997,3.85689
dma,1998,3.55626
dma,1999,3.63472
dma,2000,3.74113
dma,2001,5.62847
dma,2002,4.22739
dma,2003,5.03143
dma,2004,5.41633
dma,2005,5.20851
dma,2006,5.38668
dma,2007,5.1696
dma,2008,4.60573
dma,2009,4.60735
dma,2010,3.42259
dma,2011,3.6184
dma,2012,4.36512
dma,2013,4.08581
dma,2014,4.0615
dma,2015,4.48432
dma,2016,4.79202
dma,2017,5.89591
dom,1970,3.14056
dom,1971,3.11494
dom,1972,2.86773
dom,1973,3.51377
dom,1974,2.45076
dom,1975,3.12332
dom,1976,2.85341
dom,1977,3.20705
dom,1978,3.59675
dom,1979,5.89492
dom,1980,5.97437
dom,1981,5.74972
dom,1982,5.19757
dom,1983,4.5377
dom,1984,2.71441
dom,1985,6.53548
dom,1986,6.48378
dom,1987,5.65818
dom,1988,6.83621
dom,1989,5.17375
dom,1990,3.53435
dom,1991,2.91349
dom,1992,3.2452
dom,1993,2.67817
dom,1994,3.65696
dom,1995,2.62935
dom,1996,2.59946
dom,1997,2.41033
dom,1998,1.84225
dom,1999,1.82985
dom,2000,2.27501
dom,2001,2.57071
dom,2002,2.59272
dom,2003,4.40705
dom,2004,3.80867
dom,2005,2.14049
dom,2006,3.88919
dom,2007,3.71976
dom,2008,3.24023
dom,2009,3.01404
dom,2010,2.73522
dom,2011,2.88227
dom,2012,4.45187
dom,2013,4.75909
dom,2014,5.13318
dom,2015,7.93719
dom,2016,5.00126
dom,2017,4.17682
dza,1970,0.94288
dza,1971,1.37241
dza,1972,2.81995
dza,1973,3.49122
dza,1974,5.41433
dza,1975,3.0497
dza,1976,4.52084
dza,1977,5.68784
dza,1978,6.55413
dza,1979,9.49522
dza,1980,9.92546
dza,1981,10.01689
dza,1982,10.39642
dza,1983,9.9274
dza,1984,9.79885
dza,1985,8.87458
dza,1986,8.29663
dza,1987,8.36589
dza,1988,11.47637
dza,1989,13.0391
dza,1990,14.69171
dza,1991,21.0866
dza,1992,20.35739
dza,1993,18.87221
dza,1994,12.53836
dza,1995,10.74052
dza,1996,9.49479
dza,1997,9.61324
dza,1998,11.10937
dza,1999,11.22453
dza,2000,8.59116
dza,2001,8.23623
dza,2002,7.63916
dza,2003,6.58716
dza,2004,7.02079
dza,2005,6.10238
dza,2006,11.94906
dza,2007,1.02896
dza,2008,0.73725
dza,2009,0.77659
dza,2010,0.42046
dza,2011,0.32307
dza,2012,0.4215
dza,2013,0.26259
dza,2014,0.14313
dza,2015,0.42784
dza,2016,0.22489
dza,2017,0.14127
ecu,1970,1.66981
ecu,1971,2.10403
ecu,1972,1.95802
ecu,1973,2.4958
ecu,1974,1.92201
ecu,1975,1.31903
ecu,1976,1.77434
ecu,1977,1.88398
ecu,1978,2.95448
ecu,1979,8.19108
ecu,1980,5.88554
ecu,1981,6.67422
ecu,1982,11.36993
ecu,1983,4.93626
ecu,1984,7.13618
ecu,1985,6.87746
ecu,1986,8.13073
ecu,1987,6.55859
ecu,1988,9.02596
ecu,1989,8.2735
ecu,1990,7.78139
ecu,1991,7.01121
ecu,1992,5.73614
ecu,1993,5.08263
ecu,1994,4.58251
ecu,1995,6.9316
ecu,1996,6.24182
ecu,1997,7.69854
ecu,1998,7.28426
ecu,1999,13.19957
ecu,2000,12.80239
ecu,2001,9.58416
ecu,2002,9.68691
ecu,2003,8.08263
ecu,2004,11.48667
ecu,2005,10.92139
ecu,2006,9.89888
ecu,2007,7.99282
ecu,2008,4.09871
ecu,2009,12.97169
ecu,2010,2.60805
ecu,2011,3.0597
ecu,2012,3.02809
ecu,2013,3.33244
ecu,2014,3.98964
ecu,2015,5.1384
ecu,2016,5.41329
ecu,2017,6.34303
egy,1970,3.38779
egy,1971,2.6323
egy,1972,3.94368
egy,1973,4.42976
egy,1974,3.3108
egy,1975,2.68207
egy,1976,2.05621
egy,1977,3.56481
egy,1978,4.12063
egy,1979,3.05882
egy,1980,5.7577
egy,1981,7.57848
egy,1982,6.62594
egy,1983,7.14781
egy,1984,7.5888
egy,1985,7.8693
egy,1986,7.22052
egy,1987,4.16009
egy,1988,7.15606
egy,1989,7.4653
egy,1990,7.33999
egy,1991,6.94175
egy,1992,6.37031
egy,1993,4.70663
egy,1994,4.27101
egy,1995,3.93621
egy,1996,3.42066
egy,1997,2.67592
egy,1998,2.21352
egy,1999,2.33644
egy,2000,1.83595
egy,2001,2.02515
egy,2002,2.34987
egy,2003,3.22001
egy,2004,2.74034
egy,2005,2.55704
egy,2006,2.30271
egy,2007,2.19774
egy,2008,2.00556
egy,2009,1.56899
egy,2010,1.413
egy,2011,1.61091
egy,2012,1.16933
egy,2013,1.20951
egy,2014,1.99825
egy,2015,1.1557
egy,2016,1.9919
egy,2017,2.85428
eri,1992,0
eri,1993,0
eri,1994,0
eri,1995,0.02562
eri,1996,0
eri,1997,0.07385
eri,1998,0.4736
eri,1999,0.58481
eri,2000,0.64801
eri,2001,0.91988
eri,2002,1.3645
eri,2003,1.37306
eri,2004,1.86806
eri,2005,2.02547
eri,2006,1.16768
eri,2007,0.55833
eri,2008,1.17615
eri,2009,1.18106
eri,2010,1.08692
eri,2011,0.85715
eth,1981,0.79099
eth,1982,0.98438
eth,1983,1.25644
eth,1984,1.61007
eth,1985,1.68074
eth,1986,2.28802
eth,1987,2.3754
eth,1988,2.85302
eth,1989,2.66835
eth,1990,1.95041
eth,1991,1.02999
eth,1992,1.05036
eth,1993,1.08765
eth,1994,1.63915
eth,1995,2.03351
eth,1996,4.09268
eth,1997,1.17726
eth,1998,1.53519
eth,1999,2.04503
eth,2000,1.69337
eth,2001,2.23743
eth,2002,1.10018
eth,2003,1.08372
eth,2004,0.95875
eth,2005,0.7142
eth,2006,0.87679
eth,2007,0.64349
eth,2008,0.382
eth,2009,0.29573
eth,2010,0.59093
eth,2011,1.07878
eth,2012,0.97985
eth,2013,1.37883
eth,2014,1.36891
eth,2015,1.61638
eth,2016,1.68991
eth,2017,1.73371
fji,1970,1.29404
fji,1971,0.62782
fji,1972,0.78456
fji,1973,0.82097
fji,1974,1.23514
fji,1975,1.74997
fji,1976,1.24298
fji,1977,1.56217
fji,1978,2.50492
fji,1979,1.8447
fji,1980,3.02545
fji,1981,2.50084
fji,1982,3.21
fji,1983,3.73608
fji,1984,4.68271
fji,1985,5.62767
fji,1986,5.19681
fji,1987,5.77168
fji,1988,6.14929
fji,1989,5.79819
fji,1990,6.27654
fji,1991,5.93416
fji,1992,4.09982
fji,1993,3.46728
fji,1994,3.91887
fji,1995,2.24912
fji,1996,1.4124
fji,1997,1.04235
fji,1998,1.36057
fji,1999,1.55022
fji,2000,1.54235
fji,2001,1.1166
fji,2002,1.02039
fji,2003,0.77591
fji,2004,0.47182
fji,2005,0.49529
fji,2006,0.48895
fji,2007,0.87057
fji,2008,0.73939
fji,2009,0.97549
fji,2010,0.83917
fji,2011,5.30296
fji,2012,1.07584
fji,2013,1.12958
fji,2014,1.21461
fji,2015,7.56821
fji,2016,1.63332
fji,2017,1.20714
gab,1970,3.87062
gab,1971,5.15131
gab,1972,5.57214
gab,1973,9.41336
gab,1974,2.87515
gab,1975,3.21318
gab,1976,3.10991
gab,1977,4.79776
gab,1978,12.64833
gab,1979,12.23391
gab,1980,11.2032
gab,1981,9.67513
gab,1982,9.26558
gab,1983,7.84085
gab,1984,8.43303
gab,1985,7.95166
gab,1986,6.41181
gab,1987,3.19907
gab,1988,3.75146
gab,1989,3.69151
gab,1990,3.29572
gab,1991,6.37546
gab,1992,8.8989
gab,1993,4.18681
gab,1994,7.23896
gab,1995,10.62475
gab,1996,7.7788
gab,1997,9.38543
gab,1998,7.73541
gab,1999,13.14085
gab,2000,8.21578
gab,2001,10.38761
gab,2002,8.41472
gab,2003,6.47095
gab,2004,3.61027
gab,2005,2.2515
gab,2006,1.91465
gab,2007,8.11784
gab,2008,19.72589
gab,2009,3.77216
gab,2010,3.40353
gab,2011,2.46636
gab,2012,2.52776
gab,2013,7.11015
gab,2014,2.37916
gab,2015,2.99827
gab,2016,2.69319
gab,2017,4.316
geo,1990,0
geo,1991,0
geo,1992,0
geo,1993,0.48553
geo,1994,0.24027
geo,1995,0.77849
geo,1996,0.42713
geo,1997,1.27574
geo,1998,5.58827
geo,1999,3.9414
geo,2000,3.96752
geo,2001,2.50635
geo,2002,3.88609
geo,2003,4.59145
geo,2004,4.58253
geo,2005,3.00863
geo,2006,3.83625
geo,2007,2.12804
geo,2008,5.62402
geo,2009,7.22751
geo,2010,7.12338
geo,2011,10.61634
geo,2012,9.79928
geo,2013,10.43436
geo,2014,11.57422
geo,2015,15.71806
geo,2016,18.89487
geo,2017,17.90766
gha,1970,2.35559
gha,1971,2.38701
gha,1972,1.56152
gha,1973,1.32193
gha,1974,1.14283
gha,1975,2.08304
gha,1976,1.8919
gha,1977,1.19304
gha,1978,2.02362
gha,1979,2.58577
gha,1980,3.59327
gha,1981,2.81612
gha,1982,2.75854
gha,1983,3.61178
gha,1984,3.04434
gha,1985,3.60219
gha,1986,4.06935
gha,1987,8.40661
gha,1988,10.7696
gha,1989,8.84085
gha,1990,6.37104
gha,1991,4.65542
gha,1992,5.05806
gha,1993,5.26474
gha,1994,6.91672
gha,1995,6.40974
gha,1996,7.10535
gha,1997,8.27282
gha,1998,7.94517
gha,1999,6.96398
gha,2000,9.66904
gha,2001,5.99765
gha,2002,3.67901
gha,2003,6.72512
gha,2004,3.193
gha,2005,3.212
gha,2006,1.42492
gha,2007,0.95402
gha,2008,1.03765
gha,2009,1.12215
gha,2010,1.21005
gha,2011,0.91908
gha,2012,1.34657
gha,2013,1.58887
gha,2014,1.62263
gha,2015,2.20592
gha,2016,3.507
gha,2017,3.82953
gin,1986,4.0505
gin,1987,8.56587
gin,1988,5.65717
gin,1989,5.04952
gin,1990,6.71819
gin,1991,4.77509
gin,1992,2.74524
gin,1993,2.60164
gin,1994,2.93127
gin,1995,4.89132
gin,1996,3.05446
gin,1997,4.28638
gin,1998,4.63598
gin,1999,3.98594
gin,2000,5.37048
gin,2001,3.86789
gin,2002,3.46856
gin,2003,3.25081
gin,2004,5.02155
gin,2005,6.56694
gin,2006,4.39019
gin,2007,2.92045
gin,2008,2.4264
gin,2009,2.26715
gin,2010,1.52612
gin,2011,3.09338
gin,2012,2.35537
gin,2013,1.05519
gin,2014,0.90239
gin,2015,1.16753
gin,2016,0.74213
gin,2017,0.61072
gmb,1970,0.24265
gmb,1971,0.35392
gmb,1972,0.77752
gmb,1973,0.57469
gmb,1974,0.5422
gmb,1975,1.59383
gmb,1976,0.32237
gmb,1977,0.45859
gmb,1978,1.52914
gmb,1979,2.47136
gmb,1980,1.7438
gmb,1981,3.18228
gmb,1982,8.06429
gmb,1983,6.97548
gmb,1984,7.21055
gmb,1985,3.57124
gmb,1986,14.52201
gmb,1987,10.17461
gmb,1988,8.4332
gmb,1989,8.89611
gmb,1990,12.94024
gmb,1991,4.60889
gmb,1992,4.26285
gmb,1993,3.80056
gmb,1994,4.2714
gmb,1995,3.64026
gmb,1996,3.36195
gmb,1997,3.41746
gmb,1998,3.15879
gmb,1999,2.71995
gmb,2000,2.9023
gmb,2001,2.21089
gmb,2002,2.75787
gmb,2003,4.41657
gmb,2004,6.77153
gmb,2005,4.76767
gmb,2006,4.81598
gmb,2007,4.38983
gmb,2008,1.82017
gmb,2009,2.23631
gmb,2010,2.61459
gmb,2011,3.10793
gmb,2012,2.99016
gmb,2013,2.18468
gmb,2014,3.87046
gmb,2015,2.81723
gmb,2016,2.71167
gmb,2017,3.03357
gnb,1970,0
gnb,1971,0
gnb,1972,0
gnb,1973,0
gnb,1974,0
gnb,1975,0
gnb,1976,0.01905
gnb,1977,1.13297
gnb,1978,0.8391
gnb,1979,2.10987
gnb,1980,4.41541
gnb,1981,3.13576
gnb,1982,3.4779
gnb,1983,3.12111
gnb,1984,5.20776
gnb,1985,5.89598
gnb,1986,5.78505
gnb,1987,6.49314
gnb,1988,6.28412
gnb,1989,5.57281
gnb,1990,3.6112
gnb,1991,9.57446
gnb,1992,3.12315
gnb,1993,1.7113
gnb,1994,3.46765
gnb,1995,6.57182
gnb,1996,4.41337
gnb,1997,3.43466
gnb,1998,3.67023
gnb,1999,4.05377
gnb,2000,1.46266
gnb,2001,1.28113
gnb,2002,0.90891
gnb,2003,1.69846
gnb,2004,1.90499
gnb,2005,1.10723
gnb,2006,1.67671
gnb,2007,1.52437
gnb,2008,1.14483
gnb,2009,1.24795
gnb,2010,2.06691
gnb,2011,0.46263
gnb,2012,0.69446
gnb,2013,0.14922
gnb,2014,0.30461
gnb,2015,0.32752
gnb,2016,0.56561
gnb,2017,0.65887
grd,1977,0.8866
grd,1978,1.28818
grd,1979,1.97503
grd,1980,2.17196
grd,1981,1.35861
grd,1982,2.34605
grd,1983,3.67097
grd,1984,3.63988
grd,1985,3.83052
grd,1986,3.51748
grd,1987,2.83093
grd,1988,3.12624
grd,1989,1.76403
grd,1990,1.55335
grd,1991,1.35569
grd,1992,2.12522
grd,1993,2.97004
grd,1994,3.00799
grd,1995,2.42788
grd,1996,2.3844
grd,1997,1.97024
grd,1998,2.70681
grd,1999,2.61109
grd,2000,2.98762
grd,2001,3.59794
grd,2002,5.76718
grd,2003,5.75679
grd,2004,5.52217
grd,2005,1.59218
grd,2006,2.24602
grd,2007,2.69138
grd,2008,2.72747
grd,2009,3.2306
grd,2010,3.56117
grd,2011,3.37268
grd,2012,1.96609
grd,2013,2.7744
grd,2014,2.52537
grd,2015,3.04493
grd,2016,4.99647
grd,2017,5.47584
gtm,1970,2.13512
gtm,1971,1.74687
gtm,1972,2.64713
gtm,1973,1.61264
gtm,1974,1.52488
gtm,1975,1.12679
gtm,1976,1.15849
gtm,1977,1.10489
gtm,1978,1.45245
gtm,1979,1.74034
gtm,1980,1.94982
gtm,1981,1.67627
gtm,1982,1.81515
gtm,1983,2.20518
gtm,1984,3.06772
gtm,1985,3.6209
gtm,1986,5.72131
gtm,1987,5.33281
gtm,1988,4.95853
gtm,1989,3.78798
gtm,1990,3.26947
gtm,1991,3.49729
gtm,1992,5.19226
gtm,1993,2.95602
gtm,1994,2.54827
gtm,1995,2.52763
gtm,1996,2.51207
gtm,1997,2.11182
gtm,1998,1.90304
gtm,1999,2.12828
gtm,2000,2.0785
gtm,2001,2.27946
gtm,2002,2.0694
gtm,2003,2.13671
gtm,2004,3.94562
gtm,2005,3.90682
gtm,2006,4.30693
gtm,2007,4.55986
gtm,2008,4.21286
gtm,2009,4.80017
gtm,2010,3.98569
gtm,2011,4.46583
gtm,2012,3.2345
gtm,2013,5.54189
gtm,2014,3.43757
gtm,2015,3.38568
gtm,2016,4.59533
gtm,2017,5.6544
guy,1970,2.2872
guy,1971,1.94497
guy,1972,4.24053
guy,1973,4.54447
guy,1974,5.04308
guy,1975,4.95574
guy,1976,8.24162
guy,1977,8.48527
guy,1978,11.07745
guy,1979,20.09128
guy,1980,16.94549
guy,1981,19.28029
guy,1982,13.31997
guy,1983,13.16124
guy,1984,16.71316
guy,1985,19.04147
guy,1986,17.93562
guy,1987,27.55445
guy,1988,20.79164
guy,1989,34.52475
guy,1990,102.22222
guy,1991,47.83301
guy,1992,34.95827
guy,1993,25.48315
guy,1994,21.25055
guy,1995,20.38186
guy,1996,15.96147
guy,1997,19.25457
guy,1998,20.32472
guy,1999,13.54701
guy,2000,10.46593
guy,2001,6.92199
guy,2002,9.63522
guy,2003,8.29106
guy,2004,6.379
guy,2005,4.33817
guy,2006,2.14306
guy,2007,1.58515
guy,2008,1.38993
guy,2009,0.97609
guy,2010,1.41481
guy,2011,1.98966
guy,2012,5.27522
guy,2013,1.96936
guy,2014,1.99321
guy,2015,2.28327
guy,2016,2.3322
guy,2017,2.67539
hnd,1970,1.90601
hnd,1971,2.59377
hnd,1972,3.16456
hnd,1973,4.58122
hnd,1974,3.92391
hnd,1975,4.68045
hnd,1976,10.66406
hnd,1977,7.06542
hnd,1978,4.61622
hnd,1979,5.46403
hnd,1980,5.63244
hnd,1981,6.26703
hnd,1982,6.24234
hnd,1983,4.95747
hnd,1984,4.4346
hnd,1985,4.76191
hnd,1986,5.74692
hnd,1987,5.98771
hnd,1988,6.86652
hnd,1989,3.28642
hnd,1990,8.68626
hnd,1991,7.435
hnd,1992,8.52015
hnd,1993,8.21183
hnd,1994,10.912
hnd,1995,11.54937
hnd,1996,12.57551
hnd,1997,10.30535
hnd,1998,9.06398
hnd,1999,7.8596
hnd,2000,5.77257
hnd,2001,4.78557
hnd,2002,5.41402
hnd,2003,5.44146
hnd,2004,3.97699
hnd,2005,4.16805
hnd,2006,3.15785
hnd,2007,2.81121
hnd,2008,2.78881
hnd,2009,2.98079
hnd,2010,3.40213
hnd,2011,6.02195
hnd,2012,5.35112
hnd,2013,5.39532
hnd,2014,3.87062
hnd,2015,6.56783
hnd,2016,5.13827
hnd,2017,8.50672
hti,1980,2.24381
hti,1981,2.43847
hti,1982,2.03057
hti,1983,1.66787
hti,1984,1.99902
hti,1985,2.45501
hti,1986,2.22695
hti,1987,3.24381
hti,1988,2.46104
hti,1989,2.12562
hti,1990,1.25738
hti,1991,0.91211
hti,1992,0.36247
hti,1993,0.41087
hti,1994,0.18002
hti,1995,3.72869
hti,1996,1.0624
hti,1997,1.15978
hti,1998,1.1395
hti,1999,1.26278
hti,2000,1.16934
hti,2001,0.77423
hti,2002,0.85255
hti,2003,1.83601
hti,2004,2.83935
hti,2005,1.35165
hti,2006,1.26839
hti,2007,1.41221
hti,2008,0.88519
hti,2009,0.6821
hti,2010,1.97549
hti,2011,0.06911
hti,2012,0.06724
hti,2013,0.12585
hti,2014,0.27064
hti,2015,0.39432
hti,2016,1.12842
hti,2017,0.27971
idn,1970,1.87014
idn,1971,2.57189
idn,1972,3.04539
idn,1973,3.50645
idn,1974,3.01784
idn,1975,3.64036
idn,1976,3.6989
idn,1977,4.6571
idn,1978,5.72363
idn,1979,6.25227
idn,1980,4.45223
idn,1981,4.23435
idn,1982,4.42225
idn,1983,4.83633
idn,1984,5.9983
idn,1985,7.12266
idn,1986,7.80298
idn,1987,9.68825
idn,1988,10.77627
idn,1989,10.93839
idn,1990,9.85478
idn,1991,10.33453
idn,1992,10.21763
idn,1993,9.26804
idn,1994,8.28635
idn,1995,8.36874
idn,1996,9.73671
idn,1997,9.42465
idn,1998,20.33228
idn,1999,13.66894
idn,2000,10.83618
idn,2001,10.05858
idn,2002,8.92306
idn,2003,8.21522
idn,2004,8.39769
idn,2005,7.45756
idn,2006,8.11363
idn,2007,5.7814
idn,2008,4.40446
idn,2009,4.78158
idn,2010,4.29517
idn,2011,3.57889
idn,2012,4.02547
idn,2013,4.77466
idn,2014,7.17018
idn,2015,6.69425
idn,2016,7.58597
idn,2017,6.9126
ind,1970,2.22286
ind,1971,0.8734
ind,1972,0.91352
ind,1973,0.8276
ind,1974,0.83362
ind,1975,0.88873
ind,1976,1.19293
ind,1977,1.02375
ind,1978,0.96501
ind,1979,0.84997
ind,1980,0.76243
ind,1981,0.81282
ind,1982,1.00038
ind,1983,1.15671
ind,1984,1.37984
ind,1985,1.4916
ind,1986,2.03882
ind,1987,1.91618
ind,1988,1.92597
ind,1989,2.2622
ind,1990,2.46225
ind,1991,2.83829
ind,1992,2.59744
ind,1993,2.91844
ind,1994,3.27872
ind,1995,3.73807
ind,1996,3.04851
ind,1997,2.99348
ind,1998,2.85935
ind,1999,2.21069
ind,2000,2.33339
ind,2001,2.4792
ind,2002,3.06052
ind,2003,4.32916
ind,2004,2.52023
ind,2005,2.97912
ind,2006,1.90601
ind,2007,3.29455
ind,2008,2.62541
ind,2009,1.25579
ind,2010,1.48979
ind,2011,1.62039
ind,2012,1.68383
ind,2013,2.1115
ind,2014,4.60626
ind,2015,2.38996
ind,2016,3.4245
ind,2017,1.98912
irn,1970,0
irn,1971,0
irn,1972,0
irn,1973,0
irn,1974,0
irn,1975,0
irn,1976,0
irn,1977,0
irn,1978,0
irn,1979,0
irn,1980,0.99473
irn,1981,0.71683
irn,1982,0.89703
irn,1983,0.66618
irn,1984,0.4575
irn,1985,0.32388
irn,1986,0.25866
irn,1987,0.31806
irn,1988,0.49893
irn,1989,0.37312
irn,1990,0.52181
irn,1993,2.82036
irn,1994,4.5838
irn,1995,5.87409
irn,1996,5.45074
irn,1997,5.49686
irn,1998,2.46334
irn,1999,3.46377
irn,2000,2.68547
irn,2001,0.94075
irn,2002,1.07415
irn,2003,1.02867
irn,2004,1.11432
irn,2005,1.24707
irn,2006,1.06762
irn,2007,0.82295
irn,2008,0.70191
irn,2009,0.5806
irn,2010,0.37104
irn,2011,0.28341
irn,2012,0.09904
irn,2013,0.0931
irn,2014,0.11719
irn,2015,0.20269
irn,2016,0.49375
irn,2017,0.09428
jam,1970,17.40097
jam,1971,16.4889
jam,1972,13.29214
jam,1973,14.5452
jam,1974,12.99293
jam,1975,11.64827
jam,1976,22.95058
jam,1977,9.10676
jam,1978,27.32398
jam,1979,13.65956
jam,1980,11.50105
jam,1981,13.71286
jam,1982,11.7059
jam,1983,12.00568
jam,1984,21.1814
jam,1985,28.00929
jam,1986,27.30803
jam,1987,25.57927
jam,1988,21.16646
jam,1989,15.91965
jam,1990,15.97689
jam,1991,19.00573
jam,1992,21.18316
jam,1993,10.35118
jam,1994,11.5667
jam,1995,10.86784
jam,1996,9.23088
jam,1997,7.81651
jam,1998,5.81891
jam,1999,7.11318
jam,2000,8.21244
jam,2001,8.53658
jam,2002,9.40796
jam,2003,9.52604
jam,2004,8.97664
jam,2005,9.24546
jam,2006,7.39831
jam,2007,10.82471
jam,2008,8.97876
jam,2009,13.09894
jam,2010,9.37595
jam,2011,11.89678
jam,2012,12.40339
jam,2013,8.80488
jam,2014,11.60341
jam,2015,29.88196
jam,2016,14.25789
jam,2017,9.82534
jor,1970,0.68835
jor,1971,1.0891
jor,1972,1.23689
jor,1973,1.9182
jor,1974,1.35661
jor,1975,1.51052
jor,1976,1.67921
jor,1977,2.92327
jor,1978,3.4446
jor,1979,4.45236
jor,1980,5.30411
jor,1981,6.78398
jor,1982,6.09468
jor,1983,7.32987
jor,1984,8.33281
jor,1985,10.52242
jor,1986,9.49619
jor,1987,11.65169
jor,1988,17.20337
jor,1989,14.73673
jor,1990,15.92756
jor,1991,18.7632
jor,1992,14.49128
jor,1993,11.52899
jor,1994,9.65348
jor,1995,9.30198
jor,1996,14.75104
jor,1997,12.27039
jor,1998,11.21519
jor,1999,6.87434
jor,2000,9.86024
jor,2001,9.47083
jor,2002,7.38011
jor,2003,12.31787
jor,2004,8.18144
jor,2005,6.85726
jor,2006,6.68846
jor,2007,6.38851
jor,2008,12.84207
jor,2009,2.98083
jor,2010,3.0458
jor,2011,3.3023
jor,2012,3.12473
jor,2013,2.82092
jor,2014,3.79385
jor,2015,5.73059
jor,2016,6.42874
jor,2017,4.71401
kaz,1993,0.0412
kaz,1994,0.32285
kaz,1995,1.1599
kaz,1996,1.54843
kaz,1997,2.21059
kaz,1998,4.54205
kaz,1999,8.47101
kaz,2000,19.91034
kaz,2001,16.10871
kaz,2002,17.52369
kaz,2003,18.19536
kaz,2004,21.75272
kaz,2005,25.42335
kaz,2006,20.20778
kaz,2007,29.55258
kaz,2008,29.26434
kaz,2009,25.02956
kaz,2010,30.67658
kaz,2011,19.67706
kaz,2012,12.89925
kaz,2013,14.61886
kaz,2014,15.6781
kaz,2015,20.16334
kaz,2016,16.33556
kaz,2017,19.29196
ken,1970,3.16463
ken,1971,2.98995
ken,1972,2.33073
ken,1973,2.71704
ken,1974,3.39796
ken,1975,4.76976
ken,1976,5.07941
ken,1977,7.51791
ken,1978,4.21623
ken,1979,4.98097
ken,1980,6.15403
ken,1981,7.30451
ken,1982,8.04338
ken,1983,8.89656
ken,1984,9.66483
ken,1985,10.48326
ken,1986,9.67693
ken,1987,8.98974
ken,1988,9.18414
ken,1989,8.81758
ken,1990,9.63703
ken,1991,9.24878
ken,1992,8.53304
ken,1993,11.7209
ken,1994,12.98728
ken,1995,10.36458
ken,1996,7.08705
ken,1997,5.0742
ken,1998,4.74558
ken,1999,5.45948
ken,2000,4.7145
ken,2001,3.78137
ken,2002,4.08143
ken,2003,3.94369
ken,2004,2.24671
ken,2005,2.88669
ken,2006,1.67304
ken,2007,1.4359
ken,2008,1.15216
ken,2009,1.05112
ken,2010,1.00787
ken,2011,1.04268
ken,2012,1.11903
ken,2013,1.03059
ken,2014,2.06822
ken,2015,1.44102
ken,2016,1.62027
ken,2017,2.0417
kgz,1990,0
kgz,1991,0
kgz,1992,0
kgz,1993,0.0698
kgz,1994,0.98685
kgz,1995,3.6829
kgz,1996,4.15156
kgz,1997,4.56751
kgz,1998,7.33596
kgz,1999,9.70895
kgz,2000,13.83302
kgz,2001,12.22773
kgz,2002,8.55228
kgz,2003,8.88328
kgz,2004,8.05264
kgz,2005,6.01174
kgz,2006,3.63929
kgz,2007,5.17472
kgz,2008,6.81172
kgz,2009,5.97075
kgz,2010,12.41128
kgz,2011,7.41079
kgz,2012,5.39794
kgz,2013,5.62168
kgz,2014,5.63061
kgz,2015,6.43273
kgz,2016,6.9174
kgz,2017,10.59817
khm,1970,0
khm,1971,0
khm,1972,0
khm,1973,0
khm,1974,0
khm,1995,0.19478
khm,1996,0.21793
khm,1997,0.23405
khm,1998,0.31669
khm,1999,0.48959
khm,2000,0.35475
khm,2001,0.48073
khm,2002,0.49865
khm,2003,0.56615
khm,2004,0.53638
khm,2005,0.49458
khm,2006,0.42033
khm,2007,0.32926
khm,2008,0.42061
khm,2009,0.49713
khm,2010,0.60916
khm,2011,2.62843
khm,2012,4.10791
khm,2013,4.23799
khm,2014,4.17437
khm,2015,3.94545
khm,2016,4.24449
khm,2017,3.06878
kos,2006,0.08342
kos,2007,0.05903
kos,2008,0.89136
kos,2009,5.4573
kos,2010,1.86282
kos,2011,1.8006
kos,2012,1.90145
kos,2013,2.04036
kos,2014,2.02526
kos,2015,2.45575
kos,2016,3.22313
kos,2017,2.66746
lao,1984,0.38841
lao,1985,0.29131
lao,1986,0.47533
lao,1987,0.96147
lao,1988,1.71904
lao,1989,2.45176
lao,1990,1.0391
lao,1991,0.82741
lao,1992,0.84561
lao,1993,2.13974
lao,1994,1.28257
lao,1995,1.45117
lao,1996,1.53
lao,1997,1.60623
lao,1998,2.47687
lao,1999,2.61373
lao,2000,2.45856
lao,2001,2.59831
lao,2002,5.59922
lao,2003,5.38667
lao,2004,5.5163
lao,2005,5.07604
lao,2006,5.73111
lao,2007,4.91041
lao,2008,4.20688
lao,2009,4.05355
lao,2010,4.52021
lao,2011,3.85957
lao,2012,2.78547
lao,2013,3.04711
lao,2014,3.09675
lao,2015,3.06011
lao,2016,3.67993
lao,2017,4.88566
lbn,1989,2.69424
lbn,1990,2.87238
lbn,1991,2.35993
lbn,1992,2.27044
lbn,1993,1.67037
lbn,1994,1.86407
lbn,1995,1.84567
lbn,1996,2.1452
lbn,1997,4.6056
lbn,1998,3.09608
lbn,1999,4.44648
lbn,2000,8.48111
lbn,2001,8.48285
lbn,2002,12.1594
lbn,2003,19.9223
lbn,2004,21.9307
lbn,2005,17.0682
lbn,2006,20.3652
lbn,2007,18.52699
lbn,2008,14.92556
lbn,2009,29.00131
lbn,2010,27.03616
lbn,2011,29.88479
lbn,2012,25.72082
lbn,2013,23.97607
lbn,2014,25.35493
lbn,2015,25.66583
lbn,2016,26.81024
lbn,2017,28.67321
lbr,2000,0.24033
lbr,2001,0.191
lbr,2002,0.19341
lbr,2003,0.11161
lbr,2004,0.19012
lbr,2005,0.23235
lbr,2006,0.2167
lbr,2007,52.76629
lbr,2008,59.6714
lbr,2009,1.69041
lbr,2010,0.33777
lbr,2011,0.1411
lbr,2012,0.18736
lbr,2013,0.2324
lbr,2014,0.62174
lbr,2015,1.5683
lbr,2016,0.40562
lbr,2017,0.52845
lca,1977,0
lca,1978,0
lca,1979,0
lca,1980,0
lca,1981,0.70824
lca,1982,0.6767
lca,1983,0.6796
lca,1984,0.57663
lca,1985,0.61503
lca,1986,0.66685
lca,1987,0.83093
lca,1988,0.98993
lca,1989,1.31417
lca,1990,1.38619
lca,1991,2.12053
lca,1992,2.15712
lca,1993,2.071
lca,1994,1.91397
lca,1995,1.97391
lca,1996,2.03619
lca,1997,2.11123
lca,1998,2.3487
lca,1999,2.48941
lca,2000,4.0717
lca,2001,3.61478
lca,2002,2.85525
lca,2003,3.89295
lca,2004,2.87676
lca,2005,3.61513
lca,2006,3.13239
lca,2007,3.86527
lca,2008,4.78412
lca,2009,3.48121
lca,2010,3.23739
lca,2011,3.1127
lca,2012,3.10678
lca,2013,2.42893
lca,2014,2.55636
lca,2015,4.64219
lca,2016,3.12663
lca,2017,2.892
lka,1970,3.19979
lka,1971,3.03364
lka,1972,3.26536
lka,1973,3.02989
lka,1974,3.01921
lka,1975,5.02449
lka,1976,5.22715
lka,1977,4.76307
lka,1978,5.86562
lka,1979,4.77777
lka,1980,4.41988
lka,1981,4.8408
lka,1982,5.09433
lka,1983,5.17647
lka,1984,4.67766
lka,1985,5.39003
lka,1986,6.26276
lka,1987,7.48184
lka,1988,7.01233
lka,1989,6.09845
lka,1990,4.82496
lka,1991,4.71926
lka,1992,4.67963
lka,1993,3.95192
lka,1994,3.56951
lka,1995,3.51539
lka,1996,3.40811
lka,1997,3.56305
lka,1998,3.76931
lka,1999,4.94662
lka,2000,4.94061
lka,2001,4.80952
lka,2002,4.36068
lka,2003,3.26507
lka,2004,3.80369
lka,2005,1.83043
lka,2006,3.42592
lka,2007,2.7253
lka,2008,3.13217
lka,2009,3.42232
lka,2010,2.51004
lka,2011,2.03429
lka,2012,3.0178
lka,2013,2.82242
lka,2014,8.20095
lka,2015,4.34217
lka,2016,3.96354
lka,2017,4.80577
low_income,1970,0.98062
low_income,1971,0.97399
low_income,1972,0.93789
low_income,1973,1.10663
low_income,1974,0.90459
low_income,1975,0.7304
low_income,1976,0.59489
low_income,1977,1.08053
low_income,1978,1.06614
low_income,1979,1.1179
low_income,1980,1.75522
low_income,1981,1.7422
low_income,1982,1.89639
low_income,1983,2.19807
low_income,1984,2.40452
low_income,1985,2.81187
low_income,1986,3.47214
low_income,1987,3.66795
low_income,1988,3.61367
low_income,1989,3.43948
low_income,1990,2.9335
low_income,1991,2.63334
low_income,1992,2.52116
low_income,1993,2.5643
low_income,1994,3.08512
low_income,1995,3.43761
low_income,1996,3.11809
low_income,1997,3.10077
low_income,1998,3.30894
low_income,1999,3.01054
low_income,2000,2.28344
low_income,2001,2.05632
low_income,2002,2.01603
low_income,2003,1.33645
low_income,2004,1.51767
low_income,2005,1.33259
low_income,2006,1.17534
low_income,2007,1.24734
low_income,2008,1.45613
low_income,2009,1.09685
low_income,2010,1.12314
low_income,2011,1.2537
low_income,2012,1.02835
low_income,2013,1.05897
low_income,2014,1.23459
low_income,2015,1.207
low_income,2016,1.72848
low_income,2017,1.42615
lower_middle_income,1970,2.38863
lower_middle_income,1971,1.81165
lower_middle_income,1972,2.0232
lower_middle_income,1973,2.24726
lower_middle_income,1974,1.72403
lower_middle_income,1975,1.92865
lower_middle_income,1976,2.26868
lower_middle_income,1977,2.42759
lower_middle_income,1978,2.85936
lower_middle_income,1979,2.90383
lower_middle_income,1980,3.2683
lower_middle_income,1981,3.06724
lower_middle_income,1982,3.43267
lower_middle_income,1983,3.81917
lower_middle_income,1984,4.42466
lower_middle_income,1985,4.62223
lower_middle_income,1986,4.76015
lower_middle_income,1987,4.07636
lower_middle_income,1988,4.40054
lower_middle_income,1989,4.512
lower_middle_income,1990,4.57407
lower_middle_income,1991,4.92205
lower_middle_income,1992,5.01327
lower_middle_income,1993,5.16058
lower_middle_income,1994,5.26974
lower_middle_income,1995,5.49173
lower_middle_income,1996,5.22089
lower_middle_income,1997,4.87249
lower_middle_income,1998,5.14779
lower_middle_income,1999,4.81479
lower_middle_income,2000,4.77494
lower_middle_income,2001,4.73082
lower_middle_income,2002,4.81971
lower_middle_income,2003,5.11483
lower_middle_income,2004,4.25021
lower_middle_income,2005,4.21458
lower_middle_income,2006,3.89041
lower_middle_income,2007,3.56698
lower_middle_income,2008,3.09718
lower_middle_income,2009,2.85138
lower_middle_income,2010,2.82378
lower_middle_income,2011,2.61726
lower_middle_income,2012,2.70957
lower_middle_income,2013,3.12023
lower_middle_income,2014,4.18675
lower_middle_income,2015,3.39249
lower_middle_income,2016,3.84118
lower_middle_income,2017,3.4223
lso,1970,0.57381
lso,1971,0.39238
lso,1972,0.39191
lso,1973,0.3816
lso,1974,0.21428
lso,1975,0.43367
lso,1976,0.18999
lso,1977,0.12776
lso,1978,0.24636
lso,1979,0.48094
lso,1980,0.78471
lso,1981,0.77964
lso,1982,1.43196
lso,1983,2.78819
lso,1984,2.15051
lso,1985,3.79944
lso,1986,2.51104
lso,1987,2.09078
lso,1988,3.00907
lso,1989,2.74136
lso,1990,2.43273
lso,1991,2.4416
lso,1992,2.79453
lso,1993,2.80547
lso,1994,2.46483
lso,1995,3.0518
lso,1996,3.01127
lso,1997,3.60916
lso,1998,4.33699
lso,1999,4.59934
lso,2000,5.46102
lso,2001,5.75608
lso,2002,6.06632
lso,2003,4.05481
lso,2004,2.58192
lso,2005,3.64682
lso,2006,2.04721
lso,2007,4.13996
lso,2008,1.57315
lso,2009,1.64518
lso,2010,1.1635
lso,2011,1.23507
lso,2012,1.28745
lso,2013,1.45037
lso,2014,1.47029
lso,2015,1.88896
lso,2016,2.18592
lso,2017,1.93003
mar,1970,2.02598
mar,1971,3.15652
mar,1972,2.96555
mar,1973,2.36583
mar,1974,2.07681
mar,1975,1.92227
mar,1976,2.43952
mar,1977,3.26632
mar,1978,5.13446
mar,1979,6.21958
mar,1980,6.79423
mar,1981,9.14643
mar,1982,10.08191
mar,1983,9.8771
mar,1984,7.53358
mar,1985,9.96109
mar,1986,9.60497
mar,1987,8.39493
mar,1988,7.05852
mar,1989,8.03636
mar,1990,6.12595
mar,1991,7.65229
mar,1992,11.88461
mar,1993,10.85851
mar,1994,10.51806
mar,1995,9.94932
mar,1996,8.03531
mar,1997,8.22987
mar,1998,7.06355
mar,1999,7.73551
mar,2000,7.12006
mar,2001,6.89056
mar,2002,8.93885
mar,2003,8.36768
mar,2004,5.08218
mar,2005,4.40581
mar,2006,4.98986
mar,2007,5.10836
mar,2008,4.55553
mar,2009,3.71969
mar,2010,3.5913
mar,2011,3.23164
mar,2012,3.7378
mar,2013,4.81001
mar,2014,4.44307
mar,2015,3.62064
mar,2016,3.7373
mar,2017,3.62309
mda,1995,4.10315
mda,1996,4.81343
mda,1997,6.73709
mda,1998,11.67635
mda,1999,18.15636
mda,2000,12.00922
mda,2001,9.69384
mda,2002,13.9418
mda,2003,7.309
mda,2004,10.41572
mda,2005,7.62117
mda,2006,8.96743
mda,2007,7.21277
mda,2008,7.61322
mda,2009,6.77436
mda,2010,6.26394
mda,2011,6.14464
mda,2012,6.96661
mda,2013,7.53056
mda,2014,6.5785
mda,2015,6.03087
mda,2016,5.85408
mda,2017,4.91626
mdg,1970,5.53917
mdg,1971,5.63376
mdg,1972,5.47055
mdg,1973,5.11349
mdg,1974,4.51541
mdg,1975,2.82709
mdg,1976,0.50615
mdg,1977,6.20572
mdg,1978,0.79964
mdg,1979,1.11647
mdg,1980,2.49409
mdg,1981,3.10285
mdg,1982,3.17438
mdg,1983,2.40989
mdg,1984,4.36736
mdg,1985,5.45518
mdg,1986,6.75723
mdg,1987,10.14541
mdg,1988,9.59908
mdg,1989,10.2362
mdg,1990,7.52961
mdg,1991,6.4656
mdg,1992,3.33457
mdg,1993,2.41388
mdg,1994,2.30626
mdg,1995,1.94052
mdg,1996,2.15668
mdg,1997,6.13801
mdg,1998,3.42133
mdg,1999,4.35957
mdg,2000,3.09526
mdg,2001,1.51565
mdg,2002,1.49903
mdg,2003,1.30857
mdg,2004,1.93163
mdg,2005,1.60559
mdg,2006,1.11665
mdg,2007,0.4749
mdg,2008,0.42078
mdg,2009,0.58994
mdg,2010,0.71738
mdg,2011,0.51687
mdg,2012,0.75299
mdg,2013,0.71735
mdg,2014,0.96017
mdg,2015,1.50104
mdg,2016,1.28222
mdg,2017,1.18202
mdv,1985,9.01126
mdv,1986,9.86127
mdv,1987,6.17055
mdv,1988,6.13623
mdv,1989,5.64631
mdv,1990,4.5529
mdv,1991,3.53116
mdv,1992,2.8604
mdv,1993,3.02068
mdv,1994,3.0173
mdv,1995,2.85786
mdv,1996,2.73288
mdv,1997,5.95388
mdv,1998,3.11333
mdv,1999,3.1701
mdv,2000,3.32195
mdv,2001,2.57916
mdv,2002,2.4723
mdv,2003,2.14155
mdv,2004,2.4483
mdv,2005,2.76594
mdv,2006,2.94487
mdv,2007,4.65996
mdv,2008,4.66306
mdv,2009,4.70218
mdv,2010,3.54606
mdv,2011,3.51535
mdv,2012,3.15749
mdv,2013,2.5615
mdv,2014,2.6051
mdv,2015,3.14389
mdv,2016,3.09231
mdv,2017,2.76205
mex,1970,3.76508
mex,1971,3.57264
mex,1972,3.48135
mex,1973,3.46352
mex,1974,3.014
mex,1975,3.04858
mex,1976,3.87199
mex,1977,5.94739
mex,1978,7.47328
mex,1979,8.90056
mex,1980,5.52727
mex,1981,5.66016
mex,1982,9.1145
mex,1983,10.09827
mex,1984,9.74914
mex,1985,8.22407
mex,1986,10.20676
mex,1987,8.60434
mex,1988,8.88716
mex,1989,7.3142
mex,1990,4.4872
mex,1991,4.45507
mex,1992,5.87474
mex,1993,4.9387
mex,1994,3.91359
mex,1995,7.56329
mex,1996,10.20932
mex,1997,8.6165
mex,1998,5.7272
mex,1999,6.05453
mex,2000,8.55122
mex,2001,6.41947
mex,2002,4.96741
mex,2003,4.51691
mex,2004,5.1483
mex,2005,4.24497
mex,2006,5.68798
mex,2007,3.67503
mex,2008,3.2305
mex,2009,3.59273
mex,2010,3.13247
mex,2011,3.6283
mex,2012,6.01398
mex,2013,3.36171
mex,2014,3.84635
mex,2015,4.74297
mex,2016,7.5304
mex,2017,5.58469
middle_east_north_africa,1970,1.48039
middle_east_north_africa,1971,1.41681
middle_east_north_africa,1972,1.84723
middle_east_north_africa,1973,1.70852
mli,1970,1.31587
mli,1971,1.12387
mli,1972,0.52676
mli,1973,1.16358
mli,1974,0.76293
mli,1975,0.576
mli,1976,0.74058
mli,1977,0.88343
mli,1978,0.68645
mli,1979,0.83059
mli,1980,0.94046
mli,1981,1.38329
mli,1982,1.4939
mli,1983,1.59978
mli,1984,2.54766
mli,1985,3.88613
mli,1986,3.37488
mli,1987,3.35596
mli,1988,3.64916
mli,1989,3.18946
mli,1990,2.54421
mli,1991,1.66535
mli,1992,2.07141
mli,1993,2.79105
mli,1994,4.28437
mli,1995,3.26283
mli,1996,4.26408
mli,1997,3.20929
mli,1998,2.85822
mli,1999,3.13859
mli,2000,3.20579
mli,2001,2.43428
mli,2002,2.26214
mli,2003,1.69492
mli,2004,1.88219
mli,2005,1.65618
mli,2006,1.2874
mli,2007,0.81061
mli,2008,0.72547
mli,2009,0.68878
mli,2010,0.60005
mli,2011,0.54626
mli,2012,0.50476
mli,2013,0.79504
mli,2014,0.71169
mli,2015,0.82937
mli,2016,0.8812
mli,2017,1.02336
mmr,2000,0.22951
mmr,2001,0.24161
mmr,2002,0.27214
mmr,2003,0.18931
mmr,2004,0.20693
mmr,2005,0.20407
mmr,2006,0.39234
mmr,2007,0.39515
mmr,2008,0.27596
mmr,2009,0.30393
mmr,2010,0.50184
mmr,2011,0.3859
mmr,2012,2.04642
mmr,2013,0.59088
mmr,2014,1.53149
mmr,2015,2.04298
mmr,2016,2.80075
mmr,2017,1.21022
mne,2000,0
mne,2001,0
mne,2002,0
mne,2003,0
mne,2004,0
mne,2005,0
mne,2006,1.52927
mne,2007,4.53202
mne,2008,1.53044
mne,2009,1.64676
mne,2010,2.38393
mne,2011,4.66036
mne,2012,6.46965
mne,2013,8.21702
mne,2014,6.34285
mne,2015,12.06874
mne,2016,11.23465
mne,2017,6.3195
mng,1981,0
mng,1982,0
mng,1983,0
mng,1984,0
mng,1985,0
mng,1986,0
mng,1987,0
mng,1988,0
mng,1989,0
mng,1990,0
mng,1991,0
mng,1992,5.23915
mng,1993,3.45417
mng,1994,4.92484
mng,1995,3.65254
mng,1996,3.96616
mng,1997,5.3878
mng,1998,2.76246
mng,1999,2.27556
mng,2000,3.66092
mng,2001,3.69137
mng,2002,3.85028
mng,2003,18.26628
mng,2004,2.15399
mng,2005,1.82201
mng,2006,1.49873
mng,2007,1.38282
mng,2008,1.46375
mng,2009,2.83126
mng,2010,3.61301
mng,2011,2.61188
mng,2012,10.51222
mng,2013,11.83082
mng,2014,12.08897
mng,2015,16.93128
mng,2016,14.24524
mng,2017,39.36726
moz,1980,0
moz,1981,0
moz,1982,0
moz,1983,0
moz,1984,0.5034
moz,1985,1.36451
moz,1986,1.94028
moz,1987,2.05188
moz,1988,2.97554
moz,1989,3.1125
moz,1990,2.74863
moz,1991,2.50577
moz,1992,3.68815
moz,1993,5.26369
moz,1994,5.15665
moz,1995,6.53412
moz,1996,3.9316
moz,1997,2.53027
moz,1998,1.95348
moz,1999,1.86112
moz,2000,1.50589
moz,2001,1.31087
moz,2002,1.1122
moz,2003,1.12133
moz,2004,0.93905
moz,2005,0.9625
moz,2006,0.61479
moz,2007,0.42011
moz,2008,0.34379
moz,2009,0.38064
moz,2010,0.90043
moz,2011,0.55704
moz,2012,0.5977
moz,2013,1.10288
moz,2014,1.47197
moz,2015,1.92991
moz,2016,2.43249
moz,2017,2.25775
mrt,1970,1.782
mrt,1971,1.77694
mrt,1972,4.43322
mrt,1973,3.96898
mrt,1974,3.4684
mrt,1975,9.4628
mrt,1976,16.61802
mrt,1977,8.23715
mrt,1978,5.05755
mrt,1979,10.9612
mrt,1980,6.96393
mrt,1981,10.9681
mrt,1982,8.08323
mrt,1983,7.43198
mrt,1984,9.69369
mrt,1985,16.1844
mrt,1986,13.5593
mrt,1987,14.39256
mrt,1988,14.99258
mrt,1989,11.21584
mrt,1990,15.16791
mrt,1991,7.07388
mrt,1992,6.20996
mrt,1993,10.85923
mrt,1994,8.50189
mrt,1995,8.7163
mrt,1996,7.93568
mrt,1997,8.00218
mrt,1998,7.85052
mrt,1999,7.37909
mrt,2000,6.38272
mrt,2001,5.86441
mrt,2002,3.91452
mrt,2003,3.39534
mrt,2004,2.97248
mrt,2005,2.91764
mrt,2006,3.10206
mrt,2007,3.68187
mrt,2008,1.58056
mrt,2009,2.10869
mrt,2010,2.65591
mrt,2011,2.49497
mrt,2012,2.94788
mrt,2013,3.0541
mrt,2014,4.31671
mrt,2015,4.65442
mrt,2016,5.03162
mrt,2017,5.46578
mus,1976,1.14787
mus,1977,1.41137
mus,1978,1.67214
mus,1979,2.20042
mus,1980,3.9711
mus,1981,7.20954
mus,1982,8.51441
mus,1983,11.23876
mus,1984,12.84365
mus,1985,13.18149
mus,1986,9.0673
mus,1987,6.90099
mus,1988,9.47321
mus,1989,6.47017
mus,1990,5.7464
mus,1991,5.86073
mus,1992,5.56907
mus,1993,3.82304
mus,1994,4.19332
mus,1995,5.21424
mus,1996,4.08331
mus,1997,4.77569
mus,1998,5.17223
mus,1999,3.82993
mus,2000,9.96207
mus,2001,3.73785
mus,2002,4.89783
mus,2003,13.82054
mus,2004,9.76742
mus,2005,12.74507
mus,2006,19.7668
mus,2007,19.19843
mus,2008,13.04734
mus,2009,21.8089
mus,2010,21.84502
mus,2011,12.46189
mus,2012,28.13169
mus,2013,20.51337
mus,2014,49.70731
mus,2015,36.80864
mus,2016,14.7769
mus,2017,21.83837
mwi,1970,2.26593
mwi,1971,2.19339
mwi,1972,2.35732
mwi,1973,3.05154
mwi,1974,2.65732
mwi,1975,2.82127
mwi,1976,2.81842
mwi,1977,2.93498
mwi,1978,4.65984
mwi,1979,4.64834
mwi,1980,7.68473
mwi,1981,9.91055
mwi,1982,8.49038
mwi,1983,7.01078
mwi,1984,9.20644
mwi,1985,10.20137
mwi,1986,12.9978
mwi,1987,10.27813
mwi,1988,7.9556
mwi,1989,6.21877
mwi,1990,7.21858
mwi,1991,6.0122
mwi,1992,6.13832
mwi,1993,3.85565
mwi,1994,6.99098
mwi,1995,8.74301
mwi,1996,3.94356
mwi,1997,3.24463
mwi,1998,5.06643
mwi,1999,4.25131
mwi,2000,3.72335
mwi,2001,2.73756
mwi,2002,1.06905
mwi,2003,1.32435
mwi,2004,1.76344
mwi,2005,2.1064
mwi,2006,1.77737
mwi,2007,0.76318
mwi,2008,0.60454
mwi,2009,0.62861
mwi,2010,0.30533
mwi,2011,0.28832
mwi,2012,0.48269
mwi,2013,0.82158
mwi,2014,1.14885
mwi,2015,1.12026
mwi,2016,1.4265
mwi,2017,1.15605
ner,1970,0.37
ner,1971,0.31654
ner,1972,0.31819
ner,1973,0.27751
ner,1974,0.30372
ner,1975,0.78146
ner,1976,0.86491
ner,1977,0.70824
ner,1978,2.52265
ner,1979,3.64169
ner,1980,5.70118
ner,1981,8.23598
ner,1982,12.59698
ner,1983,8.16498
ner,1984,6.69174
ner,1985,7.68443
ner,1986,6.82729
ner,1987,7.43429
ner,1988,7.56286
ner,1989,5.56385
ner,1990,4.07291
ner,1991,4.6844
ner,1992,2.29703
ner,1993,5.67052
ner,1994,4.3165
ner,1995,3.04979
ner,1996,2.87913
ner,1997,3.5373
ner,1998,3.02069
ner,1999,1.59831
ner,2000,1.49067
ner,2001,1.49594
ner,2002,1.23183
ner,2003,1.39333
ner,2004,1.31257
ner,2005,1.1925
ner,2006,4.6745
ner,2007,0.74321
ner,2008,0.50736
ner,2009,0.71652
ner,2010,0.41684
ner,2011,0.54652
ner,2012,0.64428
ner,2013,1.49903
ner,2014,2.44055
ner,2015,1.75935
ner,2016,2.38296
ner,2017,2.55662
nga,1970,0.79097
nga,1971,1.1092
nga,1972,0.84115
nga,1973,1.62276
nga,1974,0.80068
nga,1975,0.99429
nga,1976,1.12841
nga,1977,0.3873
nga,1978,0.4092
nga,1979,0.83435
nga,1980,1.88408
nga,1981,1.09917
nga,1982,1.47521
nga,1983,2.66067
nga,1984,5.59489
nga,1985,6.08981
nga,1986,3.84167
nga,1987,2.20044
nga,1988,4.49841
nga,1989,5.05163
nga,1990,6.52134
nga,1991,6.3108
nga,1992,5.38421
nga,1993,5.86871
nga,1994,5.94563
nga,1995,4.38055
nga,1996,4.56267
nga,1997,2.71132
nga,1998,2.57252
nga,1999,1.85166
nga,2000,2.93017
nga,2001,3.6095
nga,2002,1.65405
nga,2003,1.67744
nga,2004,1.35172
nga,2005,5.41087
nga,2006,2.89903
nga,2007,0.38309
nga,2008,0.21314
nga,2009,0.27304
nga,2010,0.36554
nga,2011,0.13551
nga,2012,0.30579
nga,2013,0.10127
nga,2014,0.82728
nga,2015,0.30398
nga,2016,0.6321
nga,2017,0.98083
nic,1970,5.51895
nic,1971,4.55707
nic,1972,5.31812
nic,1973,8.27513
nic,1974,4.39416
nic,1975,4.7167
nic,1976,5.27153
nic,1977,5.44835
nic,1978,5.76581
nic,1979,4.76269
nic,1980,5.90913
nic,1981,10.19472
nic,1982,9.05136
nic,1983,4.33534
nic,1984,3.07862
nic,1985,2.98748
nic,1986,1.56439
nic,1987,1.9222
nic,1988,1.61923
nic,1989,2.37753
nic,1990,2.04692
nic,1991,47.10872
nic,1992,8.72956
nic,1993,10.33412
nic,1994,6.19213
nic,1995,7.69596
nic,1996,5.54045
nic,1997,7.96336
nic,1998,5.76243
nic,1999,4.06705
nic,2000,5.90009
nic,2001,6.68566
nic,2002,3.13221
nic,2003,3.78715
nic,2004,2.35702
nic,2005,2.82057
nic,2006,2.56671
nic,2007,5.54149
nic,2008,5.19563
nic,2009,5.82599
nic,2010,6.71587
nic,2011,7.68488
nic,2012,6.49554
nic,2013,5.91416
nic,2014,6.05319
nic,2015,6.45942
nic,2016,6.46118
nic,2017,8.47966
npl,1970,0.31306
npl,1971,0.04073
npl,1972,0.04288
npl,1973,0.06504
npl,1974,0.07774
npl,1975,0.11666
npl,1976,0.12967
npl,1977,0.33424
npl,1978,0.7974
npl,1979,0.35018
npl,1980,0.39833
npl,1981,0.50556
npl,1982,0.75596
npl,1983,0.79611
npl,1984,0.72907
npl,1985,0.86985
npl,1986,0.9572
npl,1987,1.17733
npl,1988,1.3766
npl,1989,1.757
npl,1990,1.84354
npl,1991,1.60403
npl,1992,1.86308
npl,1993,1.80092
npl,1994,1.9375
npl,1995,1.92596
npl,1996,1.73001
npl,1997,1.8741
npl,1998,1.81697
npl,1999,2.14276
npl,2000,1.86495
npl,2001,1.57198
npl,2002,1.69481
npl,2003,1.82932
npl,2004,1.63725
npl,2005,1.47686
npl,2006,1.5589
npl,2007,1.41409
npl,2008,1.29914
npl,2009,1.35904
npl,2010,1.16649
npl,2011,1.03754
npl,2012,1.17493
npl,2013,1.14035
npl,2014,1.12496
npl,2015,1.04165
npl,2016,1.11466
npl,2017,1.00921
pak,1970,2.52168
pak,1971,1.63058
pak,1972,2.15504
pak,1973,3.72952
pak,1974,2.61784
pak,1975,2.72045
pak,1976,2.84811
pak,1977,2.82201
pak,1978,2.73701
pak,1979,3.07407
pak,1980,3.39335
pak,1981,3.02913
pak,1982,2.67031
pak,1983,4.23015
pak,1984,3.67552
pak,1985,4.24257
pak,1986,4.87717
pak,1987,5.10326
pak,1988,4.62962
pak,1989,4.45835
pak,1990,4.51995
pak,1991,4.22286
pak,1992,4.69453
pak,1993,4.59848
pak,1994,6.59823
pak,1995,5.24987
pak,1996,5.23152
pak,1997,6.62912
pak,1998,3.73667
pak,1999,4.71646
pak,2000,3.93217
pak,2001,4.20614
pak,2002,3.96269
pak,2003,3.57557
pak,2004,4.27827
pak,2005,2.20629
pak,2006,1.66068
pak,2007,1.71914
pak,2008,1.74353
pak,2009,2.00648
pak,2010,2.34035
pak,2011,1.3319
pak,2012,2.07625
pak,2013,2.84539
pak,2014,1.85932
pak,2015,1.42408
pak,2016,1.44385
pak,2017,2.09546
per,1970,7.38624
per,1971,6.83166
per,1972,6.53441
per,1973,7.898
per,1974,6.32658
per,1975,5.28151
per,1976,5.76232
per,1977,8.05366
per,1978,10.15459
per,1979,9.40568
per,1980,12.5118
per,1981,12.0999
per,1982,9.82505
per,1983,8.10874
per,1984,7.26269
per,1985,7.10772
per,1986,5.15537
per,1987,2.54582
per,1988,2.54836
per,1989,1.95363
per,1990,1.92342
per,1991,3.60297
per,1992,2.91624
per,1993,8.23619
per,1994,2.67887
per,1995,2.45202
per,1996,5.49197
per,1997,6.13592
per,1998,4.00019
per,1999,5.18531
per,2000,5.11001
per,2001,4.31103
per,2002,6.43478
per,2003,4.5758
per,2004,4.40646
per,2005,8.51595
per,2006,4.38507
per,2007,9.60986
per,2008,4.68846
per,2009,3.76801
per,2010,4.89061
per,2011,2.52581
per,2012,3.63064
per,2013,3.92103
per,2014,2.87027
per,2015,3.00792
per,2016,3.68584
per,2017,5.7415
phl,1970,4.69606
phl,1971,4.6986
phl,1972,4.70912
phl,1973,5.64906
phl,1974,3.64978
phl,1975,3.094
phl,1976,3.39193
phl,1977,3.40094
phl,1978,6.11966
phl,1979,5.80566
phl,1980,6.81781
phl,1981,8.45832
phl,1982,9.73305
phl,1983,9.35879
phl,1984,9.03091
phl,1985,8.61463
phl,1986,10.37303
phl,1987,10.55885
phl,1988,9.28452
phl,1989,7.89607
phl,1990,8.23972
phl,1991,7.51663
phl,1992,8.03648
phl,1993,8.89776
phl,1994,7.04504
phl,1995,7.01568
phl,1996,6.23574
phl,1997,5.23337
phl,1998,5.7403
phl,1999,6.2483
phl,2000,7.44045
phl,2001,10.39661
phl,2002,10.57565
phl,2003,10.29606
phl,2004,10.6638
phl,2005,7.79668
phl,2006,9.18284
phl,2007,4.74635
phl,2008,5.08361
phl,2009,4.40139
phl,2010,4.76383
phl,2011,3.54236
phl,2012,1.89407
phl,2013,1.77174
phl,2014,2.18529
phl,2015,2.98612
phl,2016,2.97414
phl,2017,2.94663
png,1970,4.81858
png,1971,8.89265
png,1972,12.92469
png,1973,10.20622
png,1974,8.59803
png,1975,7.9162
png,1976,7.27967
png,1977,6.91368
png,1978,7.19213
png,1979,4.69832
png,1980,6.02491
png,1981,7.64805
png,1982,10.3449
png,1983,11.85045
png,1984,16.68928
png,1985,14.56115
png,1986,12.50567
png,1987,11.85033
png,1988,14.17146
png,1989,15.11242
png,1990,17.86183
png,1991,13.77348
png,1992,16.65537
png,1993,18.76326
png,1994,17.60177
png,1995,14.33157
png,1996,10.42361
png,1997,11.52884
png,1998,8.84699
png,1999,6.65344
png,2000,9.23553
png,2001,9.50152
png,2002,9.9638
png,2003,6.11394
png,2004,7.07235
png,2005,6.79831
png,2006,4.34981
png,2007,11.41857
png,2008,8.83176
png,2009,4.93564
png,2010,6.19428
png,2011,7.01411
png,2012,2.41541
png,2013,6.2959
png,2014,5.28671
png,2015,5.58228
png,2016,18.19679
png,2017,14.1429
pry,1995,3.67623
pry,1996,2.72003
pry,1997,3.23798
pry,1998,3.09491
pry,1999,3.23662
pry,2000,4.5988
pry,2001,4.79012
pry,2002,5.21911
pry,2003,5.55753
pry,2004,5.90396
pry,2005,5.26828
pry,2006,3.63563
pry,2007,2.51878
pry,2008,1.96858
pry,2009,2.27329
pry,2010,1.93993
pry,2011,2.83199
pry,2012,6.23405
pry,2013,4.44978
pry,2014,7.88321
pry,2015,5.64502
pry,2016,3.95249
pry,2017,4.61447
rou,1989,4.60071
rou,1990,0.04736
rou,1991,0.42053
rou,1992,1.85501
rou,1993,1.38289
rou,1994,2.09082
rou,1995,2.66402
rou,1996,12.37919
rou,1997,9.35068
rou,1998,5.83297
rou,1999,10.38949
rou,2000,6.73611
rou,2001,6.33031
rou,2002,7.05716
rou,2003,6.11275
rou,2004,6.4713
rou,2005,7.13914
rou,2006,7.23581
rou,2007,6.81021
rou,2008,8.65861
rou,2009,9.56174
rou,2010,11.28798
rou,2011,10.49812
rou,2012,12.4602
rou,2013,15.43554
rou,2014,12.49871
rou,2015,13.64346
rou,2016,10.25522
rou,2017,9.96441
rus,1988,0
rus,1989,0
rus,1990,0
rus,1991,0
rus,1992,0.29804
rus,1993,0.51004
rus,1994,0.88234
rus,1995,1.5704
rus,1996,1.89367
rus,1997,1.77487
rus,1998,4.17181
rus,1999,6.41373
rus,2000,4.59543
rus,2001,5.49418
rus,2002,3.91667
rus,2003,5.21801
rus,2004,3.44556
rus,2005,5.45175
rus,2006,4.98555
rus,2007,2.98047
rus,2008,5.02115
rus,2009,7.70421
rus,2010,3.77036
rus,2011,2.24177
rus,2012,2.33672
rus,2013,2.28515
rus,2014,4.42539
rus,2015,7.55425
rus,2016,5.68381
rus,2017,7.74149
rwa,1970,0.61134
rwa,1971,1.53369
rwa,1972,1.07544
rwa,1973,0.04885
rwa,1974,0.1543
rwa,1975,0.0728
rwa,1976,0.52801
rwa,1977,0.1779
rwa,1978,0.19699
rwa,1979,0.48936
rwa,1980,0.60559
rwa,1981,0.58676
rwa,1982,0.51702
rwa,1983,0.62647
rwa,1984,0.7954
rwa,1985,1.04878
rwa,1986,1.03021
rwa,1987,1.11237
rwa,1988,0.95299
rwa,1989,1.20977
rwa,1990,0.8273
rwa,1991,1.22951
rwa,1992,1.05263
rwa,1993,1.09934
rwa,1994,0.55768
rwa,1995,1.55821
rwa,1996,1.28582
rwa,1997,1.21121
rwa,1998,1.05404
rwa,1999,1.81515
rwa,2000,2.11732
rwa,2001,1.24194
rwa,2002,1.14336
rwa,2003,1.23072
rwa,2004,1.30037
rwa,2005,1.10552
rwa,2006,0.85706
rwa,2007,0.61939
rwa,2008,0.2993
rwa,2009,0.21454
rwa,2010,0.25401
rwa,2011,0.29502
rwa,2012,0.30969
rwa,2013,0.52679
rwa,2014,0.71473
rwa,2015,0.73554
rwa,2016,0.85649
rwa,2017,0.89653
sdn,1970,1.72578
sdn,1971,2.42168
sdn,1972,2.45155
sdn,1973,1.81251
sdn,1974,1.39469
sdn,1975,2.12338
sdn,1976,1.84081
sdn,1977,1.20092
sdn,1978,1.66829
sdn,1979,1.30307
sdn,1980,3.55915
sdn,1981,3.14065
sdn,1982,3.25867
sdn,1983,2.80868
sdn,1984,1.84079
sdn,1985,1.24402
sdn,1986,1.61972
sdn,1987,0.49391
sdn,1988,1.20665
sdn,1989,0.65907
sdn,1990,0.4353
sdn,1991,0.22658
sdn,1992,0.42927
sdn,1993,0.25254
sdn,1994,0.02713
sdn,1995,0.53403
sdn,1996,0.55268
sdn,1997,0.50749
sdn,1998,0.56235
sdn,1999,0.58318
sdn,2000,2.1451
sdn,2001,1.9339
sdn,2002,1.05281
sdn,2003,1.70925
sdn,2004,1.65668
sdn,2005,1.63084
sdn,2006,0.90286
sdn,2007,0.90172
sdn,2008,0.72066
sdn,2009,1.00392
sdn,2010,0.82
sdn,2011,0.83303
sdn,2012,0.5871
sdn,2013,0.66166
sdn,2014,0.35203
sdn,2015,0.59228
sdn,2016,0.33973
sdn,2017,0.22053
sen,1970,0.91438
sen,1971,1.31761
sen,1972,1.10231
sen,1973,2.23935
sen,1974,1.945
sen,1975,1.52956
sen,1976,1.58846
sen,1977,2.03629
sen,1978,3.54488
sen,1979,3.67396
sen,1980,5.98381
sen,1981,4.67302
sen,1982,3.22952
sen,1983,3.41495
sen,1984,4.89543
sen,1985,5.22942
sen,1986,5.83072
sen,1987,6.25918
sen,1988,6.3762
sen,1989,6.33607
sen,1990,4.60422
sen,1991,4.52871
sen,1992,2.80328
sen,1993,1.81059
sen,1994,4.91467
sen,1995,4.69799
sen,1996,4.61401
sen,1997,4.29769
sen,1998,5.1242
sen,1999,3.7525
sen,2000,3.86865
sen,2001,3.49769
sen,2002,3.33082
sen,2003,2.84467
sen,2004,3.38833
sen,2005,1.86165
sen,2006,1.5814
sen,2007,1.33807
sen,2008,1.07221
sen,2009,1.22778
sen,2010,1.89682
sen,2011,2.05352
sen,2012,1.81785
sen,2013,2.15119
sen,2014,1.85812
sen,2015,2.172
sen,2016,2.15475
sen,2017,2.89341
slb,1972,0
slb,1973,0
slb,1974,0
slb,1975,0
slb,1976,0
slb,1977,0
slb,1978,0.02128
slb,1979,1.44626
slb,1980,0.27655
slb,1981,0.39523
slb,1982,0.34796
slb,1983,0.54551
slb,1984,1.49344
slb,1985,2.45357
slb,1986,3.42206
slb,1987,5.40758
slb,1988,3.39172
slb,1989,4.25167
slb,1990,5.58589
slb,1991,5.81815
slb,1992,2.9428
slb,1993,3.90579
slb,1994,5.47603
slb,1995,2.5281
slb,1996,2.47935
slb,1997,1.02106
slb,1998,2.57301
slb,1999,2.30323
slb,2000,2.10172
slb,2001,1.75534
slb,2002,1.68306
slb,2003,2.83739
slb,2004,4.90706
slb,2005,3.38375
slb,2006,0.93646
slb,2007,2.90355
slb,2008,2.94601
slb,2009,2.30871
slb,2010,4.1683
slb,2011,2.27469
slb,2012,3.20476
slb,2013,4.20505
slb,2014,1.57542
slb,2015,1.25765
slb,2016,1.98684
slb,2017,2.09444
sle,1970,4.33669
sle,1971,2.08045
sle,1972,2.33657
sle,1973,2.27545
sle,1974,2.54143
sle,1975,2.33214
sle,1976,3.79264
sle,1977,2.56288
sle,1978,4.65378
sle,1979,5.00382
sle,1980,7.08288
sle,1981,6.98965
sle,1982,3.22671
sle,1983,3.50181
sle,1984,4.18216
sle,1985,2.87549
sle,1986,13.44635
sle,1987,2.45004
sle,1988,1.85338
sle,1989,0.84295
sle,1990,3.6703
sle,1991,2.13781
sle,1992,5.72772
sle,1993,4.31897
sle,1994,19.90619
sle,1995,10.13213
sle,1996,7.22511
sle,1997,1.88284
sle,1998,4.01664
sle,1999,4.73938
sle,2000,7.74188
sle,2001,9.05726
sle,2002,1.2838
sle,2003,1.38757
sle,2004,1.56453
sle,2005,1.13834
sle,2006,1.33525
sle,2007,0.47136
sle,2008,0.21888
sle,2009,0.29813
sle,2010,0.44559
sle,2011,0.64337
sle,2012,0.52824
sle,2013,0.55946
sle,2014,0.71735
sle,2015,1.25879
sle,2016,1.1332
sle,2017,1.54961
slv,1970,3.3604
slv,1971,3.91334
slv,1972,4.05675
slv,1973,4.94944
slv,1974,4.40031
slv,1975,5.6038
slv,1976,4.25563
slv,1977,5.23136
slv,1978,3.50988
slv,1979,3.20264
slv,1980,2.89979
slv,1981,2.94461
slv,1982,4.10195
slv,1983,6.15961
slv,1984,6.96081
slv,1985,7.28229
slv,1986,8.05323
slv,1987,7.00809
slv,1988,5.15846
slv,1989,4.10562
slv,1990,4.63125
slv,1991,4.98712
slv,1992,4.2603
slv,1993,4.62849
slv,1994,4.60765
slv,1995,3.28339
slv,1996,3.37536
slv,1997,2.82185
slv,1998,4.23379
slv,1999,3.11007
slv,2000,3.27428
slv,2001,3.21576
slv,2002,4.09976
slv,2003,5.59052
slv,2004,6.85447
slv,2005,6.17359
slv,2006,8.1393
slv,2007,6.75225
slv,2008,5.73471
slv,2009,6.91777
slv,2010,6.21575
slv,2011,6.69497
slv,2012,5.78285
slv,2013,5.48489
slv,2014,6.01747
slv,2015,5.91913
slv,2016,6.18879
slv,2017,6.39155
som,2013,0.00912
som,2014,0.00054
som,2015,0.00049
som,2016,0.00081
som,2017,0.0017
south_asia,1970,2.21634
south_asia,1971,1.00122
south_asia,1972,1.08838
south_asia,1973,0.98866
south_asia,1974,0.93485
south_asia,1975,1.0737
south_asia,1976,1.43517
south_asia,1977,1.29799
south_asia,1978,1.21481
south_asia,1979,1.1711
south_asia,1980,1.13638
south_asia,1981,1.14735
south_asia,1982,1.30214
south_asia,1983,1.58955
south_asia,1984,1.7406
south_asia,1985,1.8793
south_asia,1986,2.41354
south_asia,1987,2.35721
south_asia,1988,2.3059
south_asia,1989,2.53626
south_asia,1990,2.7032
south_asia,1991,2.96949
south_asia,1992,2.83542
south_asia,1993,3.04223
south_asia,1994,3.5388
south_asia,1995,3.75974
south_asia,1996,3.15879
south_asia,1997,3.26852
south_asia,1998,2.81965
south_asia,1999,2.4684
south_asia,2000,2.50605
south_asia,2001,2.61069
south_asia,2002,3.02029
south_asia,2003,3.92724
south_asia,2004,2.62047
south_asia,2005,2.72156
south_asia,2006,1.84836
south_asia,2007,2.98475
south_asia,2008,2.42267
south_asia,2009,1.36602
south_asia,2010,1.55081
south_asia,2011,1.56464
south_asia,2012,1.71664
south_asia,2013,2.12211
south_asia,2014,4.12201
south_asia,2015,2.19897
south_asia,2016,2.98567
south_asia,2017,1.96503
srb,1997,0.218
srb,1998,0.35745
srb,1999,0.24531
srb,2000,1.89109
srb,2001,0.87627
srb,2002,1.48105
srb,2003,1.94631
srb,2004,3.65362
srb,2005,4.76098
srb,2006,7.12502
srb,2007,8.1965
srb,2008,9.88512
srb,2009,11.08109
srb,2010,11.16681
srb,2011,11.47183
srb,2012,15.33782
srb,2013,19.36083
srb,2014,19.66857
srb,2015,12.06183
srb,2016,16.5057
srb,2017,12.8451
stp,2001,5.08134
stp,2002,5.10399
stp,2003,4.97
stp,2004,6.42816
stp,2005,5.44449
stp,2006,5.17401
stp,2007,4.34103
stp,2008,1.2417
stp,2009,1.12029
stp,2010,0.83381
stp,2011,0.71182
stp,2012,4.58406
stp,2013,1.95197
stp,2014,3.89341
stp,2015,0.88787
stp,2016,0.80672
stp,2017,0.80906
sub_saharan_africa,1970,1.0553
sub_saharan_africa,1971,1.20238
sub_saharan_africa,1972,1.16936
sub_saharan_africa,1973,1.64641
sub_saharan_africa,1974,1.01289
sub_saharan_africa,1975,1.23096
sub_saharan_africa,1976,1.34291
sub_saharan_africa,1977,1.41304
sub_saharan_africa,1978,1.56078
sub_saharan_africa,1979,1.77853
sub_saharan_africa,1980,2.55937
sub_saharan_africa,1981,2.00634
sub_saharan_africa,1982,2.30134
sub_saharan_africa,1983,2.82547
sub_saharan_africa,1984,3.75187
sub_saharan_africa,1985,4.24152
sub_saharan_africa,1986,3.55766
sub_saharan_africa,1987,2.80144
sub_saharan_africa,1988,3.14485
sub_saharan_africa,1989,2.88159
sub_saharan_africa,1990,3.44332
sub_saharan_africa,1991,3.19303
sub_saharan_africa,1992,2.84054
sub_saharan_africa,1993,2.55237
sub_saharan_africa,1994,4.06532
sub_saharan_africa,1995,4.42247
sub_saharan_africa,1996,4.33095
sub_saharan_africa,1997,4.34026
sub_saharan_africa,1998,4.14058
sub_saharan_africa,1999,3.92623
sub_saharan_africa,2000,3.72325
sub_saharan_africa,2001,3.95305
sub_saharan_africa,2002,3.51923
sub_saharan_africa,2003,2.75117
sub_saharan_africa,2004,2.20642
sub_saharan_africa,2005,3.14428
sub_saharan_africa,2006,2.89205
sub_saharan_africa,2007,1.77408
sub_saharan_africa,2008,1.80198
sub_saharan_africa,2009,1.61814
sub_saharan_africa,2010,1.37684
sub_saharan_africa,2011,1.23215
sub_saharan_africa,2012,1.64676
sub_saharan_africa,2013,1.83995
sub_saharan_africa,2014,2.02368
sub_saharan_africa,2015,1.8386
sub_saharan_africa,2016,2.58188
sub_saharan_africa,2017,2.52358
syr,1970,0
syr,1971,0
syr,1972,0
syr,1973,0
syr,1974,0
syr,1975,0
syr,1976,0
syr,1977,0
syr,1978,0
syr,1979,0
syr,1980,0
syr,1981,0
syr,1982,0
syr,1983,0
syr,1984,0
syr,1985,0
syr,1986,0
syr,1987,0
syr,1988,0
syr,1989,0
syr,1990,0
syr,1991,0
syr,1992,0
syr,1993,0
syr,1994,0
syr,1995,2.52366
syr,1996,1.86357
syr,1997,4.14019
syr,1998,2.4265
syr,1999,2.93648
syr,2000,2.64594
syr,2001,2.33145
syr,2002,0
syr,2003,0
syr,2004,0
syr,2005,0
syr,2006,0
syr,2007,0
tcd,1970,0.62238
tcd,1971,1.35789
tcd,1972,0.75397
tcd,1973,0.53
tcd,1974,1.0329
tcd,1975,0.75748
tcd,1976,0.50803
tcd,1977,0.36642
tcd,1978,0.57636
tcd,1979,0.3617
tcd,1980,0.57683
tcd,1981,0.87247
tcd,1982,0.20828
tcd,1983,0.13628
tcd,1984,0.8415
tcd,1985,1.69575
tcd,1986,0.74626
tcd,1987,0.65294
tcd,1988,0.6545
tcd,1989,0.81991
tcd,1990,0.68703
tcd,1991,0.53637
tcd,1992,0.49356
tcd,1993,0.95676
tcd,1994,1.33813
tcd,1995,1.06276
tcd,1996,1.73567
tcd,1997,2.12967
tcd,1998,1.70645
tcd,1999,1.90123
tcd,2000,1.82665
tcd,2001,1.21313
tcd,2002,1.42419
tcd,2003,1.80642
tcd,2004,1.05329
tcd,2005,0.97106
tcd,2006,0.92022
tcd,2007,0.92208
tcd,2008,1.5799
tcd,2009,0.8761
tcd,2010,0.70996
tcd,2011,0.69931
tcd,2012,0.69144
tcd,2013,0.97321
tcd,2014,4.42567
tcd,2015,0.93028
tcd,2016,1.41041
tcd,2017,1.61478
tgo,1970,0.94895
tgo,1971,0.85944
tgo,1972,1.61286
tgo,1973,1.68137
tgo,1974,1.52398
tgo,1975,2.70799
tgo,1976,3.73732
tgo,1977,7.42088
tgo,1978,7.1028
tgo,1979,3.46671
tgo,1980,4.77362
tgo,1981,9.665
tgo,1982,10.81616
tgo,1983,8.221
tgo,1984,13.43278
tgo,1985,15.34266
tgo,1986,14.1854
tgo,1987,7.54315
tgo,1988,9.8794
tgo,1989,6.9537
tgo,1990,5.36027
tgo,1991,3.44651
tgo,1992,2.16904
tgo,1993,2.19285
tgo,1994,2.45847
tgo,1995,2.29913
tgo,1996,4.04425
tgo,1997,3.80328
tgo,1998,2.5479
tgo,1999,2.75991
tgo,2000,2.07256
tgo,2001,2.361
tgo,2002,0.88371
tgo,2003,0.92811
tgo,2004,0.98955
tgo,2005,0.94644
tgo,2006,1.15728
tgo,2007,0.5877
tgo,2008,5.92534
tgo,2009,1.60687
tgo,2010,1.06804
tgo,2011,0.36366
tgo,2012,0.59269
tgo,2013,1.20533
tgo,2014,1.29865
tgo,2015,1.3803
tgo,2016,1.97218
tgo,2017,1.8268
tha,1970,2.30379
tha,1971,2.67265
tha,1972,2.23544
tha,1973,2.47014
tha,1974,1.85337
tha,1975,2.40082
tha,1976,2.23386
tha,1977,2.9001
tha,1978,4.53896
tha,1979,4.84216
tha,1980,5.04002
tha,1981,5.46815
tha,1982,5.38452
tha,1983,5.56786
tha,1984,6.48069
tha,1985,8.52857
tha,1986,8.65375
tha,1987,6.96355
tha,1988,7.23185
tha,1989,6.16716
tha,1990,6.28338
tha,1991,5.07442
tha,1992,5.422
tha,1993,5.08222
tha,1994,5.46978
tha,1995,5.17898
tha,1996,5.34266
tha,1997,8.11099
tha,1998,11.67508
tha,1999,13.2322
tha,2000,11.31005
tha,2001,17.37237
tha,2002,15.22387
tha,2003,10.32496
tha,2004,7.79067
tha,2005,9.97867
tha,2006,6.86285
tha,2007,8.66506
tha,2008,6.04766
tha,2009,4.68034
tha,2010,3.35506
tha,2011,2.89556
tha,2012,4.043
tha,2013,3.27479
tha,2014,3.8758
tha,2015,5.06466
tha,2016,3.64657
tha,2017,3.46789
tjk,1990,0
tjk,1991,0
tjk,1992,0
tjk,1993,0.05176
tjk,1994,0
tjk,1995,0
tjk,1996,0.08476
tjk,1997,5.30764
tjk,1998,6.85603
tjk,1999,7.51463
tjk,2000,7.94938
tjk,2001,8.0875
tjk,2002,8.33061
tjk,2003,5.73238
tjk,2004,5.08255
tjk,2005,3.26085
tjk,2006,2.52376
tjk,2007,1.79105
tjk,2008,2.48556
tjk,2009,9.50339
tjk,2010,9.96965
tjk,2011,7.09531
tjk,2012,4.53314
tjk,2013,3.91539
tjk,2014,3.75868
tjk,2015,3.32625
tjk,2016,7.73714
tjk,2017,8.6189
tkm,1993,0.32453
tkm,1994,3.84563
tkm,1995,4.18808
tkm,1996,8.09202
tkm,1997,10.49229
tkm,1998,12.21967
tkm,1999,13.69107
tkm,2000,17.31058
tkm,2001,15.90647
tkm,2002,12.88737
tkm,2003,8.3323
tkm,2004,6.69076
tkm,2005,4.11603
tkm,2006,2.68326
tkm,2007,1.6571
tkm,2008,0.93563
tkm,2009,0.8716
tkm,2010,0.74739
tkm,2011,0.49747
tkm,2012,0.157
tkm,2013,0.13477
tkm,2014,0.13828
tkm,2015,0.16036
tkm,2016,0.11365
tkm,2017,0.12593
tls,2000,0
tls,2001,0
tls,2002,0
tls,2003,0
tls,2004,0
tls,2005,0
tls,2006,0
tls,2007,0
tls,2008,0
tls,2009,0
tls,2010,0
tls,2011,0
tls,2012,0.00768
tls,2013,0.00624
tls,2014,0.00828
tls,2015,0.02326
tls,2016,0.01303
tls,2017,0.01983
ton,1981,0
ton,1982,0
ton,1983,0
ton,1984,0
ton,1985,1.32971
ton,1986,1.31783
ton,1987,1.36457
ton,1988,1.13084
ton,1989,1.18824
ton,1990,1.65295
ton,1991,1.2499
ton,1992,1.15973
ton,1993,1.23828
ton,1994,1.34434
ton,1995,1.56303
ton,1996,1.53445
ton,1997,1.89209
ton,1998,1.87103
ton,1999,2.26211
ton,2000,2.44997
ton,2001,1.58105
ton,2002,1.92606
ton,2003,1.83219
ton,2004,1.9121
ton,2005,1.97828
ton,2006,1.47105
ton,2007,1.63616
ton,2008,1.55234
ton,2009,1.1777
ton,2010,1.32219
ton,2011,1.35633
ton,2012,1.30379
ton,2013,1.40544
ton,2014,2.00211
ton,2015,3.49937
ton,2016,3.67871
ton,2017,3.18077
tun,1970,5.27264
tun,1971,4.98093
tun,1972,4.85046
tun,1973,3.70258
tun,1974,2.73265
tun,1975,2.46799
tun,1976,2.34739
tun,1977,3.71107
tun,1978,4.56086
tun,1979,5.50751
tun,1980,6.47465
tun,1981,7.40677
tun,1982,7.20792
tun,1983,7.9108
tun,1984,8.83697
tun,1985,9.26674
tun,1986,10.20569
tun,1987,12.00139
tun,1988,11.02517
tun,1989,11.43525
tun,1990,12.04667
tun,1991,10.9422
tun,1992,9.08357
tun,1993,9.88176
tun,1994,9.8817
tun,1995,8.61647
tun,1996,7.90152
tun,1997,7.12235
tun,1998,6.83315
tun,1999,7.01141
tun,2000,9.29992
tun,2001,6.58731
tun,2002,6.72684
tun,2003,6.1491
tun,2004,7.10826
tun,2005,6.6461
tun,2006,7.73136
tun,2007,6.8339
tun,2008,4.77105
tun,2009,5.09865
tun,2010,5.61392
tun,2011,6.06824
tun,2012,6.02417
tun,2013,5.55752
tun,2014,4.10119
tun,2015,4.83197
tun,2016,4.86075
tun,2017,8.00668
tur,1970,1.04188
tur,1971,1.20129
tur,1972,1.58572
tur,1973,0.8762
tur,1974,0.7272
tur,1975,0.84617
tur,1976,1.15636
tur,1977,1.63435
tur,1978,2.09029
tur,1979,1.51676
tur,1980,2.37578
tur,1981,3.4475
tur,1982,4.70495
tur,1983,5.20923
tur,1984,5.5115
tur,1985,7.00557
tur,1986,6.05651
tur,1987,7.02939
tur,1988,8.52006
tur,1989,6.76617
tur,1990,5.00889
tur,1991,5.62377
tur,1992,5.82991
tur,1993,4.84834
tur,1994,8.05025
tur,1995,6.88666
tur,1996,6.11137
tur,1997,6.37664
tur,1998,5.47837
tur,1999,7.37367
tur,2000,7.69221
tur,2001,11.43994
tur,2002,11.87776
tur,2003,9.1864
tur,2004,8.14214
tur,2005,8.32795
tur,2006,7.5165
tur,2007,7.37098
tur,2008,7.39307
tur,2009,9.8695
tur,2010,7.75834
tur,2011,7.035
tur,2012,6.56139
tur,2013,6.77706
tur,2014,6.29806
tur,2015,6.56767
tur,2016,8.90499
tur,2017,10.29287
tza,1988,3.29015
tza,1989,4.17839
tza,1990,4.39644
tza,1991,4.35038
tza,1992,5.31229
tza,1993,5.15279
tza,1994,4.21076
tza,1995,4.41065
tza,1996,4.17353
tza,1997,2.1587
tza,1998,2.51844
tza,1999,2.31819
tza,2000,1.67474
tza,2001,1.41671
tza,2002,0.97811
tza,2003,0.77128
tza,2004,0.95715
tza,2005,0.80356
tza,2006,0.47956
tza,2007,0.3432
tza,2008,0.27144
tza,2009,0.58002
tza,2010,0.61521
tza,2011,0.4246
tza,2012,0.41345
tza,2013,0.53328
tza,2014,0.54731
tza,2015,0.78543
tza,2016,1.47628
tza,2017,1.44156
uga,1970,0.72606
uga,1971,0.6806
uga,1972,0.64533
uga,1973,1.45271
uga,1974,0.66941
uga,1975,0.70796
uga,1976,0.83652
uga,1977,0.54776
uga,1978,0.92247
uga,1979,1.28862
uga,1980,4.63833
uga,1981,5.15602
uga,1982,2.93762
uga,1983,3.92092
uga,1984,3.60527
uga,1985,4.47704
uga,1986,4.42392
uga,1987,2.56964
uga,1988,3.12381
uga,1989,3.60447
uga,1990,3.42192
uga,1991,4.51145
uga,1992,4.08701
uga,1993,4.35225
uga,1994,3.78536
uga,1995,2.37438
uga,1996,2.46908
uga,1997,2.57351
uga,1998,2.33128
uga,1999,2.21191
uga,2000,1.24319
uga,2001,0.90019
uga,2002,1.17871
uga,2003,1.36139
uga,2004,1.33858
uga,2005,1.96336
uga,2006,1.04001
uga,2007,0.55256
uga,2008,0.53656
uga,2009,0.4039
uga,2010,0.32146
uga,2011,0.32188
uga,2012,0.30172
uga,2013,0.3651
uga,2014,0.77449
uga,2015,0.35732
uga,2016,3.57057
uga,2017,0.74458
ukr,1987,0
ukr,1988,0
ukr,1989,0
ukr,1990,0
ukr,1991,0
ukr,1992,0.01569
ukr,1993,0.31561
ukr,1994,0.62894
ukr,1995,2.39639
ukr,1996,2.8578
ukr,1997,2.73951
ukr,1998,4.91101
ukr,1999,9.29753
ukr,2000,12.38354
ukr,2001,6.63391
ukr,2002,8.49092
ukr,2003,7.85683
ukr,2004,6.9159
ukr,2005,6.92319
ukr,2006,8.91001
ukr,2007,8.56504
ukr,2008,10.37163
ukr,2009,20.0269
ukr,2010,20.14311
ukr,2011,16.84288
ukr,2012,16.95598
ukr,2013,21.00214
ukr,2014,15.76058
ukr,2015,32.87622
ukr,2016,13.21578
ukr,2017,11.38595
upper_middle_income,1970,1.47569
upper_middle_income,1971,1.46009
upper_middle_income,1972,1.55672
upper_middle_income,1973,1.62353
upper_middle_income,1974,1.75905
upper_middle_income,1975,1.76006
upper_middle_income,1976,1.86434
upper_middle_income,1977,2.24719
upper_middle_income,1978,3.14875
upper_middle_income,1979,3.84696
upper_middle_income,1980,4.15008
upper_middle_income,1981,4.55262
upper_middle_income,1982,5.14785
upper_middle_income,1983,4.63577
upper_middle_income,1984,4.63222
upper_middle_income,1985,4.27595
upper_middle_income,1986,4.16004
upper_middle_income,1987,4.35788
upper_middle_income,1988,3.63006
upper_middle_income,1989,3.2068
upper_middle_income,1990,2.68929
upper_middle_income,1991,2.66506
upper_middle_income,1992,3.30975
upper_middle_income,1993,3.33294
upper_middle_income,1994,3.34526
upper_middle_income,1995,3.72126
upper_middle_income,1996,4.21089
upper_middle_income,1997,4.50202
upper_middle_income,1998,4.61628
upper_middle_income,1999,6.16318
upper_middle_income,2000,5.86651
upper_middle_income,2001,5.56577
upper_middle_income,2002,5.42818
upper_middle_income,2003,5.22548
upper_middle_income,2004,4.27977
upper_middle_income,2005,4.44606
upper_middle_income,2006,4.16118
upper_middle_income,2007,3.32816
upper_middle_income,2008,3.21839
upper_middle_income,2009,3.32029
upper_middle_income,2010,2.68739
upper_middle_income,2011,2.38989
upper_middle_income,2012,2.47289
upper_middle_income,2013,2.51189
upper_middle_income,2014,2.53711
upper_middle_income,2015,3.17918
upper_middle_income,2016,3.5238
upper_middle_income,2017,3.58784
uzb,1990,0
uzb,1991,0
uzb,1992,0.03639
uzb,1993,0.2271
uzb,1994,1.07388
uzb,1995,1.83764
uzb,1996,2.17822
uzb,1997,3.53034
uzb,1998,2.47177
uzb,1999,3.45436
uzb,2000,6.7016
uzb,2001,7.82959
uzb,2002,8.06258
uzb,2003,8.13556
uzb,2004,7.29655
uzb,2005,5.56601
uzb,2006,4.96265
uzb,2007,3.59087
uzb,2008,2.75826
uzb,2009,2.41783
uzb,2010,1.52503
uzb,2011,1.3124
uzb,2012,1.29106
uzb,2013,1.15201
uzb,2014,1.34651
uzb,2015,1.8332
uzb,2016,1.99368
uzb,2017,3.76474
vct,1970,0.44444
vct,1971,0.27525
vct,1972,0.15472
vct,1973,0.18775
vct,1974,0.17049
vct,1975,0.16852
vct,1976,0.22859
vct,1977,0.22376
vct,1978,0.22064
vct,1979,0.32095
vct,1980,0.51824
vct,1981,0.68842
vct,1982,1.36102
vct,1983,1.24572
vct,1984,1.98295
vct,1985,2.31791
vct,1986,2.16338
vct,1987,1.80591
vct,1988,1.95118
vct,1989,1.80913
vct,1990,1.9148
vct,1991,2.04624
vct,1992,2.22174
vct,1993,3.03389
vct,1994,3.10902
vct,1995,2.83673
vct,1996,3.12491
vct,1997,3.43796
vct,1998,3.22982
vct,1999,3.87702
vct,2000,3.47847
vct,2001,2.89919
vct,2002,2.66171
vct,2003,3.00816
vct,2004,3.92437
vct,2005,4.53871
vct,2006,5.6972
vct,2007,4.41332
vct,2008,4.56625
vct,2009,5.46201
vct,2010,5.42236
vct,2011,5.29132
vct,2012,5.30772
vct,2013,4.64947
vct,2014,4.11039
vct,2015,4.04506
vct,2016,3.904
vct,2017,4.00438
ven,1970,1.15589
ven,1971,1.46893
ven,1972,2.03242
ven,1973,2.42691
ven,1974,2.32319
ven,1975,2.18011
ven,1976,1.46107
ven,1977,2.55046
ven,1978,2.50794
ven,1979,6.46111
ven,1980,10.17127
ven,1981,8.53112
ven,1982,8.98204
ven,1983,7.12051
ven,1984,8.19997
ven,1985,7.21096
ven,1986,8.68336
ven,1987,10.50217
ven,1988,9.50056
ven,1989,9.31178
ven,1990,10.43642
ven,1991,6.28277
ven,1992,5.68003
ven,1993,6.76133
ven,1994,6.52637
ven,1995,6.85345
ven,1996,7.18093
ven,1997,6.01396
ven,1998,7.40738
ven,1999,6.01101
ven,2000,5.50889
ven,2001,6.45366
ven,2002,8.31448
ven,2003,10.84958
ven,2004,5.75219
ven,2005,3.71973
ven,2006,3.07834
ven,2007,3.72858
ven,2008,3.48168
ven,2009,3.62331
ven,2010,4.15065
ven,2011,7.00196
ven,2012,6.50678
ven,2013,6.43964
ven,2014,4.76761
vnm,1989,3.71658
vnm,1990,2.87351
vnm,1991,1.77037
vnm,1992,2.42884
vnm,1993,3.28858
vnm,1994,1.92793
vnm,1995,1.77406
vnm,1996,1.63131
vnm,1997,3.35072
vnm,1998,4.10233
vnm,1999,4.99933
vnm,2000,3.93496
vnm,2001,3.49409
vnm,2002,3.23927
vnm,2003,1.98934
vnm,2004,1.65714
vnm,2005,1.67144
vnm,2006,1.488
vnm,2007,1.6605
vnm,2008,1.46343
vnm,2009,1.60623
vnm,2010,1.67974
vnm,2011,3.18579
vnm,2012,3.03435
vnm,2013,2.75764
vnm,2014,3.79718
vnm,2015,3.61586
vnm,2016,3.72759
vnm,2017,6.35894
vut,1979,0
vut,1980,0
vut,1981,0.59833
vut,1982,0.57849
vut,1983,1.362
vut,1984,1.1281
vut,1985,1.07849
vut,1986,1.33643
vut,1987,3.01257
vut,1988,1.69884
vut,1989,1.35397
vut,1990,1.48771
vut,1991,0.91607
vut,1992,0.86077
vut,1993,0.84561
vut,1994,0.83492
vut,1995,0.7426
vut,1996,0.74182
vut,1997,0.84699
vut,1998,0.55925
vut,1999,0.94055
vut,2000,1.08136
vut,2001,0.78391
vut,2002,0.91907
vut,2003,0.84299
vut,2004,1.15289
vut,2005,0.91059
vut,2006,1.09032
vut,2007,0.93412
vut,2008,0.7762
vut,2009,0.96036
vut,2010,0.88692
vut,2011,0.81411
vut,2012,0.77697
vut,2013,0.92546
vut,2014,0.96618
vut,2015,0.96614
vut,2016,1.12053
vut,2017,1.17604
wsm,1982,4.23534
wsm,1983,5.9578
wsm,1984,7.29108
wsm,1985,11.14878
wsm,1986,11.14004
wsm,1987,9.4594
wsm,1988,9.19603
wsm,1989,7.91908
wsm,1990,6.1224
wsm,1991,5.43782
wsm,2002,1.77974
wsm,2003,1.71342
wsm,2004,1.55944
wsm,2005,1.35858
wsm,2006,1.48467
wsm,2007,1.35375
wsm,2008,1.33954
wsm,2009,1.60076
wsm,2010,1.70438
wsm,2011,1.67107
wsm,2012,1.72244
wsm,2013,1.91828
wsm,2014,2.45902
wsm,2015,2.66354
wsm,2016,2.99059
wsm,2017,3.14745
yem,1990,3.01313
yem,1991,3.50902
yem,1992,2.10655
yem,1993,2.26994
yem,1994,2.58948
yem,1995,2.50174
yem,1996,1.64348
yem,1997,1.57294
yem,1998,3.29316
yem,1999,2.59029
yem,2000,2.75884
yem,2001,2.83276
yem,2002,1.75116
yem,2003,1.65256
yem,2004,1.79942
yem,2005,1.41038
yem,2006,1.32703
yem,2007,1.34539
yem,2008,1.13794
yem,2009,1.10009
yem,2010,0.88339
yem,2011,0.90499
yem,2012,0.75867
yem,2013,0.70007
yem,2014,0.89822
yem,2015,0.80903
yem,2016,0.38558
yem,2017,0.31709
zaf,1970,0
zaf,1971,0
zaf,1972,0
zaf,1973,0
zaf,1974,0
zaf,1975,0
zaf,1976,0
zaf,1977,0
zaf,1978,0
zaf,1979,0
zaf,1980,0
zaf,1981,0
zaf,1982,0
zaf,1983,0
zaf,1984,0
zaf,1985,0
zaf,1986,0
zaf,1987,0
zaf,1988,0
zaf,1989,0
zaf,1990,0
zaf,1991,0
zaf,1992,0
zaf,1993,0
zaf,1994,2.11277
zaf,1995,2.22216
zaf,1996,2.93187
zaf,1997,4.37965
zaf,1998,3.26142
zaf,1999,3.22643
zaf,2000,2.92717
zaf,2001,3.70016
zaf,2002,4.51915
zaf,2003,2.45923
zaf,2004,1.7405
zaf,2005,1.84663
zaf,2006,2.7779
zaf,2007,1.46824
zaf,2008,2.72108
zaf,2009,1.80532
zaf,2010,1.72795
zaf,2011,1.55073
zaf,2012,2.52402
zaf,2013,3.57178
zaf,2014,2.28379
zaf,2015,2.60924
zaf,2016,4.43222
zaf,2017,3.96122
zmb,1970,4.25155
zmb,1971,5.54279
zmb,1972,6.94839
zmb,1973,18.34728
zmb,1974,4.62652
zmb,1975,6.96273
zmb,1976,7.20188
zmb,1977,10.8796
zmb,1978,11.25947
zmb,1979,11.15957
zmb,1980,11.62546
zmb,1981,11.19796
zmb,1982,8.94431
zmb,1983,10.03216
zmb,1984,9.87659
zmb,1985,6.78295
zmb,1986,28.45837
zmb,1987,8.88646
zmb,1988,5.71712
zmb,1989,5.28914
zmb,1990,6.67675
zmb,1991,19.80817
zmb,1992,12.19214
zmb,1993,11.9816
zmb,1994,10.95032
zmb,1995,73.28264
zmb,1996,7.39289
zmb,1997,6.0661
zmb,1998,6.09599
zmb,1999,4.69302
zmb,2000,5.49719
zmb,2001,4.75724
zmb,2002,5.60722
zmb,2003,11.74371
zmb,2004,8.05011
zmb,2005,3.68938
zmb,2006,1.24971
zmb,2007,0.99702
zmb,2008,1.01245
zmb,2009,1.14578
zmb,2010,0.79257
zmb,2011,0.98894
zmb,2012,0.91772
zmb,2013,1.23105
zmb,2014,1.53758
zmb,2015,2.65445
zmb,2016,3.61508
zmb,2017,6.59632
zwe,1970,0.50606
zwe,1971,0.48541
zwe,1972,0.43257
zwe,1973,0.49369
zwe,1974,0.37016
zwe,1975,0.1845
zwe,1976,0.17404
zwe,1977,0.1382
zwe,1978,0.19498
zwe,1979,0.28554
zwe,1980,0.99819
zwe,1981,1.3697
zwe,1982,2.50237
zwe,1983,6.67493
zwe,1984,5.74486
zwe,1985,7.65669
zwe,1986,7.88615
zwe,1987,8.15937
zwe,1988,7.0408
zwe,1989,5.436
zwe,1990,5.53357
zwe,1991,5.5282
zwe,1992,9.27707
zwe,1993,9.89588
zwe,1994,9.06493
zwe,1995,9.37234
zwe,1996,7.7369
zwe,1997,8.14527
zwe,1998,15.67911
zwe,1999,9.63562
zwe,2000,6.63606
zwe,2001,2.64672
zwe,2002,1.83613
zwe,2003,1.43037
zwe,2004,2.46109
zwe,2005,4.53285
zwe,2006,2.07216
zwe,2007,2.23623
zwe,2008,2.35346
zwe,2009,1.44566
zwe,2010,3.6284
zwe,2011,9.52763
zwe,2012,4.96683
zwe,2013,2.80812
zwe,2014,2.64751
zwe,2015,3.1382
zwe,2016,5.89321
zwe,2017,2.06558
