geo,time,dt_com_prvt_cd
afg,1970,0
afg,1971,0
afg,1972,0
afg,1973,0
afg,1974,0
afg,1975,0
afg,1976,0
afg,1977,0
afg,1978,0
afg,1979,0
afg,1980,0
afg,1981,0
afg,1982,0
afg,1983,0
afg,1984,0
afg,1985,0
afg,1986,0
afg,1987,0
afg,1988,0
afg,1989,0
afg,1990,0
afg,1991,0
afg,1992,0
afg,1993,0
afg,1994,0
afg,1995,0
afg,1996,0
afg,1997,0
afg,1998,0
afg,1999,0
afg,2000,0
afg,2001,0
afg,2002,0
afg,2003,0
afg,2004,0
afg,2005,0
afg,2006,0
afg,2007,0
afg,2008,0
afg,2009,0
afg,2010,0
afg,2011,0
afg,2012,0
afg,2013,0
afg,2014,0
afg,2015,0
afg,2016,0
afg,2017,0
ago,1970,0
ago,1971,0
ago,1972,0
ago,1973,0
ago,1974,0
ago,1975,0
ago,1976,0
ago,1977,0
ago,1978,0
ago,1979,0
ago,1980,0
ago,1981,0
ago,1982,0
ago,1983,0
ago,1984,0
ago,1985,0
ago,1986,0
ago,1987,0
ago,1988,0
ago,1989,258800110.8
ago,1990,313263207.4
ago,1991,181034000
ago,1992,574995462.3
ago,1993,440475314.9
ago,1994,273089000
ago,1995,416606819.2
ago,1996,745586000
ago,1997,1513312000
ago,1998,553397274
ago,1999,786892000
ago,2000,1000000000
ago,2001,1045000000
ago,2002,1150000000
ago,2003,3039746000
ago,2004,2420062666.7
ago,2005,4073341250
ago,2006,1062863000
ago,2007,3254879445.9
ago,2008,4110580073.5
ago,2009,2996398699.9
ago,2010,623189103.1
ago,2011,2548158993.3
ago,2012,3827290000
ago,2013,4292357000
ago,2014,6535368849.6
ago,2015,1750000000
ago,2016,1417540368.1
ago,2017,1333762806.6
alb,1970,0
alb,1971,0
alb,1972,0
alb,1973,0
alb,1974,0
alb,1975,0
alb,1976,0
alb,1977,0
alb,1978,0
alb,1979,0
alb,1980,0
alb,1981,0
alb,1982,0
alb,1983,0
alb,1984,0
alb,1985,0
alb,1986,0
alb,1987,0
alb,1988,0
alb,1989,0
alb,1990,0
alb,1991,45000257.7
alb,1992,10638528.6
alb,1993,0
alb,1994,0
alb,1995,6186548
alb,1996,0
alb,1997,0
alb,1998,0
alb,1999,0
alb,2000,3244240
alb,2001,0
alb,2002,0
alb,2003,1286000
alb,2004,0
alb,2005,0
alb,2006,128319734.5
alb,2007,18262349.1
alb,2008,422382072.1
alb,2009,278682046.1
alb,2010,436625080.3
alb,2011,111074355.5
alb,2012,0
alb,2013,22828405.1
alb,2014,32542360.9
alb,2015,499133448.5
alb,2016,0
alb,2017,0
arg,1970,388935000
arg,1971,488409000
arg,1972,632328000
arg,1973,332422000
arg,1974,1422019000
arg,1975,726874000
arg,1976,1459315000
arg,1977,1237443000
arg,1978,2277587000
arg,1979,2778427000
arg,1980,2836967000
arg,1981,3077947000
arg,1982,4117038000
arg,1983,1335245000
arg,1984,264791000
arg,1985,4579454000
arg,1986,624979000
arg,1987,2577894000
arg,1988,453341000
arg,1989,105192000
arg,1990,112628000
arg,1991,623907000
arg,1992,305410000
arg,1993,2500204000
arg,1994,3052926000
arg,1995,3708239000
arg,1996,10934257000
arg,1997,12727162000
arg,1998,11780865000
arg,1999,18800075000
arg,2000,11789792000
arg,2001,2000000000
arg,2002,254101000
arg,2003,1595291000
arg,2004,775092000
arg,2005,2110362000
arg,2006,2226022000
arg,2007,3746161000
arg,2008,2025374000
arg,2009,165938000
arg,2010,949522000
arg,2011,0
arg,2012,448558000
arg,2013,958952000
arg,2014,9385734000
arg,2015,2924652000
arg,2016,39399858000
arm,1970,0
arm,1971,0
arm,1972,0
arm,1973,0
arm,1974,0
arm,1975,0
arm,1976,0
arm,1977,0
arm,1978,0
arm,1979,0
arm,1980,0
arm,1981,0
arm,1982,0
arm,1983,0
arm,1984,0
arm,1985,0
arm,1986,0
arm,1987,0
arm,1988,0
arm,1989,0
arm,1990,0
arm,1991,0
arm,1992,0
arm,1993,0
arm,1994,0
arm,1995,0
arm,1996,0
arm,1997,5000000
arm,1998,30000000
arm,1999,10000000
arm,2000,0
arm,2001,1060000
arm,2002,0
arm,2003,0
arm,2004,0
arm,2005,0
arm,2006,0
arm,2007,0
arm,2008,0
arm,2009,0
arm,2010,6741948.3
arm,2011,0
arm,2012,0
arm,2013,700394880.2
arm,2014,11957753.2
arm,2015,500000000
arm,2016,0
arm,2017,7902889.3
aze,1970,0
aze,1971,0
aze,1972,0
aze,1973,0
aze,1974,0
aze,1975,0
aze,1976,0
aze,1977,0
aze,1978,0
aze,1979,0
aze,1980,0
aze,1981,0
aze,1982,0
aze,1983,0
aze,1984,0
aze,1985,0
aze,1986,0
aze,1987,0
aze,1988,0
aze,1989,0
aze,1990,0
aze,1991,0
aze,1992,0
aze,1993,0
aze,1994,0
aze,1995,0
aze,1996,0
aze,1997,32228000
aze,1998,66593131
aze,1999,0
aze,2000,56194406.1
aze,2001,0
aze,2002,0
aze,2003,0
aze,2004,0
aze,2005,702901825.6
aze,2006,36171000
aze,2007,100666000
aze,2008,857958473.4
aze,2009,270000000
aze,2010,327775986.2
aze,2011,533267338
aze,2012,1020931864.9
aze,2013,0
aze,2014,1805870608.8
aze,2015,749945787.9
aze,2016,1516487909.4
aze,2017,2088992092.5
bdi,1970,167000
bdi,1971,0
bdi,1972,0
bdi,1973,968606.2
bdi,1974,5215067.3
bdi,1975,3250382.9
bdi,1976,89062.7
bdi,1977,2914669.7
bdi,1978,3441224
bdi,1979,1378756.1
bdi,1980,0
bdi,1981,6892202.5
bdi,1982,30134999.2
bdi,1983,482154.4
bdi,1984,0
bdi,1985,3589322.6
bdi,1986,0
bdi,1987,0
bdi,1988,3291194.8
bdi,1989,0
bdi,1990,0
bdi,1991,0
bdi,1992,0
bdi,1993,0
bdi,1994,0
bdi,1995,0
bdi,1996,0
bdi,1997,0
bdi,1998,561820
bdi,1999,35059000
bdi,2000,0
bdi,2001,0
bdi,2002,0
bdi,2003,0
bdi,2004,0
bdi,2005,0
bdi,2006,0
bdi,2007,0
bdi,2008,5000000
bdi,2009,0
bdi,2010,0
bdi,2011,0
bdi,2012,0
bdi,2013,0
bdi,2014,0
bdi,2015,0
bdi,2016,0
bdi,2017,0
ben,1970,973756.6
ben,1971,2963278
ben,1972,70418.5
ben,1973,4092821.9
ben,1974,3904870.2
ben,1975,1847049.1
ben,1976,1435480.9
ben,1977,1000000
ben,1978,14711613.9
ben,1979,112505761.1
ben,1980,396637765.2
ben,1981,10926167.7
ben,1982,26928269.2
ben,1983,6278029
ben,1984,2612263.3
ben,1985,0
ben,1986,0
ben,1987,509000
ben,1988,0
ben,1989,0
ben,1990,0
ben,1991,0
ben,1992,0
ben,1993,0
ben,1994,0
ben,1995,0
ben,1996,0
ben,1997,0
ben,1998,0
ben,1999,0
ben,2000,0
ben,2001,0
ben,2002,0
ben,2003,0
ben,2004,0
ben,2005,0
ben,2006,0
ben,2007,0
ben,2008,0
ben,2009,0
ben,2010,0
ben,2011,0
ben,2012,0
ben,2013,0
ben,2014,18229477.2
ben,2015,104280762.5
ben,2016,0
ben,2017,185373558.3
bfa,1970,1208913.4
bfa,1971,0
bfa,1972,0
bfa,1973,0
bfa,1974,929527.4
bfa,1975,714605.4
bfa,1976,3393813.2
bfa,1977,0
bfa,1978,1110000
bfa,1979,14110245
bfa,1980,10358584.6
bfa,1981,34535987.5
bfa,1982,18340077.7
bfa,1983,3687994.2
bfa,1984,2247000
bfa,1985,0
bfa,1986,0
bfa,1987,0
bfa,1988,16750050
bfa,1989,0
bfa,1990,0
bfa,1991,0
bfa,1992,0
bfa,1993,0
bfa,1994,0
bfa,1995,0
bfa,1996,0
bfa,1997,0
bfa,1998,0
bfa,1999,0
bfa,2000,0
bfa,2001,0
bfa,2002,0
bfa,2003,0
bfa,2004,0
bfa,2005,23984521
bfa,2006,0
bfa,2007,0
bfa,2008,0
bfa,2009,0
bfa,2010,0
bfa,2011,0
bfa,2012,0
bfa,2013,0
bfa,2014,0
bfa,2015,0
bfa,2016,0
bfa,2017,0
bgd,1970,0
bgd,1971,0
bgd,1972,760838.2
bgd,1973,16861000
bgd,1974,5456611.5
bgd,1975,4205070
bgd,1976,6403134.5
bgd,1977,16151218.8
bgd,1978,42412917.5
bgd,1979,12228879
bgd,1980,31774863.6
bgd,1981,195897537.9
bgd,1982,18700165.6
bgd,1983,14574011.9
bgd,1984,19447000
bgd,1985,78464489
bgd,1986,1421000
bgd,1987,306000
bgd,1988,7332562.4
bgd,1989,4788167.4
bgd,1990,109590000
bgd,1991,0
bgd,1992,75850000
bgd,1993,0
bgd,1994,79495000
bgd,1995,0
bgd,1996,0
bgd,1997,0
bgd,1998,0
bgd,1999,43572027.4
bgd,2000,50933421.9
bgd,2001,54703000
bgd,2002,273000
bgd,2003,13332805.8
bgd,2004,0
bgd,2005,0
bgd,2006,0
bgd,2007,0
bgd,2008,0
bgd,2009,0
bgd,2010,0
bgd,2011,0
bgd,2012,41077841.1
bgd,2013,0
bgd,2014,0
bgd,2015,0
bgd,2016,0
bgd,2017,0
bgr,1970,0
bgr,1971,0
bgr,1972,0
bgr,1973,0
bgr,1974,0
bgr,1975,0
bgr,1976,0
bgr,1977,0
bgr,1978,0
bgr,1979,0
bgr,1980,0
bgr,1981,555268072.3
bgr,1982,1117041009.1
bgr,1983,1410095838.7
bgr,1984,1491571786.2
bgr,1985,1796888350.8
bgr,1986,2104109308.9
bgr,1987,1394442237.3
bgr,1988,2361300096.8
bgr,1989,1656797383.2
bgr,1990,510560319.8
bgr,1991,12894976.4
bgr,1992,120000000
bgr,1993,0
bgr,1994,51169434
bgr,1995,104986770.1
bgr,1996,0
bgr,1997,0
bgr,1998,9486325.6
bgr,1999,74367324.4
bgr,2000,125190749.8
bgr,2001,223905833.3
bgr,2002,0
bgr,2003,0
bgr,2004,33246000
bgr,2005,2263000
bgr,2006,1337265.6
bgr,2007,0
bgr,2008,5886858.1
bgr,2009,0
bgr,2010,0
bgr,2011,0
bgr,2012,1200742481.5
bgr,2013,0
bgr,2014,1983658389.4
bgr,2015,3493934139.2
bgr,2016,2206310190.7
bgr,2017,0
bih,1970,0
bih,1971,0
bih,1972,0
bih,1973,0
bih,1974,0
bih,1975,0
bih,1976,0
bih,1977,0
bih,1978,0
bih,1979,0
bih,1980,0
bih,1981,0
bih,1982,0
bih,1983,0
bih,1984,0
bih,1985,0
bih,1986,0
bih,1987,0
bih,1988,0
bih,1989,0
bih,1990,0
bih,1991,0
bih,1992,0
bih,1993,0
bih,1994,0
bih,1995,0
bih,1996,0
bih,1997,0
bih,1998,0
bih,1999,0
bih,2000,0
bih,2001,0
bih,2002,0
bih,2003,0
bih,2004,0
bih,2005,0
bih,2006,22553956.9
bih,2007,13654272.2
bih,2008,18704020
bih,2009,4891504.5
bih,2010,19903409.7
bih,2011,20550928.8
bih,2012,5219793.9
bih,2013,17316016.8
bih,2014,21910589.7
bih,2015,0
bih,2016,0
bih,2017,0
blr,1970,0
blr,1971,0
blr,1972,0
blr,1973,0
blr,1974,0
blr,1975,0
blr,1976,0
blr,1977,0
blr,1978,0
blr,1979,0
blr,1980,0
blr,1981,0
blr,1982,0
blr,1983,0
blr,1984,0
blr,1985,0
blr,1986,0
blr,1987,0
blr,1988,0
blr,1989,0
blr,1990,0
blr,1991,0
blr,1992,0
blr,1993,166975922.2
blr,1994,62166512.3
blr,1995,27915120.3
blr,1996,46470903.3
blr,1997,39861826.1
blr,1998,72632323.7
blr,1999,69469448.9
blr,2000,86798840.5
blr,2001,102253438.8
blr,2002,18175346.8
blr,2003,31104541.4
blr,2004,80447685.5
blr,2005,32000000
blr,2006,123793121.9
blr,2007,1815341494.2
blr,2008,0
blr,2009,130322868.8
blr,2010,1000000000
blr,2011,1100000000
blr,2012,2950000000
blr,2013,490794544.4
blr,2014,0
blr,2015,610051992.6
blr,2016,0
blr,2017,1472280000
blz,1970,0
blz,1971,0
blz,1972,0
blz,1973,0
blz,1974,0
blz,1975,0
blz,1976,0
blz,1977,0
blz,1978,0
blz,1979,6472856.7
blz,1980,4710670.1
blz,1981,12276796.2
blz,1982,3402000
blz,1983,0
blz,1984,3282000
blz,1985,2690000
blz,1986,423000
blz,1987,3587331.6
blz,1988,9850000
blz,1989,21925000
blz,1990,0
blz,1991,4160365.5
blz,1992,2450000
blz,1993,30916000
blz,1994,5627000
blz,1995,522000
blz,1996,12000000
blz,1997,16000000
blz,1998,22000000
blz,1999,23777034.5
blz,2000,156183000
blz,2001,77227000
blz,2002,159017000
blz,2003,197023758
blz,2004,215174000
blz,2005,152939000
blz,2006,0
blz,2007,541354000
blz,2008,1747000
blz,2009,0
blz,2010,0
blz,2011,0
blz,2012,0
blz,2013,0
blz,2014,0
blz,2015,0
blz,2016,0
blz,2017,25000000
bol,1970,261350.4
bol,1971,17777000
bol,1972,104022769
bol,1973,34144230.7
bol,1974,77687487.4
bol,1975,186273096.2
bol,1976,242402677.1
bol,1977,268729312.5
bol,1978,370333514.1
bol,1979,248410538.2
bol,1980,194171375.7
bol,1981,160575506.8
bol,1982,27909552
bol,1983,27184909.8
bol,1984,1521000
bol,1985,4302000
bol,1986,2334722.3
bol,1987,25000000
bol,1988,0
bol,1989,12038000
bol,1990,6560000
bol,1991,14624000
bol,1992,6627635
bol,1993,0
bol,1994,0
bol,1995,6231846.4
bol,1996,9280146
bol,1997,6283000
bol,1998,24891703
bol,1999,883501.1
bol,2000,7823025
bol,2001,4407000
bol,2002,2075000
bol,2003,0
bol,2004,0
bol,2005,0
bol,2006,0
bol,2007,9869000
bol,2008,73319000
bol,2009,332000000
bol,2010,55450899.6
bol,2011,0
bol,2012,500000000
bol,2013,500000000
bol,2014,0
bol,2015,0
bol,2016,0
bol,2017,1000000000
bra,1970,1007731160.2
bra,1971,915503509.6
bra,1972,1552087269.7
bra,1973,1804331986.4
bra,1974,3361730936.5
bra,1975,3920676975.8
bra,1976,5199135866.5
bra,1977,6685214044.4
bra,1978,9749882738.8
bra,1979,9580775268.4
bra,1980,8260648638.5
bra,1981,10065607268.3
bra,1982,11882604675.4
bra,1983,5897565789.1
bra,1984,7854054662.7
bra,1985,1253398342.6
bra,1986,929536377.5
bra,1987,294071953.1
bra,1988,4259295123.1
bra,1989,2084323728.4
bra,1990,1449990484.3
bra,1991,2105621485.1
bra,1992,3123403261
bra,1993,2865502852.1
bra,1994,4150684170.7
bra,1995,5539225523.6
bra,1996,9033263924.5
bra,1997,13120144599.2
bra,1998,11837193687.7
bra,1999,9264965982.7
bra,2000,20055436704
bra,2001,15780425138
bra,2002,4965454771.7
bra,2003,16166846584.9
bra,2004,7839357626.9
bra,2005,9017631418.8
bra,2006,6823931862.1
bra,2007,7553160946.3
bra,2008,8394509643.7
bra,2009,13665072663.5
bra,2010,8135338005.5
bra,2011,12684631023.3
bra,2012,24709353684.49999
bra,2013,46304255379.89999
bra,2014,28846810262.5
bra,2015,30179468008.7
bra,2016,3605074704
bra,2017,9870612136.9
btn,1970,0
btn,1971,0
btn,1972,0
btn,1973,0
btn,1974,0
btn,1975,0
btn,1976,0
btn,1977,0
btn,1978,0
btn,1979,0
btn,1980,0
btn,1981,0
btn,1982,0
btn,1983,0
btn,1984,0
btn,1985,0
btn,1986,0
btn,1987,0
btn,1988,23404000
btn,1989,0
btn,1990,0
btn,1991,0
btn,1992,0
btn,1993,0
btn,1994,0
btn,1995,0
btn,1996,0
btn,1997,0
btn,1998,0
btn,1999,0
btn,2000,0
btn,2001,0
btn,2002,0
btn,2003,0
btn,2004,0
btn,2005,0
btn,2006,0
btn,2007,0
btn,2008,0
btn,2009,57427822.4
btn,2010,0
btn,2011,0
btn,2012,0
btn,2013,0
btn,2014,8370427.2
btn,2015,55052245.4
btn,2016,0
btn,2017,0
bwa,1970,2945600
bwa,1971,0
bwa,1972,0
bwa,1973,0
bwa,1974,0
bwa,1975,0
bwa,1976,2721068.6
bwa,1977,0
bwa,1978,47400000
bwa,1979,12856608.2
bwa,1980,0
bwa,1981,0
bwa,1982,0
bwa,1983,26784008.7
bwa,1984,5854149.7
bwa,1985,4800000
bwa,1986,6355781.8
bwa,1987,0
bwa,1988,0
bwa,1989,0
bwa,1990,31023612.5
bwa,1991,0
bwa,1992,78.1
bwa,1993,0
bwa,1994,0
bwa,1995,0
bwa,1996,14431000
bwa,1997,0
bwa,1998,0
bwa,1999,0
bwa,2000,0
bwa,2001,0
bwa,2002,0
bwa,2003,0
bwa,2004,0
bwa,2005,0
bwa,2006,0
bwa,2007,0
bwa,2008,0
bwa,2009,0
bwa,2010,0
bwa,2011,0
bwa,2012,0
bwa,2013,0
bwa,2014,39960000
bwa,2015,0
bwa,2016,0
bwa,2017,0
caf,1970,1934277.3
caf,1971,8300445
caf,1972,22882566.4
caf,1973,697330.7
caf,1974,490000
caf,1975,200885.2
caf,1976,898000
caf,1977,10271867.3
caf,1978,2240000
caf,1979,0
caf,1980,0
caf,1981,192846.6
caf,1982,627046.2
caf,1983,3475566
caf,1984,0
caf,1985,2528755.6
caf,1986,0
caf,1987,0
caf,1988,0
caf,1989,0
caf,1990,0
caf,1991,0
caf,1992,0
caf,1993,0
caf,1994,0
caf,1995,0
caf,1996,0
caf,1997,0
caf,1998,0
caf,1999,0
caf,2000,0
caf,2001,0
caf,2002,0
caf,2003,0
caf,2004,0
caf,2005,0
caf,2006,0
caf,2007,0
caf,2008,0
caf,2009,1846715.3
caf,2010,505294.5
caf,2011,0
caf,2012,0
caf,2013,0
caf,2014,20000000
caf,2015,0
caf,2016,0
caf,2017,0
chn,1970,0
chn,1971,0
chn,1972,0
chn,1973,0
chn,1974,0
chn,1975,0
chn,1976,0
chn,1977,0
chn,1978,0
chn,1979,0
chn,1980,0
chn,1981,1397350458.3
chn,1982,1037224207.2
chn,1983,1064534342
chn,1984,1573581811.4
chn,1985,4697903741.4
chn,1986,5326070930.9
chn,1987,8422538529.7
chn,1988,7747595382.1
chn,1989,4920540840
chn,1990,7700516212.4
chn,1991,4002358127.6
chn,1992,12379393711.5
chn,1993,17300945338.09999
chn,1994,9135263674.2
chn,1995,13516962241.1
chn,1996,17551900730.3
chn,1997,15785424734.2
chn,1998,4671338526.4
chn,1999,7460312000
chn,2000,8264500000
chn,2001,5637690446.7
chn,2002,3202000000
chn,2003,2031131000
chn,2004,4179378020.9
chn,2005,7525229000
chn,2006,1850000000
chn,2007,3396374000
chn,2008,1929000000
chn,2009,2547000000
chn,2010,23928204185.7
chn,2011,16116843000
chn,2012,29846841000
chn,2013,21866080000
chn,2014,35567010000
chn,2015,23569137000
chn,2016,42452183866.49999
chn,2017,43462568896
civ,1970,26489376.2
civ,1971,70080560.5
civ,1972,112370696
civ,1973,190079534.2
civ,1974,202695011.3
civ,1975,259918266.5
civ,1976,562844259.7
civ,1977,1229583693.3
civ,1978,509444186.8
civ,1979,742223486.3
civ,1980,1543554724.8
civ,1981,819526219.6
civ,1982,885965802.3
civ,1983,234932393.9
civ,1984,28994455.6
civ,1985,128722391.4
civ,1986,103685642.3
civ,1987,15778079.6
civ,1988,31072315.1
civ,1989,12018120.3
civ,1990,0
civ,1991,0
civ,1992,0
civ,1993,0
civ,1994,7560261.9
civ,1995,1313644.2
civ,1996,11728754.4
civ,1997,9171810.5
civ,1998,0
civ,1999,0
civ,2000,0
civ,2001,0
civ,2002,0
civ,2003,0
civ,2004,0
civ,2005,0
civ,2006,0
civ,2007,76500000
civ,2008,0
civ,2009,2332149000
civ,2010,0
civ,2011,0
civ,2012,283056000
civ,2013,3070736.4
civ,2014,750000000
civ,2015,1000000000
civ,2016,0
civ,2017,1955615115.6
cmr,1970,711065.3
cmr,1971,4430163.3
cmr,1972,19167570.1
cmr,1973,1226711.2
cmr,1974,65472969.2
cmr,1975,58770728.4
cmr,1976,233513288.5
cmr,1977,137273693.4
cmr,1978,201176613
cmr,1979,342762813.2
cmr,1980,15428041.6
cmr,1981,153575422.6
cmr,1982,60786939
cmr,1983,1318442.5
cmr,1984,81846873.2
cmr,1985,64168992.1
cmr,1986,253638780.6
cmr,1987,305477382.1
cmr,1988,532000040.2
cmr,1989,206270354.3
cmr,1990,5596659.7
cmr,1991,25273967.3
cmr,1992,16380294.6
cmr,1993,0
cmr,1994,0
cmr,1995,0
cmr,1996,0
cmr,1997,0
cmr,1998,0
cmr,1999,0
cmr,2000,0
cmr,2001,0
cmr,2002,1141445.5
cmr,2003,0
cmr,2004,0
cmr,2005,0
cmr,2006,0
cmr,2007,2335069.3
cmr,2008,0
cmr,2009,14231560.4
cmr,2010,0
cmr,2011,133981949.6
cmr,2012,63668138.1
cmr,2013,26514526.3
cmr,2014,65556388.9
cmr,2015,962595719.2
cmr,2016,319334078.6
cmr,2017,1308131606.7
cod,1970,230544180.1
cod,1971,107250109.3
cod,1972,164853877.1
cod,1973,764854782.8
cod,1974,608418408.7
cod,1975,211320365.5
cod,1976,184492407.7
cod,1977,96624196.3
cod,1978,120501069.3
cod,1979,155435693
cod,1980,139976336.7
cod,1981,88167557.5
cod,1982,42004407.7
cod,1983,6493556.7
cod,1984,22232235
cod,1985,16093000
cod,1986,63018218.5
cod,1987,8497056.7
cod,1988,40056627.5
cod,1989,0
cod,1990,0
cod,1991,0
cod,1992,0
cod,1993,0
cod,1994,0
cod,1995,0
cod,1996,0
cod,1997,0
cod,1998,0
cod,1999,0
cod,2000,0
cod,2001,0
cod,2002,0
cod,2003,29544000
cod,2004,0
cod,2005,0
cod,2006,1092000
cod,2007,0
cod,2008,0
cod,2009,0
cod,2010,19594243.4
cod,2011,0
cod,2012,16609000
cod,2013,516000
cod,2014,2919000
cod,2015,10071998.3
cod,2016,2436000
cod,2017,1596000
cog,1970,8717367.9
cog,1971,44666983.9
cog,1972,56495531.9
cog,1973,28219312.8
cog,1974,7773767
cog,1975,33107081.4
cog,1976,38844903.8
cog,1977,15514312.6
cog,1978,125119470.3
cog,1979,134763392.8
cog,1980,801197165.3
cog,1981,419329385.9
cog,1982,578505037.1
cog,1983,332887391.3
cog,1984,623724790.2
cog,1985,551156169.7
cog,1986,70090107.9
cog,1987,334312635.7
cog,1988,189364170.5
cog,1989,127835393.9
cog,1990,26815583.2
cog,1991,0
cog,1992,112743575
cog,1993,679123475
cog,1994,0
cog,1995,0
cog,1996,0
cog,1997,0
cog,1998,0
cog,1999,0
cog,2000,0
cog,2001,0
cog,2002,0
cog,2003,1322000
cog,2004,0
cog,2005,0
cog,2006,0
cog,2007,0
cog,2008,5115844.6
cog,2009,0
cog,2010,3050529.3
cog,2011,200000000
cog,2012,70959000
cog,2013,0
cog,2014,68429000
cog,2015,0
cog,2016,0
cog,2017,0
col,1970,138168274.8
col,1971,47825824.4
col,1972,110498176.1
col,1973,281991911
col,1974,126419052.1
col,1975,240477500.1
col,1976,265247512
col,1977,78310163.5
col,1978,228368426.8
col,1979,791916575.4
col,1980,967072672.7
col,1981,1110695414.5
col,1982,858776895.4
col,1983,709812369.4
col,1984,808742483.4
col,1985,1632696102.8
col,1986,593054754.8
col,1987,352386145.4
col,1988,1567379969
col,1989,1868808271.7
col,1990,332128713.9
col,1991,2024921011.7
col,1992,269297729.4
col,1993,776444835.5
col,1994,1209170001
col,1995,1099126933
col,1996,2465058065.5
col,1997,2237143000
col,1998,2072245929.8
col,1999,2369919000
col,2000,2731170399.5
col,2001,3108672562.3
col,2002,1492849906.1
col,2003,1820683000
col,2004,1461838000
col,2005,2900072609.9
col,2006,3347197503.2
col,2007,2840184000
col,2008,1355841000
col,2009,5681516302.5
col,2010,1375229000
col,2011,5311598001.4
col,2012,5287786363.7
col,2013,4976795540.2
col,2014,2951394507.8
col,2015,3519947000
col,2016,2524736276.1
col,2017,4625751000
com,1970,0
com,1971,0
com,1972,0
com,1973,0
com,1974,0
com,1975,0
com,1976,0
com,1977,0
com,1978,0
com,1979,0
com,1980,1449614.4
com,1981,0
com,1982,0
com,1983,0
com,1984,0
com,1985,0
com,1986,0
com,1987,0
com,1988,0
com,1989,0
com,1990,0
com,1991,0
com,1992,0
com,1993,0
com,1994,0
com,1995,0
com,1996,0
com,1997,0
com,1998,0
com,1999,0
com,2000,0
com,2001,0
com,2002,0
com,2003,0
com,2004,0
com,2005,0
com,2006,0
com,2007,0
com,2008,0
com,2009,0
com,2010,0
com,2011,0
com,2012,0
com,2013,0
com,2014,0
com,2015,0
com,2016,0
com,2017,0
cpv,1970,0
cpv,1971,0
cpv,1972,0
cpv,1973,0
cpv,1974,0
cpv,1975,0
cpv,1976,0
cpv,1977,0
cpv,1978,0
cpv,1979,0
cpv,1980,0
cpv,1981,0
cpv,1982,0
cpv,1983,3000000
cpv,1984,0
cpv,1985,0
cpv,1986,0
cpv,1987,0
cpv,1988,0
cpv,1989,0
cpv,1990,0
cpv,1991,0
cpv,1992,0
cpv,1993,0
cpv,1994,12000000
cpv,1995,0
cpv,1996,0
cpv,1997,0
cpv,1998,0
cpv,1999,0
cpv,2000,7810754.9
cpv,2001,16385429
cpv,2002,2130609.6
cpv,2003,0
cpv,2004,0
cpv,2005,0
cpv,2006,0
cpv,2007,137063563.1
cpv,2008,147171453.7
cpv,2009,139279740
cpv,2010,265378796.6
cpv,2011,0
cpv,2012,0
cpv,2013,40285420.9
cpv,2014,0
cpv,2015,0
cpv,2016,0
cpv,2017,0
cri,1970,8300000
cri,1971,38515000
cri,1972,27954000
cri,1973,55171226.8
cri,1974,79087808
cri,1975,78889210.8
cri,1976,150786837.2
cri,1977,196779000
cri,1978,154013000
cri,1979,292049678.9
cri,1980,294535377
cri,1981,110715000
cri,1982,23207298.9
cri,1983,176684000
cri,1984,50906000
cri,1985,114511212.5
cri,1986,9013897.4
cri,1987,5077000
cri,1988,4098000
cri,1989,4117885.3
cri,1990,35536000
cri,1991,5000000
cri,1992,0
cri,1993,25325000
cri,1994,8600000
cri,1995,1806000
cri,1996,2594000
cri,1997,83658000
cri,1998,200000000
cri,1999,300000000
cri,2000,500000000
cri,2001,387000000
cri,2002,27586000
cri,2003,595500000
cri,2004,60000000
cri,2005,75000000
cri,2006,50000000
cri,2007,11000000
cri,2008,0
cri,2009,140594000
cri,2010,313894000
cri,2011,339072000
cri,2012,1357000000
cri,2013,3210001000
cri,2014,1364470000
cri,2015,1048136000
cri,2016,560683000
cri,2017,155000000
dji,1970,0
dji,1971,0
dji,1972,0
dji,1973,0
dji,1974,0
dji,1975,0
dji,1976,0
dji,1977,0
dji,1978,0
dji,1979,0
dji,1980,4976606.3
dji,1981,0
dji,1982,4649000
dji,1983,5357392.2
dji,1984,0
dji,1985,0
dji,1986,0
dji,1987,0
dji,1988,0
dji,1989,0
dji,1990,0
dji,1991,0
dji,1992,0
dji,1993,0
dji,1994,0
dji,1995,0
dji,1996,3570000
dji,1997,0
dji,1998,0
dji,1999,0
dji,2000,0
dji,2001,0
dji,2002,0
dji,2003,0
dji,2004,0
dji,2005,18986552
dji,2006,0
dji,2007,0
dji,2008,0
dji,2009,0
dji,2010,0
dji,2011,0
dji,2012,0
dji,2013,0
dji,2014,0
dji,2015,0
dji,2016,0
dji,2017,0
dma,1970,0
dma,1971,0
dma,1972,0
dma,1973,0
dma,1974,0
dma,1975,0
dma,1976,0
dma,1977,0
dma,1978,0
dma,1979,0
dma,1980,0
dma,1981,0
dma,1982,0
dma,1983,0
dma,1984,0
dma,1985,0
dma,1986,291510.2
dma,1987,0
dma,1988,0
dma,1989,0
dma,1990,0
dma,1991,0
dma,1992,0
dma,1993,0
dma,1994,0
dma,1995,0
dma,1996,0
dma,1997,0
dma,1998,0
dma,1999,49549575
dma,2000,12129000
dma,2001,2500000
dma,2002,15899999.2
dma,2003,0
dma,2004,14634148.1
dma,2005,0
dma,2006,0
dma,2007,0
dma,2008,1724342
dma,2009,0
dma,2010,0
dma,2011,0
dma,2012,0
dma,2013,0
dma,2014,0
dma,2015,0
dma,2016,0
dma,2017,0
dom,1970,0
dom,1971,1689000
dom,1972,37748207.5
dom,1973,49284000
dom,1974,65148000
dom,1975,23221000
dom,1976,57500000
dom,1977,90112000
dom,1978,93300000
dom,1979,212077425.4
dom,1980,176833927.1
dom,1981,20800000
dom,1982,1758000
dom,1983,29132000
dom,1984,94402362.5
dom,1985,22478000
dom,1986,43885196.3
dom,1987,19100000
dom,1988,0
dom,1989,0
dom,1990,8928862.9
dom,1991,21871972.6
dom,1992,0
dom,1993,621543.5
dom,1994,3400338.2
dom,1995,5687000
dom,1996,24822000
dom,1997,49534000
dom,1998,315256000
dom,1999,214513134.7
dom,2000,249750000
dom,2001,1978410894.9
dom,2002,704247053.4
dom,2003,1750800132.7
dom,2004,3810000
dom,2005,91683000
dom,2006,851019729.7
dom,2007,24674000
dom,2008,22968000
dom,2009,434906615.5
dom,2010,1010696000
dom,2011,1177292373.5
dom,2012,0
dom,2013,1541783941
dom,2014,1988350000
dom,2015,4384447698.4
dom,2016,1582441203.5
dom,2017,1710449000
dza,1970,299158971
dza,1971,550301312.9
dza,1972,376452586.7
dza,1973,1900006933.7
dza,1974,1294561582.3
dza,1975,3635567925
dza,1976,2828649778.9
dza,1977,2969935649.2
dza,1978,5447887307.9
dza,1979,5307537824
dza,1980,2279402186.9
dza,1981,1181909275.4
dza,1982,2279667749.4
dza,1983,5739495950.9
dza,1984,3757434436.6
dza,1985,2877361332.4
dza,1986,2737184664.7
dza,1987,4279121754.4
dza,1988,8239596034.2
dza,1989,6483713421.6
dza,1990,6070978491
dza,1991,8230737343.9
dza,1992,8331124275.9
dza,1993,4456807195
dza,1994,2242049856.1
dza,1995,796435254
dza,1996,722798802.1
dza,1997,325957268.7
dza,1998,493615499.7
dza,1999,783925440.3
dza,2000,700876240.4
dza,2001,831050474
dza,2002,600373770.8
dza,2003,629106886.2
dza,2004,785308406.9
dza,2005,165210871.7
dza,2006,72798028.4
dza,2007,43220253.4
dza,2008,26489389.9
dza,2009,0
dza,2010,0
dza,2011,0
dza,2012,0
dza,2013,0
dza,2014,0
dza,2015,0
dza,2016,0
dza,2017,0
ecu,1970,48410000
ecu,1971,55915534.6
ecu,1972,59631302.3
ecu,1973,40893206
ecu,1974,19994117.1
ecu,1975,120924372.5
ecu,1976,234729761.2
ecu,1977,621955709.5
ecu,1978,431005620.4
ecu,1979,1125769675.4
ecu,1980,583827000
ecu,1981,480581451.1
ecu,1982,144144813.4
ecu,1983,540685933.6
ecu,1984,207291815.7
ecu,1985,434653749.4
ecu,1986,402764147.8
ecu,1987,563222743.3
ecu,1988,158394405
ecu,1989,149292000
ecu,1990,228040000
ecu,1991,130603570.9
ecu,1992,182922417.5
ecu,1993,60745000
ecu,1994,103717000
ecu,1995,150000000
ecu,1996,584363939.9
ecu,1997,1078254410.9
ecu,1998,199164000
ecu,1999,0
ecu,2000,1482550000
ecu,2001,152971000
ecu,2002,23245000
ecu,2003,69794000
ecu,2004,36833000
ecu,2005,665317636.1
ecu,2006,113990000
ecu,2007,0
ecu,2008,1200000
ecu,2009,0
ecu,2010,0
ecu,2011,0
ecu,2012,0
ecu,2013,48650000
ecu,2014,4793602379.2
ecu,2015,1829617000
ecu,2016,3828299000
ecu,2017,6017565000
egy,1970,18444970.1
egy,1971,17488593
egy,1972,60289601.7
egy,1973,19384258.6
egy,1974,204389946.5
egy,1975,107141490.9
egy,1976,236309189.5
egy,1977,415962611.4
egy,1978,485914968.5
egy,1979,643513445.7
egy,1980,797463404.3
egy,1981,1929550157
egy,1982,1766423878.1
egy,1983,1177579733.7
egy,1984,1263880267.8
egy,1985,1157800287.2
egy,1986,873394786
egy,1987,832132071.5
egy,1988,878253923.2
egy,1989,1300939123
egy,1990,200849601.1
egy,1991,222267538.3
egy,1992,161555409.2
egy,1993,61522323.2
egy,1994,15518465
egy,1995,1376962.9
egy,1996,0
egy,1997,219538851.5
egy,1998,0
egy,1999,0
egy,2000,330782504.1
egy,2001,1655000000
egy,2002,43744512.5
egy,2003,16562000
egy,2004,261363019.3
egy,2005,1991200068.8
egy,2006,30958869.2
egy,2007,919734211.2
egy,2008,90462939.2
egy,2009,13486457.2
egy,2010,1707093613.3
egy,2011,43364598.4
egy,2012,500000000
egy,2013,2600268569.5
egy,2014,550787332.9
egy,2015,983469670.6
egy,2016,1706860823
egy,2017,7255731468.8
eri,1970,0
eri,1971,0
eri,1972,0
eri,1973,0
eri,1974,0
eri,1975,0
eri,1976,0
eri,1977,0
eri,1978,0
eri,1979,0
eri,1980,0
eri,1981,0
eri,1982,0
eri,1983,0
eri,1984,0
eri,1985,0
eri,1986,0
eri,1987,0
eri,1988,0
eri,1989,0
eri,1990,0
eri,1991,0
eri,1992,0
eri,1993,0
eri,1994,0
eri,1995,0
eri,1996,0
eri,1997,0
eri,1998,0
eri,1999,0
eri,2000,0
eri,2001,0
eri,2002,0
eri,2003,0
eri,2004,35316054.9
eri,2005,0
eri,2006,0
eri,2007,0
eri,2008,0
eri,2009,0
eri,2010,0
eri,2011,0
eri,2012,0
eri,2013,0
eri,2014,0
eri,2015,0
eri,2016,0
eri,2017,0
eth,1970,3224800
eth,1971,723946.7
eth,1972,305597.2
eth,1973,6418578.6
eth,1974,115432
eth,1975,6069899.1
eth,1976,6283573.4
eth,1977,806000
eth,1978,9760000
eth,1979,31003988.7
eth,1980,60182504.5
eth,1981,199371549.9
eth,1982,19172056.1
eth,1983,74590821.4
eth,1984,120304701.4
eth,1985,115373860.6
eth,1986,44043094.6
eth,1987,241120754.9
eth,1988,128806558.8
eth,1989,36472447.7
eth,1990,344599129.7
eth,1991,7170594.4
eth,1992,5179555.5
eth,1993,0
eth,1994,0
eth,1995,0
eth,1996,49045000
eth,1997,14749669.8
eth,1998,0
eth,1999,0
eth,2000,0
eth,2001,0
eth,2002,0
eth,2003,384720000
eth,2004,0
eth,2005,0
eth,2006,1488811000
eth,2007,76279984.7
eth,2008,123461008.7
eth,2009,256917425.8
eth,2010,834046000
eth,2011,721313000
eth,2012,95000000
eth,2013,1944687000
eth,2014,2634204000
eth,2015,300283000
eth,2016,113316000
eth,2017,990308622.9
fji,1970,218700
fji,1971,6783639.6
fji,1972,4791009.2
fji,1973,12959669.8
fji,1974,0
fji,1975,0
fji,1976,0
fji,1977,10464306.3
fji,1978,0
fji,1979,40611000
fji,1980,6490000
fji,1981,14140729.2
fji,1982,28878000
fji,1983,6067970
fji,1984,18464308.4
fji,1985,8775839.5
fji,1986,1966000
fji,1987,0
fji,1988,17356031
fji,1989,0
fji,1990,143994.3
fji,1991,0
fji,1992,0
fji,1993,0
fji,1994,0
fji,1995,0
fji,1996,0
fji,1997,0
fji,1998,0
fji,1999,0
fji,2000,0
fji,2001,0
fji,2002,0
fji,2003,0
fji,2004,0
fji,2005,0
fji,2006,150000000
fji,2007,0
fji,2008,0
fji,2009,0
fji,2010,0
fji,2011,250000000
fji,2012,0
fji,2013,0
fji,2014,0
fji,2015,200000000
fji,2016,0
fji,2017,0
gab,1970,29148820.6
gab,1971,25287596.3
gab,1972,76664950.8
gab,1973,181586816.6
gab,1974,131846197.2
gab,1975,290562994.1
gab,1976,399192846.6
gab,1977,184484159.2
gab,1978,219884833.2
gab,1979,180808862.7
gab,1980,130968188.3
gab,1981,38308935.3
gab,1982,604956868.8
gab,1983,66420692.6
gab,1984,73922100.7
gab,1985,279762346.4
gab,1986,122052742.9
gab,1987,82762986.4
gab,1988,56570729.8
gab,1989,22468082.1
gab,1990,9668000
gab,1991,0
gab,1992,4806739.6
gab,1993,0
gab,1994,0
gab,1995,0
gab,1996,0
gab,1997,51455815.6
gab,1998,57888297
gab,1999,0
gab,2000,0
gab,2001,0
gab,2002,39492776.3
gab,2003,0
gab,2004,0
gab,2005,35756905.8
gab,2006,0
gab,2007,1503235525.7
gab,2008,14044571.8
gab,2009,473595651.8
gab,2010,431528480.6
gab,2011,278226049
gab,2012,146512326
gab,2013,1855617379.1
gab,2014,0
gab,2015,500000000
gab,2016,72341304.1
gab,2017,200000000
geo,1970,0
geo,1971,0
geo,1972,0
geo,1973,0
geo,1974,0
geo,1975,0
geo,1976,0
geo,1977,0
geo,1978,0
geo,1979,0
geo,1980,0
geo,1981,0
geo,1982,0
geo,1983,0
geo,1984,0
geo,1985,0
geo,1986,0
geo,1987,0
geo,1988,0
geo,1989,0
geo,1990,0
geo,1991,0
geo,1992,926000
geo,1993,0
geo,1994,0
geo,1995,0
geo,1996,0
geo,1997,0
geo,1998,0
geo,1999,0
geo,2000,0
geo,2001,0
geo,2002,0
geo,2003,0
geo,2004,0
geo,2005,0
geo,2006,0
geo,2007,0
geo,2008,500000000
geo,2009,0
geo,2010,250000000
geo,2011,500000000
geo,2012,263928795.8
geo,2013,0
geo,2014,0
geo,2015,91863847.4
geo,2016,250000000
geo,2017,7902889.3
gha,1970,3204900
gha,1971,4978000
gha,1972,98769.7
gha,1973,17945390.1
gha,1974,0
gha,1975,0
gha,1976,22384549.7
gha,1977,6755000
gha,1978,21500000
gha,1979,0
gha,1980,0
gha,1981,73352318.1
gha,1982,7989304.7
gha,1983,0
gha,1984,40900234.5
gha,1985,55511725.6
gha,1986,122244728.9
gha,1987,30840009.6
gha,1988,19927763.2
gha,1989,40526819.2
gha,1990,105960753.2
gha,1991,78242310.5
gha,1992,136308104.5
gha,1993,100445591.5
gha,1994,203360545.3
gha,1995,231033562
gha,1996,153472501.2
gha,1997,127433579.2
gha,1998,113137016.7
gha,1999,327341046.6
gha,2000,209893462.1
gha,2001,76139964.1
gha,2002,68708421.3
gha,2003,10488709.4
gha,2004,77473093.1
gha,2005,40609981.3
gha,2006,134273290.9
gha,2007,813758420.9
gha,2008,463529179.2
gha,2009,322209935.3
gha,2010,1906996070.7
gha,2011,940270147.2
gha,2012,1037333635.6
gha,2013,1689636389
gha,2014,1700227280.8
gha,2015,1352376920.3
gha,2016,1073575742.9
gha,2017,133643502.8
gin,1970,26069165.4
gin,1971,14547498.7
gin,1972,11076311.2
gin,1973,18386000
gin,1974,6378000
gin,1975,26638565.9
gin,1976,17810448.6
gin,1977,22514745.4
gin,1978,105159199.4
gin,1979,47829685.9
gin,1980,72422191.8
gin,1981,33989292.7
gin,1982,29093107.8
gin,1983,34799700.6
gin,1984,7914238.2
gin,1985,4002792.9
gin,1986,2643556.2
gin,1987,0
gin,1988,37416755.7
gin,1989,0
gin,1990,0
gin,1991,0
gin,1992,0
gin,1993,11000000
gin,1994,0
gin,1995,43568000
gin,1996,0
gin,1997,0
gin,1998,0
gin,1999,0
gin,2000,0
gin,2001,0
gin,2002,0
gin,2003,327939975
gin,2004,32577055.8
gin,2005,0
gin,2006,0
gin,2007,0
gin,2008,0
gin,2009,0
gin,2010,0
gin,2011,0
gin,2012,0
gin,2013,0
gin,2014,0
gin,2015,0
gin,2016,0
gin,2017,0
gmb,1970,0
gmb,1971,0
gmb,1972,0
gmb,1973,0
gmb,1974,0
gmb,1975,0
gmb,1976,1063000
gmb,1977,0
gmb,1978,486000
gmb,1979,15946000
gmb,1980,27268666.7
gmb,1981,79707.6
gmb,1982,11439983.2
gmb,1983,2336077.3
gmb,1984,0
gmb,1985,0
gmb,1986,0
gmb,1987,0
gmb,1988,0
gmb,1989,0
gmb,1990,0
gmb,1991,0
gmb,1992,0
gmb,1993,0
gmb,1994,0
gmb,1995,0
gmb,1996,0
gmb,1997,0
gmb,1998,0
gmb,1999,0
gmb,2000,0
gmb,2001,0
gmb,2002,0
gmb,2003,0
gmb,2004,0
gmb,2005,0
gmb,2006,0
gmb,2007,22276940.9
gmb,2008,0
gmb,2009,0
gmb,2010,0
gmb,2011,0
gmb,2012,0
gmb,2013,0
gmb,2014,0
gmb,2015,0
gmb,2016,0
gmb,2017,0
gnb,1970,0
gnb,1971,0
gnb,1972,0
gnb,1973,0
gnb,1974,0
gnb,1975,0
gnb,1976,4877282
gnb,1977,4853931.2
gnb,1978,4648303.6
gnb,1979,32690729
gnb,1980,1253389.8
gnb,1981,0
gnb,1982,5084460.2
gnb,1983,0
gnb,1984,28501292
gnb,1985,0
gnb,1986,4473719.4
gnb,1987,0
gnb,1988,0
gnb,1989,0
gnb,1990,0
gnb,1991,0
gnb,1992,0
gnb,1993,0
gnb,1994,0
gnb,1995,0
gnb,1996,0
gnb,1997,0
gnb,1998,0
gnb,1999,0
gnb,2000,0
gnb,2001,0
gnb,2002,0
gnb,2003,0
gnb,2004,0
gnb,2005,0
gnb,2006,0
gnb,2007,0
gnb,2008,0
gnb,2009,0
gnb,2010,0
gnb,2011,0
gnb,2012,0
gnb,2013,0
gnb,2014,0
gnb,2015,0
gnb,2016,0
gnb,2017,0
grd,1970,5563000
grd,1971,567117.6
grd,1972,0
grd,1973,0
grd,1974,0
grd,1975,0
grd,1976,0
grd,1977,0
grd,1978,500000
grd,1979,0
grd,1980,0
grd,1981,1269000
grd,1982,5118383.4
grd,1983,412622
grd,1984,0
grd,1985,1154072.9
grd,1986,1154072.9
grd,1987,0
grd,1988,0
grd,1989,560779.2
grd,1990,0
grd,1991,12558970.6
grd,1992,0
grd,1993,100000
grd,1994,0
grd,1995,0
grd,1996,0
grd,1997,3697000
grd,1998,0
grd,1999,2490000
grd,2000,56600000
grd,2001,2284000
grd,2002,110000000
grd,2003,588000
grd,2004,41500000
grd,2005,0
grd,2006,7275000
grd,2007,0
grd,2008,0
grd,2009,0
grd,2010,0
grd,2011,0
grd,2012,0
grd,2013,0
grd,2014,0
grd,2015,0
grd,2016,0
grd,2017,0
gtm,1970,22834000
gtm,1971,14518000
gtm,1972,18284000
gtm,1973,2802000
gtm,1974,282000
gtm,1975,5457000
gtm,1976,0
gtm,1977,215000
gtm,1978,550000
gtm,1979,2756000
gtm,1980,122822000
gtm,1981,118926000
gtm,1982,106300000
gtm,1983,138051000
gtm,1984,139664533.1
gtm,1985,76865418.2
gtm,1986,25123000
gtm,1987,13009270.3
gtm,1988,25918000
gtm,1989,43335960.8
gtm,1990,30818000
gtm,1991,15651000
gtm,1992,168435000
gtm,1993,10000000
gtm,1994,0
gtm,1995,0
gtm,1996,0
gtm,1997,150000000
gtm,1998,0
gtm,1999,0
gtm,2000,0
gtm,2001,325000000
gtm,2002,0
gtm,2003,300000000
gtm,2004,330000000
gtm,2005,0
gtm,2006,3990483.3
gtm,2007,0
gtm,2008,0
gtm,2009,0
gtm,2010,0
gtm,2011,0
gtm,2012,736964000
gtm,2013,700000000
gtm,2014,0
gtm,2015,0
gtm,2016,723235964.9
gtm,2017,500000000
guy,1970,0
guy,1971,0
guy,1972,0
guy,1973,16770193.7
guy,1974,23392755.9
guy,1975,61903339.6
guy,1976,60545114.8
guy,1977,8580064.8
guy,1978,9968000
guy,1979,51858777.3
guy,1980,39404089.2
guy,1981,24400804.1
guy,1982,600000
guy,1983,2560000
guy,1984,18120000
guy,1985,3391672
guy,1986,11251000
guy,1987,23499840.9
guy,1988,11301065.5
guy,1989,30561766.7
guy,1990,0
guy,1991,0
guy,1992,776000
guy,1993,0
guy,1994,0
guy,1995,9000000
guy,1996,650000
guy,1997,0
guy,1998,0
guy,1999,0
guy,2000,0
guy,2001,0
guy,2002,0
guy,2003,0
guy,2004,0
guy,2005,0
guy,2006,0
guy,2007,0
guy,2008,0
guy,2009,0
guy,2010,0
guy,2011,0
guy,2012,0
guy,2013,0
guy,2014,0
guy,2015,0
guy,2016,0
guy,2017,17307000
hnd,1970,0
hnd,1971,2135000
hnd,1972,4165000
hnd,1973,11963000
hnd,1974,4149000
hnd,1975,5610000
hnd,1976,38891337
hnd,1977,37106662.1
hnd,1978,85791538.7
hnd,1979,142201949
hnd,1980,42719000
hnd,1981,120652698.8
hnd,1982,25316054.7
hnd,1983,54175224.6
hnd,1984,25570074
hnd,1985,61741904.9
hnd,1986,6663083.8
hnd,1987,17544032.5
hnd,1988,23400566.4
hnd,1989,32115460
hnd,1990,41789000
hnd,1991,22079000
hnd,1992,7273000
hnd,1993,210544000
hnd,1994,0
hnd,1995,26334174.5
hnd,1996,0
hnd,1997,7719840
hnd,1998,0
hnd,1999,5750000
hnd,2000,733673.2
hnd,2001,0
hnd,2002,0
hnd,2003,0
hnd,2004,0
hnd,2005,2477000
hnd,2006,0
hnd,2007,0
hnd,2008,0
hnd,2009,0
hnd,2010,6634469.9
hnd,2011,9204111.9
hnd,2012,29665913.7
hnd,2013,1080348410
hnd,2014,100000000
hnd,2015,0
hnd,2016,7188764.9
hnd,2017,724337512.1
hti,1970,5291000
hti,1971,4484000
hti,1972,0
hti,1973,1625000
hti,1974,1266000
hti,1975,0
hti,1976,9430000
hti,1977,8800000
hti,1978,5160000
hti,1979,17140000
hti,1980,22858848.8
hti,1981,57971000
hti,1982,5942000
hti,1983,0
hti,1984,0
hti,1985,0
hti,1986,0
hti,1987,0
hti,1988,0
hti,1989,0
hti,1990,0
hti,1991,0
hti,1992,0
hti,1993,0
hti,1994,0
hti,1995,0
hti,1996,0
hti,1997,0
hti,1998,0
hti,1999,0
hti,2000,0
hti,2001,0
hti,2002,0
hti,2003,0
hti,2004,0
hti,2005,0
hti,2006,0
hti,2007,0
hti,2008,0
hti,2009,0
hti,2010,0
hti,2011,0
hti,2012,0
hti,2013,0
hti,2014,0
hti,2015,0
hti,2016,0
hti,2017,0
idn,1970,33000869.5
idn,1971,206960130.3
idn,1972,357560000
idn,1973,642864775.2
idn,1974,1514487720.4
idn,1975,2206918463.9
idn,1976,1444059080.5
idn,1977,338324929
idn,1978,1699016306
idn,1979,1850047136.7
idn,1980,1753237171
idn,1981,2794550631.4
idn,1982,4474659196
idn,1983,3392889227.5
idn,1984,2071491514
idn,1985,2151294508
idn,1986,2181513811.3
idn,1987,1249186628.6
idn,1988,1363584020.3
idn,1989,1916802798.7
idn,1990,1639386087
idn,1991,2712880674
idn,1992,2739097340.6
idn,1993,3658353835.7
idn,1994,2360193024.1
idn,1995,3879929747.3
idn,1996,3316436929.4
idn,1997,1777500686
idn,1998,123555006.3
idn,1999,216347475.2
idn,2000,737001233.6
idn,2001,326524791.9
idn,2002,425975982.5
idn,2003,922988700.6
idn,2004,1548133720.6
idn,2005,5823435050.2
idn,2006,5168611793.6
idn,2007,3840347910.6
idn,2008,4627458207.6
idn,2009,7659573961
idn,2010,6030664162.2
idn,2011,6217161682.2
idn,2012,26235714379.9
idn,2013,10667664475.1
idn,2014,27520372292.5
idn,2015,22681568365.1
idn,2016,19409053564.3
idn,2017,24335236687.1
ind,1970,159400271.2
ind,1971,17520211.3
ind,1972,70066487.9
ind,1973,76373686.5
ind,1974,39887349.2
ind,1975,28235875
ind,1976,38581974.8
ind,1977,173194000
ind,1978,24948509.8
ind,1979,159617000
ind,1980,1415816615
ind,1981,637788956.5
ind,1982,1929648677.5
ind,1983,2148304597
ind,1984,1677040138.1
ind,1985,2285544004.4
ind,1986,3449394977.5
ind,1987,3301494862.7
ind,1988,6684517786.8
ind,1989,4540267089.9
ind,1990,4319238479
ind,1991,2469709603
ind,1992,3695355449.3
ind,1993,4223951870.5
ind,1994,521976846.4
ind,1995,944427485
ind,1996,3595588867.8
ind,1997,3624589271.8
ind,1998,9734939640.5
ind,1999,379771619.7
ind,2000,6980172044.6
ind,2001,200000000
ind,2002,524991145.1
ind,2003,175000000
ind,2004,360752000
ind,2005,521812725
ind,2006,2698004600.6
ind,2007,4250162050.4
ind,2008,1313887417.3
ind,2009,2049508681.1
ind,2010,5428765064.6
ind,2011,6736270035
ind,2012,4464712907.6
ind,2013,10726358562.4
ind,2014,10915214597.9
ind,2015,9039988273.8
ind,2016,3608089000
ind,2017,6077216242
irn,1970,0
irn,1971,0
irn,1972,0
irn,1973,0
irn,1974,0
irn,1975,0
irn,1976,0
irn,1977,0
irn,1978,0
irn,1979,0
irn,1980,0
irn,1981,135315
irn,1982,3363060
irn,1983,248160
irn,1984,263912.5
irn,1985,27542.5
irn,1986,39199100
irn,1987,0
irn,1988,62622856.1
irn,1989,227861039.1
irn,1990,937769297.4
irn,1991,2593009669.6
irn,1992,1357597451.5
irn,1993,64209007.2
irn,1994,299011149.3
irn,1995,1520209090.4
irn,1996,1349712170.8
irn,1997,279377513.5
irn,1998,665969006.6
irn,1999,2025293499.7
irn,2000,1755652993.2
irn,2001,1835226114.8
irn,2002,1079729633.1
irn,2003,2159548728.8
irn,2004,1766433165.4
irn,2005,1084507970.3
irn,2006,777406865.7
irn,2007,0
irn,2008,35817304.4
irn,2009,1878883.7
irn,2010,12403805
irn,2011,1659803.1
irn,2012,8098581.6
irn,2013,0
irn,2014,0
irn,2015,106693875.6
irn,2016,0
irn,2017,0
jam,1970,0
jam,1971,48172742.7
jam,1972,80247018.5
jam,1973,124620663.8
jam,1974,142141584.5
jam,1975,163248188.7
jam,1976,62189722.3
jam,1977,65364776.3
jam,1978,109692380.5
jam,1979,44808032.8
jam,1980,25832773.4
jam,1981,107492785.4
jam,1982,59078180.4
jam,1983,151021859.7
jam,1984,89768842.8
jam,1985,69907944
jam,1986,93644436.6
jam,1987,82577727.2
jam,1988,67064981.2
jam,1989,84429831.4
jam,1990,39524319.3
jam,1991,8413367.1
jam,1992,64736295
jam,1993,52489001.2
jam,1994,25000000
jam,1995,83390824
jam,1996,99430376.2
jam,1997,16425300.6
jam,1998,281928000
jam,1999,45581000
jam,2000,665131465.5
jam,2001,825489093.2
jam,2002,445773439.7
jam,2003,88918712
jam,2004,978371151.9
jam,2005,957666219
jam,2006,572101240.3
jam,2007,715478035.5
jam,2008,395238374.7
jam,2009,319088757.5
jam,2010,0
jam,2011,827853852.4
jam,2012,0
jam,2013,0
jam,2014,805435000
jam,2015,2000401525.1
jam,2016,743238000
jam,2017,869000000
jor,1970,11072000
jor,1971,0
jor,1972,3613099.1
jor,1973,12214434.1
jor,1974,7956529.4
jor,1975,23600000
jor,1976,7500000
jor,1977,268302220.4
jor,1978,114702000
jor,1979,79639970.8
jor,1980,106279050
jor,1981,273266725
jor,1982,39669178.7
jor,1983,329950906.7
jor,1984,338106919.2
jor,1985,558100489.3
jor,1986,1257007370.9
jor,1987,450569188.1
jor,1988,870392485.8
jor,1989,132352986
jor,1990,97200000
jor,1991,35542487.6
jor,1992,57297608.5
jor,1993,25619000
jor,1994,0
jor,1995,0
jor,1996,0
jor,1997,0
jor,1998,0
jor,1999,0
jor,2000,0
jor,2001,0
jor,2002,11587410
jor,2003,20000000
jor,2004,173561000
jor,2005,0
jor,2006,9291798.3
jor,2007,1100818.4
jor,2008,0
jor,2009,0
jor,2010,768547743.9
jor,2011,0
jor,2012,86401862.2
jor,2013,2400000000
jor,2014,1000000000
jor,2015,2000000000
jor,2016,2150000000
jor,2017,2000000000
kaz,1970,0
kaz,1971,0
kaz,1972,0
kaz,1973,0
kaz,1974,0
kaz,1975,0
kaz,1976,0
kaz,1977,0
kaz,1978,0
kaz,1979,0
kaz,1980,0
kaz,1981,0
kaz,1982,0
kaz,1983,0
kaz,1984,0
kaz,1985,0
kaz,1986,0
kaz,1987,0
kaz,1988,0
kaz,1989,0
kaz,1990,0
kaz,1991,0
kaz,1992,119926951.7
kaz,1993,417417762.7
kaz,1994,40138420
kaz,1995,101381447.4
kaz,1996,252728860.7
kaz,1997,498769170.4
kaz,1998,37871310.6
kaz,1999,371052332.5
kaz,2000,460000000
kaz,2001,25168706.7
kaz,2002,94914861.9
kaz,2003,0
kaz,2004,0
kaz,2005,0
kaz,2006,0
kaz,2007,0
kaz,2008,0
kaz,2009,0
kaz,2010,0
kaz,2011,0
kaz,2012,2309775000
kaz,2013,4625000000
kaz,2014,2500000000
kaz,2015,4000000000
kaz,2016,0
kaz,2017,0
ken,1970,1082027.2
ken,1971,12417610.6
ken,1972,27928600.4
ken,1973,4267208.5
ken,1974,6371545
ken,1975,110844431.6
ken,1976,176359858
ken,1977,181146272.3
ken,1978,139320491.2
ken,1979,362145651.6
ken,1980,4026795
ken,1981,136312176.5
ken,1982,101079085.3
ken,1983,12366664
ken,1984,159983674.4
ken,1985,145165959
ken,1986,151692141.2
ken,1987,215484392.9
ken,1988,218837350.2
ken,1989,263554602.5
ken,1990,224069406
ken,1991,329544847.3
ken,1992,30000000
ken,1993,0
ken,1994,0
ken,1995,104917062.4
ken,1996,34909928.9
ken,1997,14107000
ken,1998,278782242.5
ken,1999,51916352.7
ken,2000,4887000
ken,2001,149991000
ken,2002,214092844.9
ken,2003,58799637.5
ken,2004,41800000
ken,2005,0
ken,2006,0
ken,2007,15508742.2
ken,2008,6029614.5
ken,2009,8913289.1
ken,2010,10073779.1
ken,2011,0
ken,2012,683028148.6
ken,2013,109606110.3
ken,2014,2761844818.8
ken,2015,1209769843.8
ken,2016,512482055.6
ken,2017,3425290276
kgz,1970,0
kgz,1971,0
kgz,1972,0
kgz,1973,0
kgz,1974,0
kgz,1975,0
kgz,1976,0
kgz,1977,0
kgz,1978,0
kgz,1979,0
kgz,1980,0
kgz,1981,0
kgz,1982,0
kgz,1983,0
kgz,1984,0
kgz,1985,0
kgz,1986,0
kgz,1987,0
kgz,1988,0
kgz,1989,0
kgz,1990,0
kgz,1991,0
kgz,1992,0
kgz,1993,0
kgz,1994,0
kgz,1995,0
kgz,1996,7000000
kgz,1997,23012000
kgz,1998,11150139.1
kgz,1999,1958181.5
kgz,2000,0
kgz,2001,787659.3
kgz,2002,0
kgz,2003,0
kgz,2004,0
kgz,2005,0
kgz,2006,0
kgz,2007,0
kgz,2008,0
kgz,2009,0
kgz,2010,0
kgz,2011,0
kgz,2012,0
kgz,2013,0
kgz,2014,0
kgz,2015,0
kgz,2016,0
kgz,2017,0
khm,1970,0
khm,1971,0
khm,1972,0
khm,1973,0
khm,1974,0
khm,1975,0
khm,1976,0
khm,1977,0
khm,1978,0
khm,1979,0
khm,1980,0
khm,1981,0
khm,1982,0
khm,1983,0
khm,1984,0
khm,1985,0
khm,1986,0
khm,1987,0
khm,1988,0
khm,1989,0
khm,1990,0
khm,1991,0
khm,1992,0
khm,1993,0
khm,1994,15995000
khm,1995,0
khm,1996,0
khm,1997,0
khm,1998,0
khm,1999,0
khm,2000,0
khm,2001,0
khm,2002,0
khm,2003,0
khm,2004,0
khm,2005,0
khm,2006,0
khm,2007,0
khm,2008,0
khm,2009,0
khm,2010,0
khm,2011,0
khm,2012,0
khm,2013,0
khm,2014,0
khm,2015,0
khm,2016,0
khm,2017,0
kos,1970,0
kos,1971,0
kos,1972,0
kos,1973,0
kos,1974,0
kos,1975,0
kos,1976,0
kos,1977,0
kos,1978,0
kos,1979,0
kos,1980,0
kos,1981,0
kos,1982,0
kos,1983,0
kos,1984,0
kos,1985,0
kos,1986,0
kos,1987,0
kos,1988,0
kos,1989,0
kos,1990,0
kos,1991,0
kos,1992,0
kos,1993,0
kos,1994,0
kos,1995,0
kos,1996,0
kos,1997,0
kos,1998,0
kos,1999,0
kos,2000,0
kos,2001,0
kos,2002,0
kos,2003,0
kos,2004,0
kos,2005,0
kos,2006,0
kos,2007,0
kos,2008,0
kos,2009,0
kos,2010,22557197.7
kos,2011,0
kos,2012,0
kos,2013,0
kos,2014,0
kos,2015,2883882.1
kos,2016,0
kos,2017,0
lao,1970,1526157.1
lao,1971,0
lao,1972,1718410
lao,1973,5171511.7
lao,1974,0
lao,1975,0
lao,1976,0
lao,1977,0
lao,1978,0
lao,1979,0
lao,1980,0
lao,1981,0
lao,1982,0
lao,1983,0
lao,1984,0
lao,1985,0
lao,1986,0
lao,1987,0
lao,1988,0
lao,1989,0
lao,1990,0
lao,1991,0
lao,1992,0
lao,1993,0
lao,1994,0
lao,1995,0
lao,1996,0
lao,1997,0
lao,1998,0
lao,1999,0
lao,2000,0
lao,2001,0
lao,2002,0
lao,2003,0
lao,2004,0
lao,2005,0
lao,2006,0
lao,2007,0
lao,2008,0
lao,2009,0
lao,2010,2636538.3
lao,2011,2925006.3
lao,2012,3807798.9
lao,2013,154854802
lao,2014,172023914.6
lao,2015,673334320.6
lao,2016,448830767.5
lao,2017,435675675.9
lbn,1970,0
lbn,1971,0
lbn,1972,0
lbn,1973,1417642.7
lbn,1974,0
lbn,1975,0
lbn,1976,0
lbn,1977,0
lbn,1978,233805377.5
lbn,1979,0
lbn,1980,78040000
lbn,1981,0
lbn,1982,0
lbn,1983,138072743.7
lbn,1984,0
lbn,1985,0
lbn,1986,9244000
lbn,1987,0
lbn,1988,24393930
lbn,1989,0
lbn,1990,0
lbn,1991,0
lbn,1992,0
lbn,1993,10354286.8
lbn,1994,412681908.6
lbn,1995,977082205.4
lbn,1996,291613073.7
lbn,1997,659519084.3
lbn,1998,1488025214
lbn,1999,1269618350.9
lbn,2000,2050792411.2
lbn,2001,2900983394.4
lbn,2002,5426849872.2
lbn,2003,1590062996.9
lbn,2004,5200881630.2
lbn,2005,2535286010.4
lbn,2006,3560315420.9
lbn,2007,3037511000
lbn,2008,2256612000
lbn,2009,2894015352.7
lbn,2010,1925000000
lbn,2011,3953975382.9
lbn,2012,5495887566.1
lbn,2013,3046055205.1
lbn,2014,1575000000
lbn,2015,3829387868.3
lbn,2016,3431664000
lbn,2017,4700000000
lbr,1970,2073000
lbr,1971,0
lbr,1972,0
lbr,1973,6275000
lbr,1974,0
lbr,1975,8665000
lbr,1976,8749000
lbr,1977,43766812.8
lbr,1978,117813000
lbr,1979,47728000
lbr,1980,10921000
lbr,1981,2200000
lbr,1982,190000
lbr,1983,8193710.8
lbr,1984,0
lbr,1985,0
lbr,1986,0
lbr,1987,0
lbr,1988,0
lbr,1989,0
lbr,1990,0
lbr,1991,0
lbr,1992,0
lbr,1993,0
lbr,1994,0
lbr,1995,0
lbr,1996,0
lbr,1997,0
lbr,1998,0
lbr,1999,0
lbr,2000,0
lbr,2001,0
lbr,2002,0
lbr,2003,0
lbr,2004,0
lbr,2005,0
lbr,2006,0
lbr,2007,0
lbr,2008,0
lbr,2009,0
lbr,2010,0
lbr,2011,0
lbr,2012,0
lbr,2013,0
lbr,2014,0
lbr,2015,0
lbr,2016,0
lbr,2017,0
lca,1970,0
lca,1971,0
lca,1972,0
lca,1973,0
lca,1974,0
lca,1975,0
lca,1976,0
lca,1977,0
lca,1978,0
lca,1979,0
lca,1980,0
lca,1981,0
lca,1982,0
lca,1983,0
lca,1984,0
lca,1985,0
lca,1986,3146709.1
lca,1987,38551.9
lca,1988,0
lca,1989,0
lca,1990,0
lca,1991,0
lca,1992,0
lca,1993,0
lca,1994,0
lca,1995,0
lca,1996,0
lca,1997,14074060
lca,1998,3374071
lca,1999,24089244.2
lca,2000,32518495
lca,2001,13407400
lca,2002,45000000
lca,2003,0
lca,2004,0
lca,2005,0
lca,2006,4444444.4
lca,2007,0
lca,2008,0
lca,2009,3394814.9
lca,2010,0
lca,2011,0
lca,2012,0
lca,2013,0
lca,2014,0
lca,2015,2000000
lca,2016,0
lca,2017,0
lka,1970,2979747.1
lka,1971,9386595.5
lka,1972,12834475.6
lka,1973,24969907.4
lka,1974,126631940.7
lka,1975,29712219.6
lka,1976,70276442.7
lka,1977,10013018.8
lka,1978,18714667
lka,1979,79838186.3
lka,1980,267942876.7
lka,1981,186121904.7
lka,1982,275715417.2
lka,1983,50659639.1
lka,1984,144845904
lka,1985,5190394.6
lka,1986,93783164.7
lka,1987,41305469.1
lka,1988,50441101.5
lka,1989,95564025.5
lka,1990,52636884.8
lka,1991,119124871.5
lka,1992,126781879.5
lka,1993,94820850.2
lka,1994,286311857
lka,1995,175816482.6
lka,1996,153754117.8
lka,1997,256674734.5
lka,1998,253859550
lka,1999,180712793.4
lka,2000,196363982
lka,2001,0
lka,2002,50155988.3
lka,2003,174863157.5
lka,2004,82301320.7
lka,2005,132697331.5
lka,2006,175069961
lka,2007,846134435.2
lka,2008,497851463.5
lka,2009,534744724
lka,2010,1183501146.5
lka,2011,1081565085.5
lka,2012,4285855023.3
lka,2013,1488457350.3
lka,2014,2442138927.3
lka,2015,2167872305
lka,2016,2469966505
lka,2017,2541643710.7
low_income,1970,303916921.3
low_income,1971,192055728.2
low_income,1972,233308264.5
low_income,1973,1015533279.5
low_income,1974,705839178.5
low_income,1975,413492334.4
low_income,1976,765170155.7
low_income,1977,725591590.6
low_income,1978,1580381756.1
low_income,1979,1917490385.2
low_income,1980,1550536462.3
low_income,1981,1808714983.9
low_income,1982,843718752.3
low_income,1983,715411566.5
low_income,1984,551692899.2
low_income,1985,716234147.6
low_income,1986,684310096.6
low_income,1987,764491210.2
low_income,1988,1139777393.5
low_income,1989,402137332.4
low_income,1990,458350785
low_income,1991,428806579.1
low_income,1992,169212805.2
low_income,1993,201350897
low_income,1994,120667740.2
low_income,1995,142682130.2
low_income,1996,84325906.5
low_income,1997,165881305.2
low_income,1998,124283341.4
low_income,1999,83917000.1
low_income,2000,19355659.8
low_income,2001,10453450.8
low_income,2002,48069997.3
low_income,2003,794511604.9
low_income,2004,100785090.7
low_income,2005,31356906.1
low_income,2006,1539919392
low_income,2007,143002527.2
low_income,2008,252479372.8
low_income,2009,548318914.7
low_income,2010,1119524334.5
low_income,2011,1729827269.5
low_income,2012,467980818.7
low_income,2013,5199599734.6
low_income,2014,5197184751.1
low_income,2015,692338765.8
low_income,2016,122258070.2
low_income,2017,4088720887.4
lower_middle_income,1970,942592238.4
lower_middle_income,1971,667455644
lower_middle_income,1972,1263925251.3
lower_middle_income,1973,1730270140.7
lower_middle_income,1974,3588346142.9
lower_middle_income,1975,5396038706.8
lower_middle_income,1976,5593270344.4
lower_middle_income,1977,5601548793.6
lower_middle_income,1978,9033918107.2
lower_middle_income,1979,10612647863.1
lower_middle_income,1980,11780278227.3
lower_middle_income,1981,16421180969.9
lower_middle_income,1982,15985282441.5
lower_middle_income,1983,11779631231.3
lower_middle_income,1984,8063856043.2
lower_middle_income,1985,9177048091.7
lower_middle_income,1986,9387388836.4
lower_middle_income,1987,7812704890.8
lower_middle_income,1988,11813358913.6
lower_middle_income,1989,10790006076.9
lower_middle_income,1990,10185952995.1
lower_middle_income,1991,8226712329.2
lower_middle_income,1992,11605412771.1
lower_middle_income,1993,12626462243.8
lower_middle_income,1994,6456809167.3
lower_middle_income,1995,8783160590.8
lower_middle_income,1996,12479669938.4
lower_middle_income,1997,13726655209.5
lower_middle_income,1998,16640128803.6
lower_middle_income,1999,8931048726.4
lower_middle_income,2000,14239144111.5
lower_middle_income,2001,9607848242.2
lower_middle_income,2002,10105512960.7
lower_middle_income,2003,13064431649.6
lower_middle_income,2004,15177157264.2
lower_middle_income,2005,19329133147.2
lower_middle_income,2006,19027913844.9
lower_middle_income,2007,21693069701.7
lower_middle_income,2008,14160055134.4
lower_middle_income,2009,23392238885.4
lower_middle_income,2010,33377365344.2
lower_middle_income,2011,28660334309.9
lower_middle_income,2012,58118572777.6
lower_middle_income,2013,42960594681.8
lower_middle_income,2014,66620833410.6
lower_middle_income,2015,65478708387.3
lower_middle_income,2016,37762404947.8
lower_middle_income,2017,70667267016.60001
lso,1970,294000
lso,1971,0
lso,1972,0
lso,1973,0
lso,1974,0
lso,1975,0
lso,1976,0
lso,1977,1670370.1
lso,1978,9597475
lso,1979,4751410
lso,1980,13300000
lso,1981,0
lso,1982,11339214.6
lso,1983,12778835.7
lso,1984,0
lso,1985,3816000
lso,1986,14687494.2
lso,1987,14168428.9
lso,1988,9184358.6
lso,1989,5064864.6
lso,1990,2000000
lso,1991,8216081
lso,1992,130261531.4
lso,1993,16202537.1
lso,1994,31052019.8
lso,1995,37308469.1
lso,1996,36550281
lso,1997,8473783.6
lso,1998,0
lso,1999,6302741.1
lso,2000,989519.5
lso,2001,0
lso,2002,0
lso,2003,0
lso,2004,0
lso,2005,0
lso,2006,0
lso,2007,0
lso,2008,0
lso,2009,0
lso,2010,0
lso,2011,0
lso,2012,0
lso,2013,0
lso,2014,0
lso,2015,0
lso,2016,0
lso,2017,0
mar,1970,49536816.8
mar,1971,50383752.1
mar,1972,22011235.3
mar,1973,31867418.8
mar,1974,179495142.4
mar,1975,1128180345.6
mar,1976,751907105.2
mar,1977,1140372228
mar,1978,1087682248.6
mar,1979,839161144.6
mar,1980,1109814022.6
mar,1981,1744831009.8
mar,1982,1103286134.7
mar,1983,636067250.4
mar,1984,286536902.8
mar,1985,321285389.3
mar,1986,705639226.1
mar,1987,398999492.7
mar,1988,432942844.9
mar,1989,637065091.4
mar,1990,804528165.5
mar,1991,766763085.7
mar,1992,705702351.5
mar,1993,653045583.8
mar,1994,539248491.7
mar,1995,213821184.1
mar,1996,393425653.1
mar,1997,518166507.6
mar,1998,378713275.8
mar,1999,524352929.4
mar,2000,47157198.1
mar,2001,1451045
mar,2002,41977543.1
mar,2003,730936919.7
mar,2004,86644225
mar,2005,135480839.3
mar,2006,668660406.8
mar,2007,825639379.6
mar,2008,106156241.2
mar,2009,127470850.9
mar,2010,3103677814.9
mar,2011,0
mar,2012,2582608938.7
mar,2013,0
mar,2014,3301026846.6
mar,2015,1209676232.1
mar,2016,22580932
mar,2017,0
mda,1970,0
mda,1971,0
mda,1972,0
mda,1973,0
mda,1974,0
mda,1975,0
mda,1976,0
mda,1977,0
mda,1978,0
mda,1979,0
mda,1980,0
mda,1981,0
mda,1982,0
mda,1983,0
mda,1984,0
mda,1985,0
mda,1986,0
mda,1987,0
mda,1988,0
mda,1989,0
mda,1990,0
mda,1991,0
mda,1992,0
mda,1993,0
mda,1994,7949766.7
mda,1995,28007082.5
mda,1996,119972003.8
mda,1997,91990033.6
mda,1998,0
mda,1999,0
mda,2000,2362223.5
mda,2001,0
mda,2002,0
mda,2003,0
mda,2004,0
mda,2005,0
mda,2006,8274000
mda,2007,0
mda,2008,0
mda,2009,13091000
mda,2010,20210232.9
mda,2011,7915467.1
mda,2012,28512412.5
mda,2013,3693000
mda,2014,11138127.4
mda,2015,0
mda,2016,0
mda,2017,0
mdg,1970,3674000
mdg,1971,0
mdg,1972,0
mdg,1973,0
mdg,1974,0
mdg,1975,0
mdg,1976,8114595.3
mdg,1977,31017573.7
mdg,1978,134016346.5
mdg,1979,205704960.9
mdg,1980,252155287.5
mdg,1981,60941143.1
mdg,1982,4984699.8
mdg,1983,17362625
mdg,1984,9342735
mdg,1985,13018112
mdg,1986,4410120.4
mdg,1987,0
mdg,1988,13555290.6
mdg,1989,0
mdg,1990,978340.2
mdg,1991,0
mdg,1992,0
mdg,1993,1939053.2
mdg,1994,0
mdg,1995,0
mdg,1996,0
mdg,1997,0
mdg,1998,0
mdg,1999,0
mdg,2000,0
mdg,2001,0
mdg,2002,0
mdg,2003,0
mdg,2004,0
mdg,2005,0
mdg,2006,18834726.3
mdg,2007,0
mdg,2008,158868.6
mdg,2009,0
mdg,2010,0
mdg,2011,0
mdg,2012,0
mdg,2013,14111800
mdg,2014,0
mdg,2015,72202000
mdg,2016,0
mdg,2017,57916888.7
mdv,1970,0
mdv,1971,0
mdv,1972,0
mdv,1973,0
mdv,1974,0
mdv,1975,0
mdv,1976,0
mdv,1977,0
mdv,1978,0
mdv,1979,0
mdv,1980,1809847.8
mdv,1981,1409394
mdv,1982,0
mdv,1983,12000000
mdv,1984,10595000
mdv,1985,1331945.7
mdv,1986,1659037.8
mdv,1987,0
mdv,1988,2821471.4
mdv,1989,2964643.6
mdv,1990,0
mdv,1991,4498847.4
mdv,1992,2063106.5
mdv,1993,0
mdv,1994,5711539.3
mdv,1995,3599310.2
mdv,1996,9088792
mdv,1997,11692619.3
mdv,1998,15914430.4
mdv,1999,8727000
mdv,2000,11228227.3
mdv,2001,21615723.4
mdv,2002,23607000
mdv,2003,1247020
mdv,2004,16327978
mdv,2005,35356065.9
mdv,2006,0
mdv,2007,44072459.3
mdv,2008,0
mdv,2009,73316855.1
mdv,2010,0
mdv,2011,0
mdv,2012,0
mdv,2013,0
mdv,2014,31712024.9
mdv,2015,0
mdv,2016,0
mdv,2017,250000000
mex,1970,520293161.5
mex,1971,746388552.5
mex,1972,815786000
mex,1973,2426552925.7
mex,1974,2760082263.6
mex,1975,3690037538.1
mex,1976,4881427817.7
mex,1977,8487641593
mex,1978,8457316665.2
mex,1979,11404880216
mex,1980,5444953568.7
mex,1981,12563827985.7
mex,1982,10117823949
mex,1983,6118062306
mex,1984,5013890813.2
mex,1985,1833636251.9
mex,1986,1234100165.8
mex,1987,6916116020.9
mex,1988,680551441.8
mex,1989,769607827.1
mex,1990,6566874032.7
mex,1991,4486881651.4
mex,1992,4291621244.8
mex,1993,6813963318.1
mex,1994,7325449579.7
mex,1995,9449557271.3
mex,1996,22855188061.8
mex,1997,13402889156.9
mex,1998,16933469436.7
mex,1999,8100543423.7
mex,2000,8208970630.6
mex,2001,20106028000
mex,2002,10159354888.8
mex,2003,24249177110.5
mex,2004,15946571326.7
mex,2005,14816568232.5
mex,2006,15957329164.5
mex,2007,21940416000
mex,2008,21259691000
mex,2009,18656615032.4
mex,2010,35309661069.6
mex,2011,25951706113.7
mex,2012,41989155270.4
mex,2013,37226044701.8
mex,2014,36382963691.2
mex,2015,26249457077.8
mex,2016,40538047774.7
mex,2017,31971717611.90001
mkd,1970,0
mkd,1971,0
mkd,1972,0
mkd,1973,0
mkd,1974,0
mkd,1975,0
mkd,1976,0
mkd,1977,0
mkd,1978,0
mkd,1979,0
mkd,1980,0
mkd,1981,0
mkd,1982,0
mkd,1983,0
mkd,1984,0
mkd,1985,0
mkd,1986,0
mkd,1987,0
mkd,1988,0
mkd,1989,0
mkd,1990,0
mkd,1991,0
mkd,1992,0
mkd,1993,0
mkd,1994,0
mkd,1995,7365611.4
mkd,1996,1171000
mkd,1997,0
mkd,1998,10352963.7
mkd,1999,20589000
mkd,2000,1401043.7
mkd,2001,1932755.2
mkd,2002,3879370
mkd,2003,28338537.2
mkd,2004,0
mkd,2005,187983183.7
mkd,2006,54069476.6
mkd,2007,0
mkd,2008,7719142.8
mkd,2009,243739545
mkd,2010,78735127.7
mkd,2011,214593364.5
mkd,2012,126839601.6
mkd,2013,368381536.7
mkd,2014,664319621.4
mkd,2015,400009446.5
mkd,2016,498106788.8
mkd,2017,0
mli,1970,4230907.1
mli,1971,7500000
mli,1972,0
mli,1973,13767468
mli,1974,0
mli,1975,277064
mli,1976,471258.2
mli,1977,2596570
mli,1978,9651013.5
mli,1979,3357297.6
mli,1980,7355591
mli,1981,2998190.7
mli,1982,7135329.8
mli,1983,22823765.8
mli,1984,166211.9
mli,1985,3030336.8
mli,1986,0
mli,1987,0
mli,1988,0
mli,1989,0
mli,1990,0
mli,1991,0
mli,1992,0
mli,1993,0
mli,1994,0
mli,1995,0
mli,1996,0
mli,1997,0
mli,1998,0
mli,1999,0
mli,2000,0
mli,2001,0
mli,2002,0
mli,2003,5844116.5
mli,2004,0
mli,2005,0
mli,2006,0
mli,2007,0
mli,2008,3075883.4
mli,2009,462408.7
mli,2010,0
mli,2011,0
mli,2012,0
mli,2013,0
mli,2014,0
mli,2015,0
mli,2016,0
mli,2017,0
mmr,1970,24304922.5
mmr,1971,17401435
mmr,1972,16748190.8
mmr,1973,9298087.4
mmr,1974,12275816
mmr,1975,7412398.8
mmr,1976,97176017.1
mmr,1977,89782296.6
mmr,1978,80572419.6
mmr,1979,117707843.6
mmr,1980,181950940.2
mmr,1981,62635416
mmr,1982,132094261.6
mmr,1983,21837703.5
mmr,1984,5698055.7
mmr,1985,61076808.6
mmr,1986,23714764.1
mmr,1987,2893829.5
mmr,1988,0
mmr,1989,0
mmr,1990,24300000
mmr,1991,0
mmr,1992,45240000
mmr,1993,43406000
mmr,1994,30096000
mmr,1995,82000000
mmr,1996,180512415.1
mmr,1997,498068371.4
mmr,1998,27129000
mmr,1999,0
mmr,2000,0
mmr,2001,0
mmr,2002,0
mmr,2003,0
mmr,2004,0
mmr,2005,0
mmr,2006,0
mmr,2007,0
mmr,2008,0
mmr,2009,0
mmr,2010,0
mmr,2011,0
mmr,2012,0
mmr,2013,0
mmr,2014,0
mmr,2015,0
mmr,2016,0
mmr,2017,0
mne,1970,0
mne,1971,0
mne,1972,0
mne,1973,0
mne,1974,0
mne,1975,0
mne,1976,0
mne,1977,0
mne,1978,0
mne,1979,0
mne,1980,0
mne,1981,0
mne,1982,0
mne,1983,0
mne,1984,0
mne,1985,0
mne,1986,0
mne,1987,0
mne,1988,0
mne,1989,0
mne,1990,0
mne,1991,0
mne,1992,0
mne,1993,0
mne,1994,0
mne,1995,0
mne,1996,0
mne,1997,0
mne,1998,0
mne,1999,0
mne,2000,0
mne,2001,0
mne,2002,0
mne,2003,0
mne,2004,0
mne,2005,0
mne,2006,3210693
mne,2007,30156725.2
mne,2008,0
mne,2009,237377914.8
mne,2010,447893064
mne,2011,248349593.1
mne,2012,433283675
mne,2013,187998630.8
mne,2014,0
mne,2015,554592720.5
mne,2016,331942355.7
mne,2017,213873634.9
mng,1970,0
mng,1971,0
mng,1972,0
mng,1973,0
mng,1974,0
mng,1975,0
mng,1976,0
mng,1977,0
mng,1978,0
mng,1979,0
mng,1980,0
mng,1981,0
mng,1982,0
mng,1983,0
mng,1984,0
mng,1985,0
mng,1986,0
mng,1987,0
mng,1988,0
mng,1989,0
mng,1990,0
mng,1991,0
mng,1992,72650000
mng,1993,1760000
mng,1994,0
mng,1995,0
mng,1996,0
mng,1997,447547.4
mng,1998,0
mng,1999,0
mng,2000,0
mng,2001,0
mng,2002,0
mng,2003,26500000
mng,2004,0
mng,2005,0
mng,2006,0
mng,2007,75000000
mng,2008,0
mng,2009,750000
mng,2010,0
mng,2011,0
mng,2012,1500000000
mng,2013,0
mng,2014,37201898.8
mng,2015,5545927.2
mng,2016,757745321.6
mng,2017,1407902889.3
moz,1970,0
moz,1971,0
moz,1972,0
moz,1973,0
moz,1974,0
moz,1975,0
moz,1976,0
moz,1977,0
moz,1978,0
moz,1979,0
moz,1980,0
moz,1981,0
moz,1982,0
moz,1983,0
moz,1984,206780389.4
moz,1985,3576003.6
moz,1986,22131537
moz,1987,36844832.8
moz,1988,519241.9
moz,1989,14222762.1
moz,1990,1241527.8
moz,1991,0
moz,1992,0
moz,1993,3976160.5
moz,1994,0
moz,1995,0
moz,1996,0
moz,1997,0
moz,1998,0
moz,1999,0
moz,2000,0
moz,2001,0
moz,2002,0
moz,2003,0
moz,2004,0
moz,2005,0
moz,2006,27197344.7
moz,2007,23673618.6
moz,2008,0
moz,2009,29092364.9
moz,2010,265378796.6
moz,2011,122498269.5
moz,2012,6371818.7
moz,2013,1557989876.8
moz,2014,621000000
moz,2015,24162495.6
moz,2016,0
moz,2017,107253497.6
mrt,1970,5544887.3
mrt,1971,0
mrt,1972,15038843.4
mrt,1973,43642667
mrt,1974,16944921.7
mrt,1975,15264575.9
mrt,1976,31381716
mrt,1977,31602094.3
mrt,1978,22391161.6
mrt,1979,19088578.4
mrt,1980,36103382.6
mrt,1981,22375078
mrt,1982,22193806.9
mrt,1983,28832822.7
mrt,1984,1529848.9
mrt,1985,0
mrt,1986,13743656.7
mrt,1987,0
mrt,1988,0
mrt,1989,0
mrt,1990,0
mrt,1991,0
mrt,1992,0
mrt,1993,0
mrt,1994,0
mrt,1995,0
mrt,1996,24576000
mrt,1997,0
mrt,1998,0
mrt,1999,2083000
mrt,2000,0
mrt,2001,9586000
mrt,2002,0
mrt,2003,15000000
mrt,2004,31000
mrt,2005,469000
mrt,2006,0
mrt,2007,0
mrt,2008,0
mrt,2009,0
mrt,2010,0
mrt,2011,0
mrt,2012,0
mrt,2013,0
mrt,2014,0
mrt,2015,0
mrt,2016,0
mrt,2017,0
mus,1970,0
mus,1971,0
mus,1972,0
mus,1973,0
mus,1974,0
mus,1975,5484112.1
mus,1976,3143388.8
mus,1977,37000000
mus,1978,5983256.4
mus,1979,59066067.6
mus,1980,45202145
mus,1981,0
mus,1982,40000000
mus,1983,2314130.3
mus,1984,45806095.8
mus,1985,6000000
mus,1986,20575328.7
mus,1987,0
mus,1988,90775000
mus,1989,16652289.4
mus,1990,0
mus,1991,37542228.6
mus,1992,11468690.8
mus,1993,23179000
mus,1994,108144000
mus,1995,389202956.8
mus,1996,0
mus,1997,129965838.8
mus,1998,2580296.3
mus,1999,92168797.5
mus,2000,70000000
mus,2001,68235105.9
mus,2002,12523942.6
mus,2003,70202664.4
mus,2004,24500000
mus,2005,46772000
mus,2006,18947654
mus,2007,0
mus,2008,0
mus,2009,126560560.9
mus,2010,0
mus,2011,0
mus,2012,0
mus,2013,0
mus,2014,0
mus,2015,0
mus,2016,0
mus,2017,0
mwi,1970,3015100
mwi,1971,6408320.4
mwi,1972,250183.2
mwi,1973,5250000
mwi,1974,4003327.4
mwi,1975,13423410
mwi,1976,25626677.1
mwi,1977,70387056.4
mwi,1978,34206918.1
mwi,1979,71936698.2
mwi,1980,28431573.3
mwi,1981,29574444.1
mwi,1982,13525454.2
mwi,1983,3789731.2
mwi,1984,7329051.1
mwi,1985,6244521.8
mwi,1986,0
mwi,1987,11387110
mwi,1988,12829018.2
mwi,1989,0
mwi,1990,5389904.9
mwi,1991,11966900.8
mwi,1992,0
mwi,1993,8446000
mwi,1994,0
mwi,1995,0
mwi,1996,2500000
mwi,1997,5000000
mwi,1998,0
mwi,1999,0
mwi,2000,0
mwi,2001,0
mwi,2002,0
mwi,2003,0
mwi,2004,0
mwi,2005,0
mwi,2006,0
mwi,2007,0
mwi,2008,0
mwi,2009,0
mwi,2010,0
mwi,2011,0
mwi,2012,0
mwi,2013,0
mwi,2014,0
mwi,2015,0
mwi,2016,0
mwi,2017,0
mys,1970,16131000
mys,1971,123112000
mys,1972,117578000
mys,1973,88449000
mys,1974,750152000
mys,1975,517131000
mys,1976,216993000
mys,1977,296172000
mys,1978,853907000
mys,1979,464163000
mys,1980,873362000
mys,1981,1588154000
mys,1982,2771748000
mys,1983,3143721000
mys,1984,2020925000
mys,1985,2043609000
mys,1986,1258961000
mys,1987,661181000
mys,1988,555211000
mys,1989,543830000
mys,1990,121540000
mys,1991,730591000
mys,1992,859435000
mys,1993,4059203000
mys,1994,3078804000
mys,1995,3042023000
mys,1996,3435030000
mys,1997,2330257000
mys,1998,977852000
mys,1999,2933631000
mys,2000,3625400000
mys,2001,2773512000
mys,2002,4817519000
mys,2003,5416829000
mys,2004,6436264000
mys,2005,5225698000
mys,2006,6679815000
mys,2007,5439659000
mys,2008,7098574000
mys,2009,8815307000
mys,2010,5741744000
mys,2011,3191412000
mys,2012,8356363000
mys,2013,7438838000
mys,2014,4221405000
mys,2015,13481385000
mys,2016,3312134000
ner,1970,3025600
ner,1971,289357.3
ner,1972,5037328.4
ner,1973,0
ner,1974,106813.6
ner,1975,759248.8
ner,1976,640000
ner,1977,2340902.6
ner,1978,38058321.3
ner,1979,84526859.1
ner,1980,155492184
ner,1981,53880140.1
ner,1982,41626682.9
ner,1983,22103952.4
ner,1984,0
ner,1985,1258488.3
ner,1986,0
ner,1987,0
ner,1988,0
ner,1989,14102282.8
ner,1990,0
ner,1991,0
ner,1992,0
ner,1993,0
ner,1994,0
ner,1995,0
ner,1996,0
ner,1997,0
ner,1998,0
ner,1999,0
ner,2000,0
ner,2001,0
ner,2002,0
ner,2003,0
ner,2004,0
ner,2005,0
ner,2006,0
ner,2007,0
ner,2008,0
ner,2009,0
ner,2010,0
ner,2011,0
ner,2012,0
ner,2013,0
ner,2014,0
ner,2015,0
ner,2016,0
ner,2017,0
nga,1970,9900600
nga,1971,17458995.4
nga,1972,38321217.8
nga,1973,6661512
nga,1974,5215600
nga,1975,30114141.5
nga,1976,0
nga,1977,0
nga,1978,1804675207.4
nga,1979,2820407829.8
nga,1980,1393546364.4
nga,1981,4547584486.1
nga,1982,2326331655.9
nga,1983,1743510215
nga,1984,355422370.2
nga,1985,546006066.2
nga,1986,607626803.6
nga,1987,339516211.2
nga,1988,485066108.9
nga,1989,401282572.6
nga,1990,801350263.2
nga,1991,70237000
nga,1992,0
nga,1993,63351000
nga,1994,0
nga,1995,0
nga,1996,0
nga,1997,0
nga,1998,0
nga,1999,0
nga,2000,0
nga,2001,0
nga,2002,90664240
nga,2003,0
nga,2004,0
nga,2005,0
nga,2006,0
nga,2007,0
nga,2008,0
nga,2009,0
nga,2010,0
nga,2011,500000000
nga,2012,0
nga,2013,500000000
nga,2014,0
nga,2015,0
nga,2016,0
nga,2017,4800000000
nic,1970,10899000
nic,1971,22911000
nic,1972,63164388.2
nic,1973,118690243.9
nic,1974,128626000
nic,1975,96700000
nic,1976,104257524.8
nic,1977,67073000
nic,1978,40472000
nic,1979,0
nic,1980,26816485.6
nic,1981,23643749.7
nic,1982,16193139.1
nic,1983,26703125
nic,1984,23957876.2
nic,1985,10304000
nic,1986,8000000
nic,1987,13728606
nic,1988,11311000
nic,1989,2000000
nic,1990,18164000
nic,1991,3454813.4
nic,1992,0
nic,1993,0
nic,1994,19681000
nic,1995,24046000
nic,1996,0
nic,1997,3165007
nic,1998,0
nic,1999,7623000
nic,2000,13941638.6
nic,2001,0
nic,2002,0
nic,2003,0
nic,2004,0
nic,2005,0
nic,2006,0
nic,2007,0
nic,2008,0
nic,2009,0
nic,2010,0
nic,2011,0
nic,2012,0
nic,2013,0
nic,2014,0
nic,2015,6100519.9
nic,2016,4247755.7
nic,2017,16507006.7
npl,1970,0
npl,1971,0
npl,1972,0
npl,1973,0
npl,1974,0
npl,1975,0
npl,1976,0
npl,1977,0
npl,1978,0
npl,1979,0
npl,1980,0
npl,1981,5293102.1
npl,1982,0
npl,1983,13000000
npl,1984,2891507.8
npl,1985,13976369.9
npl,1986,9873000
npl,1987,98746000
npl,1988,6561126
npl,1989,145940.5
npl,1990,0
npl,1991,0
npl,1992,0
npl,1993,0
npl,1994,0
npl,1995,0
npl,1996,0
npl,1997,0
npl,1998,0
npl,1999,0
npl,2000,0
npl,2001,0
npl,2002,0
npl,2003,0
npl,2004,169089.4
npl,2005,0
npl,2006,0
npl,2007,212448.5
npl,2008,0
npl,2009,0
npl,2010,0
npl,2011,0
npl,2012,0
npl,2013,0
npl,2014,0
npl,2015,0
npl,2016,0
npl,2017,0
pak,1970,144526877.2
pak,1971,67079137.9
pak,1972,10055489.7
pak,1973,55591454.4
pak,1974,104738384.1
pak,1975,18994432.6
pak,1976,129012367.8
pak,1977,125509945.2
pak,1978,79593267.7
pak,1979,148096573.2
pak,1980,240395526
pak,1981,481171182.2
pak,1982,422309256.1
pak,1983,346603289.2
pak,1984,240712695
pak,1985,120540858.3
pak,1986,181432201.3
pak,1987,373968851.2
pak,1988,42813595
pak,1989,172752801.8
pak,1990,81818384.1
pak,1991,163673860
pak,1992,605565523.8
pak,1993,684300929.4
pak,1994,345356174.5
pak,1995,212447391
pak,1996,307879829
pak,1997,1391868841.1
pak,1998,183811677.9
pak,1999,0
pak,2000,44642725
pak,2001,701259000
pak,2002,0
pak,2003,0
pak,2004,500000000
pak,2005,862500000
pak,2006,800000000
pak,2007,875000000
pak,2008,0
pak,2009,0
pak,2010,0
pak,2011,0
pak,2012,0
pak,2013,130070000
pak,2014,3537500000
pak,2015,1575044000
pak,2016,1738000000
pak,2017,4617000000
pan,1970,51897000
pan,1971,78615000
pan,1972,90072000
pan,1973,211511000
pan,1974,105087000
pan,1975,276749000
pan,1976,290912000
pan,1977,248873000
pan,1978,896077000
pan,1979,291888000
pan,1980,300385000
pan,1981,418542000
pan,1982,445761000
pan,1983,371883000
pan,1984,21868000
pan,1985,125289000
pan,1986,25230000
pan,1987,66724000
pan,1988,20000000
pan,1989,0
pan,1990,0
pan,1991,0
pan,1992,7922000
pan,1993,20000000
pan,1994,0
pan,1995,59823000
pan,1996,126681000
pan,1997,1248483000
pan,1998,358496000
pan,1999,547457000
pan,2000,371962000
pan,2001,774352000
pan,2002,440857000
pan,2003,284265000
pan,2004,253257000
pan,2005,1230000000
pan,2006,2276297000
pan,2007,0
pan,2008,400000000
pan,2009,1404000000
pan,2010,0
pan,2011,893772000
pan,2012,250000000
pan,2013,1250000000
pan,2014,1250000000
pan,2015,1250000000
pan,2016,1575000000
per,1970,13146276.5
per,1971,163036353.3
per,1972,278933206.3
per,1973,820677072
per,1974,764720741.4
per,1975,567408172.6
per,1976,889665657.5
per,1977,590431372.8
per,1978,181300977
per,1979,1134489428.3
per,1980,970720290.3
per,1981,1093184546.4
per,1982,2108729255.2
per,1983,1340698609.8
per,1984,381221741.7
per,1985,208813600
per,1986,528522931.9
per,1987,95295690.9
per,1988,229178056.2
per,1989,142053000
per,1990,42746000
per,1991,0
per,1992,0
per,1993,11869000
per,1994,16288000
per,1995,0
per,1996,0
per,1997,50000000
per,1998,0
per,1999,1403000
per,2000,3500000
per,2001,0
per,2002,1922983000
per,2003,1250000000
per,2004,1308147708.3
per,2005,1650000000
per,2006,0
per,2007,2119198000
per,2008,0
per,2009,2000000000
per,2010,2260803000
per,2011,0
per,2012,900000000
per,2013,0
per,2014,500000000
per,2015,3015103985.1
per,2016,1106474518.9
per,2017,2150000000
phl,1970,64027104.7
phl,1971,166000
phl,1972,63864394
phl,1973,17305701.8
phl,1974,386460452.6
phl,1975,367407238.1
phl,1976,879267381.4
phl,1977,717466488.9
phl,1978,1391259416.9
phl,1979,1285231959.5
phl,1980,978882243.7
phl,1981,1243927641
phl,1982,1068759667.2
phl,1983,828079222.6
phl,1984,449436187.4
phl,1985,1020502922.2
phl,1986,24435328.2
phl,1987,63110992.1
phl,1988,337057527.1
phl,1989,95211747.5
phl,1990,932495296.5
phl,1991,554513322.3
phl,1992,358834354.9
phl,1993,1028334431.1
phl,1994,545820582.7
phl,1995,412696843.9
phl,1996,1864929920.1
phl,1997,1303739234.9
phl,1998,1700986364.7
phl,1999,4957654749.2
phl,2000,3762848427.3
phl,2001,3962658132
phl,2002,4767885964.9
phl,2003,5526878775.8
phl,2004,5942643733.3
phl,2005,3131830760.6
phl,2006,4519023402
phl,2007,1031856546.1
phl,2008,1478801187.9
phl,2009,5828805032.9
phl,2010,7084031637.5
phl,2011,3120734312.3
phl,2012,2317416557.2
phl,2013,0
phl,2014,1500000000
phl,2015,4249906138.6
phl,2016,290176088.8
phl,2017,2085631923
png,1970,37259600
png,1971,28614233.7
png,1972,9576399.5
png,1973,53242373.6
png,1974,25410365.3
png,1975,31550925
png,1976,14660948
png,1977,25000000
png,1978,4988912.5
png,1979,35000000
png,1980,103183624.5
png,1981,130436012.2
png,1982,128070939
png,1983,132875000
png,1984,42722500
png,1985,95915672.5
png,1986,16776447.6
png,1987,13726854.4
png,1988,131762738.2
png,1989,140192032.3
png,1990,40651761.8
png,1991,42436000
png,1992,0
png,1993,56700000
png,1994,163679278.7
png,1995,0
png,1996,0
png,1997,0
png,1998,0
png,1999,0
png,2000,34304245.5
png,2001,59298000
png,2002,0
png,2003,0
png,2004,0
png,2005,0
png,2006,0
png,2007,0
png,2008,0
png,2009,0
png,2010,0
png,2011,0
png,2012,0
png,2013,0
png,2014,0
png,2015,51951048.3
png,2016,310000000
png,2017,61842366.7
pry,1970,2116000
pry,1971,6168000
pry,1972,14333621.9
pry,1973,7147529.7
pry,1974,47658200
pry,1975,14743000
pry,1976,22213540.4
pry,1977,18428366.2
pry,1978,110496016.5
pry,1979,185460695.3
pry,1980,20968317.5
pry,1981,237593254.1
pry,1982,112802074.8
pry,1983,95715955
pry,1984,64290197.7
pry,1985,95145608
pry,1986,21291247.5
pry,1987,62673637.3
pry,1988,121217301
pry,1989,10400000
pry,1990,0
pry,1991,0
pry,1992,4863000
pry,1993,3415000
pry,1994,0
pry,1995,11453250.5
pry,1996,0
pry,1997,17579000
pry,1998,0
pry,1999,400000000
pry,2000,0
pry,2001,13497536.5
pry,2002,0
pry,2003,0
pry,2004,0
pry,2005,0
pry,2006,0
pry,2007,0
pry,2008,0
pry,2009,0
pry,2010,0
pry,2011,0
pry,2012,0
pry,2013,500000000
pry,2014,1000000000
pry,2015,280000000
pry,2016,600000000
pry,2017,500000000
rou,1970,0
rou,1971,0
rou,1972,0
rou,1973,0
rou,1974,0
rou,1975,0
rou,1976,0
rou,1977,0
rou,1978,10000000
rou,1979,150000000
rou,1980,1645735609
rou,1981,284965575
rou,1982,2350277970
rou,1983,750000000
rou,1984,0
rou,1985,250000000
rou,1986,406300000
rou,1987,0
rou,1988,0
rou,1989,0
rou,1990,113068954.9
rou,1991,349999908.5
rou,1992,1136954753.9
rou,1993,252749296.8
rou,1994,388604101.9
rou,1995,292291929.3
rou,1996,1499080161
rou,1997,986124451.5
rou,1998,558475324.6
rou,1999,602921512.6
rou,2000,1404811779.2
rou,2001,1304231723.4
rou,2002,2236876891.4
rou,2003,2297176104.7
rou,2004,2665933810.5
rou,2005,868584614.1
rou,2006,580719526.3
rou,2007,517606753.4
rou,2008,1309027472.2
rou,2009,43109187.1
rou,2010,1364266496
rou,2011,2097652538.8
rou,2012,5127924966.3
rou,2013,4185694726
rou,2014,5653757917.5
rou,2015,2218370882.1
rou,2016,3596042186.5
rou,2017,3104706508.7
rus,1970,0
rus,1971,0
rus,1972,0
rus,1973,0
rus,1974,0
rus,1975,0
rus,1976,0
rus,1977,0
rus,1978,0
rus,1979,0
rus,1980,0
rus,1981,0
rus,1982,0
rus,1983,0
rus,1984,0
rus,1985,0
rus,1986,0
rus,1987,0
rus,1988,0
rus,1989,0
rus,1990,0
rus,1991,0
rus,1992,11089514224
rus,1993,4449154171.1
rus,1994,2109409535.3
rus,1995,679531319
rus,1996,2066751557.9
rus,1997,4162548287.7
rus,1998,9270622382.5
rus,1999,446200000
rus,2000,46270000
rus,2001,2378854240.7
rus,2002,3056190000
rus,2003,2841464927.7
rus,2004,4223965195.8
rus,2005,11654515999.9
rus,2006,15068311000
rus,2007,30667856723.5
rus,2008,20793854282.6
rus,2009,17689712000
rus,2010,34467347000
rus,2011,29348467000
rus,2012,27618000000
rus,2013,64475411124.60001
rus,2014,524140000
rus,2015,5498649000
rus,2016,12873252510.2
rus,2017,36772288238.6
rwa,1970,0
rwa,1971,0
rwa,1972,846963
rwa,1973,1971799.6
rwa,1974,0
rwa,1975,0
rwa,1976,0
rwa,1977,4335351.7
rwa,1978,4728177.3
rwa,1979,0
rwa,1980,0
rwa,1981,1500000
rwa,1982,4298000
rwa,1983,2634701.3
rwa,1984,9072255.3
rwa,1985,4636717.2
rwa,1986,0
rwa,1987,0
rwa,1988,6491009.6
rwa,1989,0
rwa,1990,0
rwa,1991,0
rwa,1992,0
rwa,1993,0
rwa,1994,0
rwa,1995,0
rwa,1996,0
rwa,1997,0
rwa,1998,0
rwa,1999,0
rwa,2000,0
rwa,2001,0
rwa,2002,0
rwa,2003,0
rwa,2004,0
rwa,2005,0
rwa,2006,0
rwa,2007,0
rwa,2008,0
rwa,2009,0
rwa,2010,0
rwa,2011,0
rwa,2012,0
rwa,2013,400000000
rwa,2014,0
rwa,2015,0
rwa,2016,0
rwa,2017,0
sdn,1970,6152066.9
sdn,1971,9084586.1
sdn,1972,41378464.1
sdn,1973,115998005.8
sdn,1974,230513996.6
sdn,1975,290875539.3
sdn,1976,141424269.5
sdn,1977,62856814.8
sdn,1978,85861576.2
sdn,1979,83638492.5
sdn,1980,218000000
sdn,1981,57483000
sdn,1982,132112569.4
sdn,1983,0
sdn,1984,0
sdn,1985,0
sdn,1986,0
sdn,1987,0
sdn,1988,0
sdn,1989,0
sdn,1990,0
sdn,1991,0
sdn,1992,0
sdn,1993,0
sdn,1994,0
sdn,1995,0
sdn,1996,0
sdn,1997,0
sdn,1998,0
sdn,1999,0
sdn,2000,0
sdn,2001,0
sdn,2002,0
sdn,2003,0
sdn,2004,0
sdn,2005,0
sdn,2006,0
sdn,2007,0
sdn,2008,0
sdn,2009,0
sdn,2010,0
sdn,2011,1000
sdn,2012,0
sdn,2013,0
sdn,2014,0
sdn,2015,0
sdn,2016,0
sdn,2017,0
sen,1970,2027130.5
sen,1971,15700706.4
sen,1972,7750370.9
sen,1973,103526860.4
sen,1974,9752204.1
sen,1975,84214112.7
sen,1976,119373722.4
sen,1977,161678011.9
sen,1978,237583191.3
sen,1979,107627746.2
sen,1980,48485210.4
sen,1981,118450421.1
sen,1982,17012248.3
sen,1983,46814204.2
sen,1984,12476653.1
sen,1985,30845343.2
sen,1986,41540875.8
sen,1987,1443406.1
sen,1988,925287
sen,1989,0
sen,1990,4168839
sen,1991,0
sen,1992,0
sen,1993,0
sen,1994,0
sen,1995,0
sen,1996,0
sen,1997,54434.5
sen,1998,0
sen,1999,0
sen,2000,4833000
sen,2001,7887270.8
sen,2002,805000
sen,2003,1570821.4
sen,2004,0
sen,2005,0
sen,2006,3984321
sen,2007,0
sen,2008,0
sen,2009,200000000
sen,2010,0
sen,2011,500000000
sen,2012,0
sen,2013,21866926.5
sen,2014,500000000
sen,2015,166377816.2
sen,2016,6506070.2
sen,2017,1704375716.8
slb,1970,0
slb,1971,0
slb,1972,0
slb,1973,0
slb,1974,0
slb,1975,0
slb,1976,0
slb,1977,0
slb,1978,0
slb,1979,0
slb,1980,0
slb,1981,0
slb,1982,0
slb,1983,0
slb,1984,30000000
slb,1985,2305733.6
slb,1986,0
slb,1987,0
slb,1988,0
slb,1989,0
slb,1990,0
slb,1991,0
slb,1992,4639060.9
slb,1993,0
slb,1994,0
slb,1995,4237000
slb,1996,0
slb,1997,0
slb,1998,0
slb,1999,0
slb,2000,0
slb,2001,0
slb,2002,0
slb,2003,0
slb,2004,0
slb,2005,428289.4
slb,2006,626846
slb,2007,0
slb,2008,0
slb,2009,0
slb,2010,0
slb,2011,0
slb,2012,0
slb,2013,0
slb,2014,0
slb,2015,0
slb,2016,0
slb,2017,0
sle,1970,5878222.2
sle,1971,4759086.6
sle,1972,7420624.2
sle,1973,19452678.1
sle,1974,32458285.8
sle,1975,14902173.8
sle,1976,8974845.5
sle,1977,25562209.7
sle,1978,66037715.1
sle,1979,72238619.8
sle,1980,25166324.9
sle,1981,54679339.7
sle,1982,2018391.2
sle,1983,0
sle,1984,2927074.9
sle,1985,0
sle,1986,0
sle,1987,0
sle,1988,0
sle,1989,4445000
sle,1990,4000000
sle,1991,0
sle,1992,0
sle,1993,0
sle,1994,0
sle,1995,0
sle,1996,0
sle,1997,0
sle,1998,0
sle,1999,0
sle,2000,0
sle,2001,0
sle,2002,0
sle,2003,0
sle,2004,0
sle,2005,0
sle,2006,0
sle,2007,0
sle,2008,0
sle,2009,0
sle,2010,0
sle,2011,0
sle,2012,0
sle,2013,0
sle,2014,0
sle,2015,0
sle,2016,0
sle,2017,0
slv,1970,1130000
slv,1971,9500000
slv,1972,7251000
slv,1973,849000
slv,1974,92247984.3
slv,1975,47000000
slv,1976,0
slv,1977,0
slv,1978,42129620.5
slv,1979,197000
slv,1980,24500000
slv,1981,2120572.2
slv,1982,92137900.6
slv,1983,22976000
slv,1984,44294000
slv,1985,3684752.7
slv,1986,0
slv,1987,27798703.9
slv,1988,10563000
slv,1989,50000000
slv,1990,25000000
slv,1991,90000000
slv,1992,46334000
slv,1993,20405000
slv,1994,0
slv,1995,58191459.8
slv,1996,56127000
slv,1997,13800000
slv,1998,5700000
slv,1999,172300000
slv,2000,109900000
slv,2001,362000000
slv,2002,1251500000
slv,2003,348500000
slv,2004,289523000
slv,2005,375000000
slv,2006,650000000
slv,2007,0
slv,2008,65000000
slv,2009,400000000
slv,2010,0
slv,2011,653500000
slv,2012,800000000
slv,2013,0
slv,2014,808248000
slv,2015,223629000
slv,2016,0
slv,2017,589115000
som,1970,0
som,1971,2596920
som,1972,0
som,1973,5089656
som,1974,0
som,1975,0
som,1976,0
som,1977,4528000
som,1978,0
som,1979,157600000
som,1980,13628000
som,1981,205380799.8
som,1982,0
som,1983,8979252.7
som,1984,125577.3
som,1985,0
som,1986,0
som,1987,0
som,1988,0
som,1989,0
som,1990,0
som,1991,0
som,1992,0
som,1993,0
som,1994,0
som,1995,0
som,1996,0
som,1997,0
som,1998,0
som,1999,0
som,2000,0
som,2001,0
som,2002,0
som,2003,0
som,2004,0
som,2005,0
som,2006,0
som,2007,0
som,2008,0
som,2009,0
som,2010,0
som,2011,0
som,2012,0
som,2013,0
som,2014,0
som,2015,0
som,2016,0
som,2017,0
south_asia,1970,306906895.5
south_asia,1971,93985944.7
south_asia,1972,93717291.4
south_asia,1973,173796048.3
south_asia,1974,276714285.5
south_asia,1975,81147597.2
south_asia,1976,244273919.8
south_asia,1977,324868182.8
south_asia,1978,165669362
south_asia,1979,399780638.5
south_asia,1980,1957739729.1
south_asia,1981,1507682077.4
south_asia,1982,2646373516.4
south_asia,1983,2585141537.2
south_asia,1984,2095532244.9
south_asia,1985,2505048061.9
south_asia,1986,3737563381.3
south_asia,1987,3815821183
south_asia,1988,6817891643.1
south_asia,1989,4816482668.7
south_asia,1990,4563283747.9
south_asia,1991,2757007181.9
south_asia,1992,4505615959.1
south_asia,1993,5003073650.1
south_asia,1994,1238851417.2
south_asia,1995,1336290668.8
south_asia,1996,4066311606.6
south_asia,1997,5284825466.7
south_asia,1998,10188525298.8
south_asia,1999,612783440.5
south_asia,2000,7283340400.8
south_asia,2001,977577723.4
south_asia,2002,599027133.4
south_asia,2003,364442983.3
south_asia,2004,959550388.1
south_asia,2005,1552366122.4
south_asia,2006,3673074561.6
south_asia,2007,6015581393.4
south_asia,2008,1811738880.8
south_asia,2009,2714998082.6
south_asia,2010,6612266211.1
south_asia,2011,7817835120.5
south_asia,2012,8791645772
south_asia,2013,12344885912.7
south_asia,2014,16934935977.3
south_asia,2015,12837956824.2
south_asia,2016,7816055505
south_asia,2017,13485859952.7
srb,1970,55554431
srb,1971,10781382
srb,1972,207106219.5
srb,1973,23332616
srb,1974,104389579.5
srb,1975,175308400
srb,1976,51369800
srb,1977,20268539.4
srb,1978,6973000
srb,1979,5413000
srb,1980,726068000
srb,1981,372116250
srb,1982,440840350
srb,1983,948540192
srb,1984,201035883.6
srb,1985,0
srb,1986,0
srb,1987,0
srb,1988,307039801.9
srb,1989,0
srb,1990,0
srb,1991,0
srb,1992,0
srb,1993,0
srb,1994,0
srb,1995,0
srb,1996,0
srb,1997,0
srb,1998,0
srb,1999,0
srb,2000,35000000
srb,2001,0
srb,2002,0
srb,2003,452331
srb,2004,0
srb,2005,0
srb,2006,81617147.2
srb,2007,0
srb,2008,2943429.1
srb,2009,0
srb,2010,238840916.9
srb,2011,1785088961.4
srb,2012,2043103662.5
srb,2013,2500000000
srb,2014,1049515727.3
srb,2015,0
srb,2016,0
srb,2017,0
stp,1970,0
stp,1971,0
stp,1972,0
stp,1973,0
stp,1974,0
stp,1975,0
stp,1976,0
stp,1977,0
stp,1978,0
stp,1979,0
stp,1980,0
stp,1981,356608
stp,1982,0
stp,1983,0
stp,1984,5525000
stp,1985,0
stp,1986,1132000
stp,1987,0
stp,1988,0
stp,1989,0
stp,1990,0
stp,1991,0
stp,1992,0
stp,1993,0
stp,1994,0
stp,1995,0
stp,1996,0
stp,1997,0
stp,1998,0
stp,1999,0
stp,2000,0
stp,2001,0
stp,2002,0
stp,2003,0
stp,2004,0
stp,2005,0
stp,2006,0
stp,2007,0
stp,2008,0
stp,2009,0
stp,2010,0
stp,2011,0
stp,2012,0
stp,2013,0
stp,2014,0
stp,2015,0
stp,2016,0
stp,2017,0
syr,1970,0
syr,1971,0
syr,1972,0
syr,1973,0
syr,1974,0
syr,1975,0
syr,1976,0
syr,1977,0
syr,1978,0
syr,1979,0
syr,1980,0
syr,1981,0
syr,1982,0
syr,1983,0
syr,1984,0
syr,1985,0
syr,1986,0
syr,1987,0
syr,1988,0
syr,1989,0
syr,1990,0
syr,1991,0
syr,1992,0
syr,1993,0
syr,1994,0
syr,1995,0
syr,1996,0
syr,1997,0
syr,1998,0
syr,1999,0
syr,2000,0
syr,2001,0
syr,2002,0
syr,2003,0
syr,2004,0
syr,2005,0
syr,2006,0
syr,2007,0
syr,2008,0
syr,2009,0
syr,2010,0
syr,2011,0
syr,2012,0
syr,2013,0
syr,2014,0
syr,2015,0
syr,2016,0
syr,2017,0
tcd,1970,7592407.2
tcd,1971,4622572.3
tcd,1972,0
tcd,1973,7059623.5
tcd,1974,3069704.2
tcd,1975,858994.7
tcd,1976,3517230.5
tcd,1977,23868253.5
tcd,1978,25781787.2
tcd,1979,0
tcd,1980,0
tcd,1981,0
tcd,1982,0
tcd,1983,0
tcd,1984,0
tcd,1985,0
tcd,1986,0
tcd,1987,4212271.7
tcd,1988,0
tcd,1989,0
tcd,1990,0
tcd,1991,0
tcd,1992,0
tcd,1993,0
tcd,1994,0
tcd,1995,0
tcd,1996,0
tcd,1997,0
tcd,1998,0
tcd,1999,0
tcd,2000,0
tcd,2001,0
tcd,2002,20000000
tcd,2003,0
tcd,2004,0
tcd,2005,0
tcd,2006,0
tcd,2007,0
tcd,2008,0
tcd,2009,0
tcd,2010,0
tcd,2011,0
tcd,2012,0
tcd,2013,600000000
tcd,2014,1356000000
tcd,2015,0
tcd,2016,0
tcd,2017,0
tgo,1970,730939.2
tgo,1971,6881052.6
tgo,1972,8305722.3
tgo,1973,35411996.3
tgo,1974,5966113.1
tgo,1975,39278446.6
tgo,1976,201394541.9
tgo,1977,134536099.8
tgo,1978,202122413
tgo,1979,16492769.7
tgo,1980,11000910.7
tgo,1981,0
tgo,1982,0
tgo,1983,0
tgo,1984,0
tgo,1985,0
tgo,1986,0
tgo,1987,0
tgo,1988,0
tgo,1989,0
tgo,1990,0
tgo,1991,0
tgo,1992,0
tgo,1993,0
tgo,1994,0
tgo,1995,0
tgo,1996,0
tgo,1997,0
tgo,1998,0
tgo,1999,0
tgo,2000,0
tgo,2001,0
tgo,2002,0
tgo,2003,0
tgo,2004,0
tgo,2005,0
tgo,2006,0
tgo,2007,0
tgo,2008,0
tgo,2009,0
tgo,2010,0
tgo,2011,0
tgo,2012,0
tgo,2013,60428131.3
tgo,2014,0
tgo,2015,14960693.2
tgo,2016,0
tgo,2017,0
tha,1970,5481565.8
tha,1971,1235293.6
tha,1972,0
tha,1973,16672622.2
tha,1974,9720000
tha,1975,18000000
tha,1976,100000000
tha,1977,338089671.2
tha,1978,405934314.3
tha,1979,789012239
tha,1980,677832259.7
tha,1981,650151362.3
tha,1982,582716470.7
tha,1983,241602376.1
tha,1984,751508571.9
tha,1985,1442644050.2
tha,1986,847474558.8
tha,1987,450012965.1
tha,1988,951708217.9
tha,1989,1124607382.4
tha,1990,559529037.5
tha,1991,510965997
tha,1992,1711398180.8
tha,1993,886983198.2
tha,1994,1374924789.5
tha,1995,1739566610.4
tha,1996,1090425000
tha,1997,1496375555.5
tha,1998,3334168537
tha,1999,1006230845.6
tha,2000,398849911.6
tha,2001,620406291.6
tha,2002,200000000
tha,2003,490000000
tha,2004,1000000000
tha,2005,1236360000
tha,2006,500000000
tha,2007,0
tha,2008,2097030867.5
tha,2009,1051430000
tha,2010,5080000000
tha,2011,4890000000
tha,2012,6800000000
tha,2013,0
tha,2014,0
tha,2015,0
tha,2016,0
tha,2017,120000000
tjk,1970,0
tjk,1971,0
tjk,1972,0
tjk,1973,0
tjk,1974,0
tjk,1975,0
tjk,1976,0
tjk,1977,0
tjk,1978,0
tjk,1979,0
tjk,1980,0
tjk,1981,0
tjk,1982,0
tjk,1983,0
tjk,1984,0
tjk,1985,0
tjk,1986,0
tjk,1987,0
tjk,1988,0
tjk,1989,0
tjk,1990,0
tjk,1991,0
tjk,1992,68000000
tjk,1993,0
tjk,1994,0
tjk,1995,0
tjk,1996,0
tjk,1997,0
tjk,1998,20000000
tjk,1999,0
tjk,2000,0
tjk,2001,2335785.7
tjk,2002,0
tjk,2003,0
tjk,2004,0
tjk,2005,0
tjk,2006,0
tjk,2007,0
tjk,2008,0
tjk,2009,0
tjk,2010,0
tjk,2011,0
tjk,2012,0
tjk,2013,0
tjk,2014,0
tjk,2015,0
tjk,2016,0
tjk,2017,500000000
tkm,1970,0
tkm,1971,0
tkm,1972,0
tkm,1973,0
tkm,1974,0
tkm,1975,0
tkm,1976,0
tkm,1977,0
tkm,1978,0
tkm,1979,0
tkm,1980,0
tkm,1981,0
tkm,1982,0
tkm,1983,0
tkm,1984,0
tkm,1985,0
tkm,1986,0
tkm,1987,0
tkm,1988,0
tkm,1989,0
tkm,1990,0
tkm,1991,0
tkm,1992,0
tkm,1993,77719000
tkm,1994,44653467.6
tkm,1995,265124699.6
tkm,1996,637505988.2
tkm,1997,1008508396.8
tkm,1998,329902079.8
tkm,1999,16363883.3
tkm,2000,0
tkm,2001,0
tkm,2002,0
tkm,2003,0
tkm,2004,0
tkm,2005,0
tkm,2006,0
tkm,2007,0
tkm,2008,0
tkm,2009,0
tkm,2010,0
tkm,2011,0
tkm,2012,0
tkm,2013,0
tkm,2014,0
tkm,2015,0
tkm,2016,0
tkm,2017,0
tls,1970,0
tls,1971,0
tls,1972,0
tls,1973,0
tls,1974,0
tls,1975,0
tls,1976,0
tls,1977,0
tls,1978,0
tls,1979,0
tls,1980,0
tls,1981,0
tls,1982,0
tls,1983,0
tls,1984,0
tls,1985,0
tls,1986,0
tls,1987,0
tls,1988,0
tls,1989,0
tls,1990,0
tls,1991,0
tls,1992,0
tls,1993,0
tls,1994,0
tls,1995,0
tls,1996,0
tls,1997,0
tls,1998,0
tls,1999,0
tls,2000,0
tls,2001,0
tls,2002,0
tls,2003,0
tls,2004,0
tls,2005,0
tls,2006,0
tls,2007,0
tls,2008,0
tls,2009,0
tls,2010,0
tls,2011,0
tls,2012,0
tls,2013,0
tls,2014,0
tls,2015,0
tls,2016,0
tls,2017,0
ton,1970,0
ton,1971,0
ton,1972,0
ton,1973,0
ton,1974,0
ton,1975,0
ton,1976,0
ton,1977,0
ton,1978,0
ton,1979,0
ton,1980,0
ton,1981,0
ton,1982,0
ton,1983,0
ton,1984,0
ton,1985,0
ton,1986,0
ton,1987,0
ton,1988,0
ton,1989,0
ton,1990,0
ton,1991,0
ton,1992,0
ton,1993,0
ton,1994,0
ton,1995,0
ton,1996,0
ton,1997,0
ton,1998,0
ton,1999,0
ton,2000,0
ton,2001,0
ton,2002,0
ton,2003,0
ton,2004,0
ton,2005,0
ton,2006,0
ton,2007,0
ton,2008,0
ton,2009,891141.6
ton,2010,156314.9
ton,2011,0
ton,2012,0
ton,2013,0
ton,2014,0
ton,2015,0
ton,2016,0
ton,2017,0
tun,1970,31627752.5
tun,1971,33702442.9
tun,1972,24769108.1
tun,1973,31603499.7
tun,1974,60326181.1
tun,1975,60243536.1
tun,1976,234254038.2
tun,1977,450769973.4
tun,1978,501599427.7
tun,1979,407136751.1
tun,1980,209952363.8
tun,1981,329979933.3
tun,1982,245251731.5
tun,1983,511744391.4
tun,1984,365659728.7
tun,1985,299733475.6
tun,1986,350368015.4
tun,1987,179616233.6
tun,1988,299788847.6
tun,1989,328758876.4
tun,1990,337494587.8
tun,1991,260846042.8
tun,1992,537100190.3
tun,1993,154924377.4
tun,1994,37123431.2
tun,1995,927407612.6
tun,1996,649690509.3
tun,1997,695993087.7
tun,1998,238022833.5
tun,1999,295285747.7
tun,2000,606320529.1
tun,2001,510948920.2
tun,2002,960324421.3
tun,2003,675881969.7
tun,2004,621408814
tun,2005,619025678.3
tun,2006,126723837.1
tun,2007,271748578.9
tun,2008,25573983.6
tun,2009,122496531.3
tun,2010,5529167.2
tun,2011,3283733.5
tun,2012,1300542488.2
tun,2013,455416305.9
tun,2014,500472954.6
tun,2015,1264935597.6
tun,2016,610032252.1
tun,2017,1970677633.6
tur,1970,49135422.6
tur,1971,30199785.6
tur,1972,34931703
tur,1973,39619645.4
tur,1974,18900000
tur,1975,247917168.3
tur,1976,669824409.6
tur,1977,691016158.7
tur,1978,403236977.3
tur,1979,3209054280.2
tur,1980,499016971
tur,1981,527300138.1
tur,1982,351515691.2
tur,1983,789621070.4
tur,1984,1399057197.6
tur,1985,2075559825.3
tur,1986,2382684282.9
tur,1987,3598847701
tur,1988,4117567870.5
tur,1989,3491233903.6
tur,1990,3004130645.5
tur,1991,2737170857.6
tur,1992,4950201278.7
tur,1993,6572056055.1
tur,1994,2909668099.1
tur,1995,4117487548.4
tur,1996,5400591150.3
tur,1997,6671261032.6
tur,1998,5334114188.2
tur,1999,8779074262.8
tur,2000,11358208113.2
tur,2001,3565881389.1
tur,2002,5297332698.1
tur,2003,7733815312.7
tur,2004,7456548095.9
tur,2005,7256709777.4
tur,2006,7436119894.4
tur,2007,11438388092.6
tur,2008,6659111721.9
tur,2009,4621730827.1
tur,2010,11334802161.3
tur,2011,5295501056.7
tur,2012,9461202492.5
tur,2013,8061474678.7
tur,2014,10034726552.6
tur,2015,6158935399.7
tur,2016,10876752839.6
tur,2017,13704482323.5
tza,1970,0
tza,1971,717336.9
tza,1972,0
tza,1973,10869144
tza,1974,5402345.4
tza,1975,104130.7
tza,1976,40817180.8
tza,1977,49014278.5
tza,1978,54264865.3
tza,1979,104325924.5
tza,1980,78685315.9
tza,1981,92823241.5
tza,1982,9296862
tza,1983,76420495.7
tza,1984,7041272.6
tza,1985,97636504.9
tza,1986,69935852.4
tza,1987,3442000
tza,1988,99387434.5
tza,1989,15230000
tza,1990,11555615.8
tza,1991,13823866.8
tza,1992,29763000
tza,1993,49443894.5
tza,1994,13153131.6
tza,1995,40078694.4
tza,1996,3137088.4
tza,1997,5545235.3
tza,1998,4600000
tza,1999,29451000
tza,2000,65000
tza,2001,0
tza,2002,0
tza,2003,21541133
tza,2004,27887312.4
tza,2005,0
tza,2006,0
tza,2007,20559534.5
tza,2008,120783612.1
tza,2009,60000000
tza,2010,0
tza,2011,386016000
tza,2012,350000000
tza,2013,600000000
tza,2014,44832273.9
tza,2015,0
tza,2016,0
tza,2017,500000000
uga,1970,2256522.3
uga,1971,4311098
uga,1972,4508302.1
uga,1973,4482000
uga,1974,18363079.3
uga,1975,968000
uga,1976,36350910.9
uga,1977,5498321.2
uga,1978,95871173.3
uga,1979,51429740.4
uga,1980,78349883
uga,1981,3094360.9
uga,1982,59765415
uga,1983,24805145.2
uga,1984,51177635.5
uga,1985,35848518.2
uga,1986,41521446.9
uga,1987,135213559.4
uga,1988,31123402.9
uga,1989,66626718.8
uga,1990,43373000
uga,1991,4740000
uga,1992,4385000
uga,1993,17667556.7
uga,1994,0
uga,1995,0
uga,1996,0
uga,1997,0
uga,1998,24500000
uga,1999,1873328.1
uga,2000,3697337.6
uga,2001,0
uga,2002,148000
uga,2003,0
uga,2004,0
uga,2005,0
uga,2006,0
uga,2007,0
uga,2008,0
uga,2009,0
uga,2010,0
uga,2011,0
uga,2012,0
uga,2013,0
uga,2014,0
uga,2015,0
uga,2016,0
uga,2017,41896603.1
ukr,1970,0
ukr,1971,0
ukr,1972,0
ukr,1973,0
ukr,1974,0
ukr,1975,0
ukr,1976,0
ukr,1977,0
ukr,1978,0
ukr,1979,0
ukr,1980,0
ukr,1981,0
ukr,1982,0
ukr,1983,0
ukr,1984,0
ukr,1985,0
ukr,1986,0
ukr,1987,0
ukr,1988,0
ukr,1989,0
ukr,1990,0
ukr,1991,0
ukr,1992,1284837608.3
ukr,1993,309795124
ukr,1994,197084551.4
ukr,1995,154737562.2
ukr,1996,201229369.4
ukr,1997,687966925
ukr,1998,2098571796.8
ukr,1999,183872328.8
ukr,2000,0
ukr,2001,0
ukr,2002,399000000
ukr,2003,1000000000
ukr,2004,2537500000
ukr,2005,847453000
ukr,2006,2402108317
ukr,2007,3786124000
ukr,2008,10302001.8
ukr,2009,0
ukr,2010,3685088000
ukr,2011,2750000000
ukr,2012,5450000000
ukr,2013,6600000000
ukr,2014,1180859948.1
ukr,2015,13618202000
ukr,2016,1740897000
ukr,2017,3000000000
upper_middle_income,1970,2383213267.8
upper_middle_income,1971,3026700523.6
upper_middle_income,1972,4173484211
upper_middle_income,1973,8026588083.4
upper_middle_income,1974,9053096238.6
upper_middle_income,1975,13283608302.4
upper_middle_income,1976,17115802676.7
upper_middle_income,1977,23457897527.4
upper_middle_income,1978,29087812399.8
upper_middle_income,1979,38536820822.9
upper_middle_income,1980,25746832259.2
upper_middle_income,1981,33660112814.7
upper_middle_income,1982,37434019651.99999
upper_middle_income,1983,28889725056.8
upper_middle_income,1984,24605950853.4
upper_middle_income,1985,20094089168.3
upper_middle_income,1986,19413573878.2
upper_middle_income,1987,28206644015.60001
upper_middle_income,1988,34097627056.49999
upper_middle_income,1989,24097575903.10001
upper_middle_income,1990,29616303784.5
upper_middle_income,1991,27895793057.2
upper_middle_income,1992,50282733426.4
upper_middle_income,1993,46840920578.7
upper_middle_income,1994,35292811152.39999
upper_middle_income,1995,44855025167.49999
upper_middle_income,1996,69895427845.7
upper_middle_income,1997,79937242987.2
upper_middle_income,1998,60711929492.89999
upper_middle_income,1999,46235234878.4
upper_middle_income,2000,64386436731.10001
upper_middle_income,2001,67018873573.4
upper_middle_income,2002,45246917257.39999
upper_middle_income,2003,73584143856.69998
upper_middle_income,2004,62742354980.3
upper_middle_income,2005,72069420847.10001
upper_middle_income,2006,60126434007.00002
upper_middle_income,2007,91496983448.8
upper_middle_income,2008,73101500966.2
upper_middle_income,2009,78581368525.5
upper_middle_income,2010,136138392795.59999
upper_middle_income,2011,124158615539.80002
upper_middle_income,2012,173076637980.19998
upper_middle_income,2013,212656192735
upper_middle_income,2014,144019394386.40002
upper_middle_income,2015,128724829856
upper_middle_income,2016,141195924393.59998
upper_middle_income,2017,185669874685.90002
uzb,1970,0
uzb,1971,0
uzb,1972,0
uzb,1973,0
uzb,1974,0
uzb,1975,0
uzb,1976,0
uzb,1977,0
uzb,1978,0
uzb,1979,0
uzb,1980,0
uzb,1981,0
uzb,1982,0
uzb,1983,0
uzb,1984,0
uzb,1985,0
uzb,1986,0
uzb,1987,0
uzb,1988,0
uzb,1989,0
uzb,1990,0
uzb,1991,0
uzb,1992,39150000
uzb,1993,115000000
uzb,1994,274175442.8
uzb,1995,296023957.8
uzb,1996,333486284.1
uzb,1997,379758231.7
uzb,1998,743355009
uzb,1999,630841856.8
uzb,2000,90276503.5
uzb,2001,446040617.4
uzb,2002,110871841.7
uzb,2003,309475104.2
uzb,2004,69392407.8
uzb,2005,0
uzb,2006,27079313.8
uzb,2007,16618957
uzb,2008,3560077.5
uzb,2009,5401268.3
uzb,2010,107418702.4
uzb,2011,0
uzb,2012,0
uzb,2013,255353168.9
uzb,2014,129733650.2
uzb,2015,0
uzb,2016,0
uzb,2017,0
vct,1970,360000
vct,1971,0
vct,1972,0
vct,1973,0
vct,1974,0
vct,1975,0
vct,1976,0
vct,1977,0
vct,1978,223333.1
vct,1979,0
vct,1980,1312023.3
vct,1981,0
vct,1982,0
vct,1983,18888.9
vct,1984,0
vct,1985,0
vct,1986,0
vct,1987,0
vct,1988,0
vct,1989,0
vct,1990,0
vct,1991,0
vct,1992,0
vct,1993,2400000
vct,1994,2400000
vct,1995,0
vct,1996,0
vct,1997,0
vct,1998,0
vct,1999,57882000
vct,2000,0
vct,2001,8700000
vct,2002,0
vct,2003,22222222.2
vct,2004,29814814.8
vct,2005,30000000
vct,2006,0
vct,2007,0
vct,2008,16000000
vct,2009,0
vct,2010,0
vct,2011,0
vct,2012,0
vct,2013,5598000
vct,2014,3334000
vct,2015,0
vct,2016,0
vct,2017,10351111.1
ven,1970,163575883.8
ven,1971,361712120.6
ven,1972,468545413.3
ven,1973,207853487.8
ven,1974,93480046.1
ven,1975,0
ven,1976,1226585145.8
ven,1977,2092482223.8
ven,1978,2663388174.9
ven,1979,3869506340.5
ven,1980,2636346653.7
ven,1981,2416420279
ven,1982,3133523571
ven,1983,2163555341.2
ven,1984,211113227
ven,1985,345591730.5
ven,1986,254488322.1
ven,1987,1097692740.8
ven,1988,2113638806.2
ven,1989,808967881.5
ven,1990,1847128806.1
ven,1991,520388960.4
ven,1992,891842898.6
ven,1993,1482959795.1
ven,1994,190815000
ven,1995,735221854.8
ven,1996,1531556162.5
ven,1997,7950886000
ven,1998,1947748530.6
ven,1999,351207785.1
ven,2000,1253139080.3
ven,2001,3119765310.5
ven,2002,1399972625.3
ven,2003,5734118910.4
ven,2004,4449772214.5
ven,2005,6073138278.3
ven,2006,43731000
ven,2007,1254072000
ven,2008,4000000000
ven,2009,4991926000
ven,2010,3000000000
ven,2011,8121212803.7
ven,2012,915613787.5
ven,2013,124819005.2
ven,2014,0
ven,2015,0
ven,2016,0
ven,2017,0
vnm,1970,0
vnm,1971,0
vnm,1972,0
vnm,1973,0
vnm,1974,0
vnm,1975,0
vnm,1976,0
vnm,1977,0
vnm,1978,0
vnm,1979,0
vnm,1980,0
vnm,1981,0
vnm,1982,0
vnm,1983,0
vnm,1984,0
vnm,1985,0
vnm,1986,0
vnm,1987,0
vnm,1988,0
vnm,1989,0
vnm,1990,0
vnm,1991,88791312.1
vnm,1992,80000000
vnm,1993,10000000
vnm,1994,459896053.4
vnm,1995,530748241.3
vnm,1996,279963428
vnm,1997,476984512.1
vnm,1998,170126273.8
vnm,1999,155587375.8
vnm,2000,0
vnm,2001,0
vnm,2002,0
vnm,2003,18155869.4
vnm,2004,338128263.7
vnm,2005,752385620.8
vnm,2006,555636206.9
vnm,2007,644789391.3
vnm,2008,624872449.3
vnm,2009,434300331.6
vnm,2010,1875418418.4
vnm,2011,3120804187.6
vnm,2012,1099394798.4
vnm,2013,1168582854.8
vnm,2014,1024298154.4
vnm,2015,52942530.3
vnm,2016,32816927.7
vnm,2017,9231703.7
vut,1970,0
vut,1971,0
vut,1972,0
vut,1973,0
vut,1974,0
vut,1975,0
vut,1976,0
vut,1977,0
vut,1978,0
vut,1979,0
vut,1980,0
vut,1981,0
vut,1982,0
vut,1983,442617.8
vut,1984,1431857
vut,1985,0
vut,1986,0
vut,1987,1000000
vut,1988,0
vut,1989,0
vut,1990,0
vut,1991,0
vut,1992,0
vut,1993,0
vut,1994,0
vut,1995,0
vut,1996,0
vut,1997,0
vut,1998,0
vut,1999,0
vut,2000,0
vut,2001,0
vut,2002,0
vut,2003,0
vut,2004,0
vut,2005,0
vut,2006,0
vut,2007,0
vut,2008,0
vut,2009,0
vut,2010,0
vut,2011,0
vut,2012,0
vut,2013,0
vut,2014,0
vut,2015,0
vut,2016,0
vut,2017,0
wsm,1970,0
wsm,1971,2099758.3
wsm,1972,5876427.1
wsm,1973,681500
wsm,1974,1584845
wsm,1975,181404.7
wsm,1976,3374408.8
wsm,1977,2822508.7
wsm,1978,2000000
wsm,1979,0
wsm,1980,0
wsm,1981,0
wsm,1982,0
wsm,1983,0
wsm,1984,2000000
wsm,1985,0
wsm,1986,0
wsm,1987,0
wsm,1988,0
wsm,1989,0
wsm,1990,0
wsm,1991,0
wsm,1992,0
wsm,1993,0
wsm,1994,0
wsm,1995,0
wsm,1996,0
wsm,1997,0
wsm,1998,0
wsm,1999,0
wsm,2000,0
wsm,2001,0
wsm,2002,0
wsm,2003,0
wsm,2004,0
wsm,2005,0
wsm,2006,0
wsm,2007,0
wsm,2008,0
wsm,2009,0
wsm,2010,0
wsm,2011,0
wsm,2012,0
wsm,2013,0
wsm,2014,0
wsm,2015,0
wsm,2016,0
wsm,2017,0
yem,1970,0
yem,1971,0
yem,1972,0
yem,1973,5333933.4
yem,1974,0
yem,1975,0
yem,1976,81367124.6
yem,1977,18676738.9
yem,1978,13296000
yem,1979,424348500
yem,1980,77610090.2
yem,1981,12674255
yem,1982,33600000
yem,1983,8856285
yem,1984,12275000
yem,1985,314942500
yem,1986,316512191.4
yem,1987,27937880.8
yem,1988,660704385.8
yem,1989,22520461.4
yem,1990,0
yem,1991,3009657
yem,1992,18936100
yem,1993,0
yem,1994,0
yem,1995,0
yem,1996,0
yem,1997,0
yem,1998,0
yem,1999,0
yem,2000,0
yem,2001,0
yem,2002,0
yem,2003,0
yem,2004,0
yem,2005,0
yem,2006,0
yem,2007,0
yem,2008,0
yem,2009,0
yem,2010,0
yem,2011,0
yem,2012,0
yem,2013,0
yem,2014,0
yem,2015,0
yem,2016,0
yem,2017,0
zaf,1970,0
zaf,1971,0
zaf,1972,0
zaf,1973,0
zaf,1974,0
zaf,1975,0
zaf,1976,0
zaf,1977,0
zaf,1978,0
zaf,1979,0
zaf,1980,0
zaf,1981,0
zaf,1982,0
zaf,1983,0
zaf,1984,0
zaf,1985,0
zaf,1986,0
zaf,1987,0
zaf,1988,0
zaf,1989,0
zaf,1990,0
zaf,1991,0
zaf,1992,0
zaf,1993,0
zaf,1994,3068063575.6
zaf,1995,3224705848.5
zaf,1996,2352232125
zaf,1997,9602888864.6
zaf,1998,450000000
zaf,1999,1993000000
zaf,2000,2150339000
zaf,2001,1599000000
zaf,2002,2472000000
zaf,2003,1413534375
zaf,2004,2420000000
zaf,2005,2269967227.7
zaf,2006,1876440995.8
zaf,2007,1870000000
zaf,2008,1216000000
zaf,2009,2000000000
zaf,2010,2864000000
zaf,2011,3500000000
zaf,2012,2500000000
zaf,2013,3215198039.4
zaf,2014,2886953000
zaf,2015,1327410000
zaf,2016,5378610000
zaf,2017,19150027242.5
zmb,1970,301570508.5
zmb,1971,3208212.5
zmb,1972,121149791
zmb,1973,172049649.4
zmb,1974,91087950.6
zmb,1975,271558850.4
zmb,1976,99058280.6
zmb,1977,59690858.1
zmb,1978,131887761.5
zmb,1979,134477801.6
zmb,1980,371524634.6
zmb,1981,147403365.6
zmb,1982,125941396
zmb,1983,11951130.5
zmb,1984,51686996
zmb,1985,2813586.8
zmb,1986,128908952.7
zmb,1987,15315123
zmb,1988,30733293.5
zmb,1989,146158024.8
zmb,1990,72394874.8
zmb,1991,3000000
zmb,1992,11204000
zmb,1993,0
zmb,1994,30146374.7
zmb,1995,13500000
zmb,1996,0
zmb,1997,44304000
zmb,1998,0
zmb,1999,0
zmb,2000,0
zmb,2001,0
zmb,2002,0
zmb,2003,0
zmb,2004,0
zmb,2005,0
zmb,2006,0
zmb,2007,0
zmb,2008,10384000
zmb,2009,0
zmb,2010,0
zmb,2011,91194000
zmb,2012,750000000
zmb,2013,468057000
zmb,2014,1000020000
zmb,2015,1250000000
zmb,2016,1032987000
zmb,2017,1575171000
zwe,1970,0
zwe,1971,0
zwe,1972,0
zwe,1973,0
zwe,1974,0
zwe,1975,0
zwe,1976,0
zwe,1977,0
zwe,1978,279733424
zwe,1979,142132410
zwe,1980,30847188.9
zwe,1981,733099233.8
zwe,1982,461499261.8
zwe,1983,327483797.6
zwe,1984,46275805.4
zwe,1985,49633000
zwe,1986,64206484
zwe,1987,195137337.8
zwe,1988,81360010.2
zwe,1989,228371719.1
zwe,1990,43044427.6
zwe,1991,388095560.1
zwe,1992,42949149.7
zwe,1993,108878232.1
zwe,1994,107514608.6
zwe,1995,59035435.8
zwe,1996,29643818.1
zwe,1997,140531965.6
zwe,1998,74621521.4
zwe,1999,17533672
zwe,2000,10760322.2
zwe,2001,230394.3
zwe,2002,27116997.3
zwe,2003,23351559
zwe,2004,4835578.2
zwe,2005,7372385.1
zwe,2006,0
zwe,2007,0
zwe,2008,0
zwe,2009,0
zwe,2010,0
zwe,2011,0
zwe,2012,0
zwe,2013,0
zwe,2014,0
zwe,2015,0
zwe,2016,0
zwe,2017,0
