geo,time,dt_amt_dimf_cd
afg,1970,0
afg,1971,0
afg,1972,0
afg,1973,0
afg,1974,0
afg,1975,0
afg,1976,0
afg,1977,0
afg,1978,0
afg,1979,0
afg,1980,0
afg,1981,0
afg,1982,0
afg,1983,0
afg,1984,0
afg,1985,0
afg,1986,0
afg,1987,0
afg,1988,0
afg,1989,0
afg,1990,0
afg,1991,0
afg,1992,0
afg,1993,0
afg,1994,0
afg,1995,0
afg,1996,0
afg,1997,0
afg,1998,0
afg,1999,0
afg,2000,0
afg,2001,0
afg,2002,0
afg,2003,0
afg,2004,0
afg,2005,0
afg,2006,0
afg,2007,0
afg,2008,0
afg,2009,0
afg,2010,0
afg,2011,0
afg,2012,3742551
afg,2013,12646380.9
afg,2014,19462703.6
afg,2015,20294303.7
afg,2016,20948179.9
afg,2017,20828811.4
ago,1970,0
ago,1971,0
ago,1972,0
ago,1973,0
ago,1974,0
ago,1975,0
ago,1976,0
ago,1977,0
ago,1978,0
ago,1979,0
ago,1980,0
ago,1981,0
ago,1982,0
ago,1983,0
ago,1984,0
ago,1985,0
ago,1986,0
ago,1987,0
ago,1988,0
ago,1989,0
ago,1990,0
ago,1991,0
ago,1992,0
ago,1993,0
ago,1994,0
ago,1995,0
ago,1996,0
ago,1997,0
ago,1998,0
ago,1999,0
ago,2000,0
ago,2001,0
ago,2002,0
ago,2003,0
ago,2004,0
ago,2005,0
ago,2006,0
ago,2007,0
ago,2008,0
ago,2009,0
ago,2010,0
ago,2011,0
ago,2012,0
ago,2013,262050098.3
ago,2014,500234023.4
ago,2015,345491457.2
ago,2016,124367133.8
ago,2017,29777434.6
alb,1970,0
alb,1971,0
alb,1972,0
alb,1973,0
alb,1974,0
alb,1975,0
alb,1976,0
alb,1977,0
alb,1978,0
alb,1979,0
alb,1980,0
alb,1981,0
alb,1982,0
alb,1983,0
alb,1984,0
alb,1985,0
alb,1986,0
alb,1987,0
alb,1988,0
alb,1989,0
alb,1990,0
alb,1991,0
alb,1992,0
alb,1993,0
alb,1994,0
alb,1995,1184962.5
alb,1996,8279530
alb,1997,7955176.4
alb,1998,1165471.9
alb,1999,3474544.4
alb,2000,7262441.5
alb,2001,13526607.8
alb,2002,13757967.2
alb,2003,9513238.8
alb,2004,9475987.9
alb,2005,9113710.5
alb,2006,11178282.8
alb,2007,14402639.3
alb,2008,15206868.2
alb,2009,14013453.4
alb,2010,12277653.1
alb,2011,12046512.5
alb,2012,10268338
alb,2013,10396271
alb,2014,8816711.1
alb,2015,6051214.3
alb,2016,4033949.4
alb,2017,2785957.5
arg,1970,0
arg,1971,0
arg,1972,0
arg,1973,0
arg,1974,132294000
arg,1975,133600000
arg,1976,73891000
arg,1977,120365000
arg,1978,508158000
arg,1979,0
arg,1980,0
arg,1981,0
arg,1982,0
arg,1983,0
arg,1984,886695000
arg,1985,0
arg,1986,791498000
arg,1987,647546000
arg,1988,513349000
arg,1989,715546000
arg,1990,697301000
arg,1991,990530000
arg,1992,898338000
arg,1993,384194000
arg,1994,414866000
arg,1995,484410000
arg,1996,430502000
arg,1997,478553000
arg,1998,656933000
arg,1999,823839000
arg,2000,1279660000
arg,2001,1180965000
arg,2002,742774000
arg,2003,5743210000
arg,2004,5504366000
arg,2005,3571204000
arg,2006,9793290000
arg,2007,0
arg,2008,0
arg,2009,0
arg,2010,0
arg,2011,0
arg,2012,0
arg,2013,0
arg,2014,0
arg,2015,0
arg,2016,0
arm,1970,0
arm,1971,0
arm,1972,0
arm,1973,0
arm,1974,0
arm,1975,0
arm,1976,0
arm,1977,0
arm,1978,0
arm,1979,0
arm,1980,0
arm,1981,0
arm,1982,0
arm,1983,0
arm,1984,0
arm,1985,0
arm,1986,0
arm,1987,0
arm,1988,0
arm,1989,0
arm,1990,0
arm,1991,0
arm,1992,0
arm,1993,0
arm,1994,0
arm,1995,0
arm,1996,0
arm,1997,0
arm,1998,572560.1
arm,1999,13076374.6
arm,2000,15766066.8
arm,2001,9310125.4
arm,2002,18209721.7
arm,2003,26358987.2
arm,2004,34545711.4
arm,2005,34386565.8
arm,2006,31168825.1
arm,2007,23626268.4
arm,2008,26964527.8
arm,2009,23422596.5
arm,2010,21558374.7
arm,2011,22768539.3
arm,2012,154286284.1
arm,2013,274925303.9
arm,2014,149022624.4
arm,2015,25024744.3
arm,2016,35720330.3
arm,2017,50570190.9
aze,1970,0
aze,1971,0
aze,1972,0
aze,1973,0
aze,1974,0
aze,1975,0
aze,1976,0
aze,1977,0
aze,1978,0
aze,1979,0
aze,1980,0
aze,1981,0
aze,1982,0
aze,1983,0
aze,1984,0
aze,1985,0
aze,1986,0
aze,1987,0
aze,1988,0
aze,1989,0
aze,1990,0
aze,1991,0
aze,1992,0
aze,1993,0
aze,1994,0
aze,1995,0
aze,1996,0
aze,1997,0
aze,1998,0
aze,1999,16031309.8
aze,2000,51441195
aze,2001,39316915.7
aze,2002,48996491.3
aze,2003,78868540.4
aze,2004,59707319.6
aze,2005,48111054.4
aze,2006,37157453.6
aze,2007,36833280.5
aze,2008,21691127.4
aze,2009,18549894.4
aze,2010,14732878.5
aze,2011,17253002.6
aze,2012,13025605.1
aze,2013,9816581.6
aze,2014,3910772.8
aze,2015,1800673.5
aze,2016,0
aze,2017,0
bdi,1970,190000
bdi,1971,3821525.3
bdi,1972,6101634
bdi,1973,143091
bdi,1974,1948333.5
bdi,1975,145746
bdi,1976,0
bdi,1977,0
bdi,1978,7489307.2
bdi,1979,0
bdi,1980,0
bdi,1981,0
bdi,1982,111530.5
bdi,1983,5667705.4
bdi,1984,6514796.3
bdi,1985,3172529.6
bdi,1986,4338984.1
bdi,1987,4712750.4
bdi,1988,4255840.1
bdi,1989,2722819.3
bdi,1990,784717.4
bdi,1991,98535.4
bdi,1992,2405910.2
bdi,1993,4173817.2
bdi,1994,6114907
bdi,1995,9070045.7
bdi,1996,8678770.9
bdi,1997,7951048.1
bdi,1998,8725436
bdi,1999,7042071.4
bdi,2000,4540015.2
bdi,2001,4381984.4
bdi,2002,2504273.7
bdi,2003,0
bdi,2004,28528740.6
bdi,2005,0
bdi,2006,0
bdi,2007,0
bdi,2008,0
bdi,2009,6939628.7
bdi,2010,0
bdi,2011,2254779.2
bdi,2012,7645497.1
bdi,2013,10268129.1
bdi,2014,16044195.9
bdi,2015,17468071.8
bdi,2016,18042957.9
bdi,2017,16620060.3
ben,1970,0
ben,1971,0
ben,1972,0
ben,1973,0
ben,1974,0
ben,1975,0
ben,1976,0
ben,1977,0
ben,1978,0
ben,1979,0
ben,1980,0
ben,1981,0
ben,1982,0
ben,1983,240553.1
ben,1984,1105238.4
ben,1985,1095447.4
ben,1986,2971681.8
ben,1987,3312547.4
ben,1988,3099800.1
ben,1989,1862644.3
ben,1990,1972654.6
ben,1991,67058.8
ben,1992,0
ben,1993,0
ben,1994,896471.1
ben,1995,1899581.3
ben,1996,1817634.9
ben,1997,4307161.8
ben,1998,5309070.3
ben,1999,8942747
ben,2000,10537530.9
ben,2001,9737884.5
ben,2002,9794377.8
ben,2003,9918890.8
ben,2004,7550853.7
ben,2005,7473863.1
ben,2006,0
ben,2007,0
ben,2008,0
ben,2009,0
ben,2010,0
ben,2011,277511.3
ben,2012,672131.6
ben,2013,939707
ben,2014,7522236.2
ben,2015,8417134.2
ben,2016,9655345.6
ben,2017,16561817.2
bfa,1970,0
bfa,1971,0
bfa,1972,1215984
bfa,1973,715455
bfa,1974,180401.3
bfa,1975,0
bfa,1976,0
bfa,1977,0
bfa,1978,0
bfa,1979,0
bfa,1980,0
bfa,1981,0
bfa,1982,0
bfa,1983,0
bfa,1984,640792.2
bfa,1985,1713287.9
bfa,1986,2969334.5
bfa,1987,3313857.3
bfa,1988,3099800.1
bfa,1989,1863926.2
bfa,1990,536268.8
bfa,1991,67058.8
bfa,1992,0
bfa,1993,0
bfa,1994,0
bfa,1995,0
bfa,1996,917528.1
bfa,1997,1739377.8
bfa,1998,2914358
bfa,1999,5354709.1
bfa,2000,6898396.2
bfa,2001,6882338.1
bfa,2002,8064434.8
bfa,2003,3379500.8
bfa,2004,2860284.1
bfa,2005,3724374.1
bfa,2006,0
bfa,2007,0
bfa,2008,0
bfa,2009,0
bfa,2010,1049841.6
bfa,2011,3796858.9
bfa,2012,7170422.2
bfa,2013,7772413.8
bfa,2014,10866296.3
bfa,2015,19773829.3
bfa,2016,20083563.6
bfa,2017,24677010.6
bgd,1970,0
bgd,1971,0
bgd,1972,0
bgd,1973,0
bgd,1974,0
bgd,1975,25043312.5
bgd,1976,60199109.5
bgd,1977,48073659.2
bgd,1978,21843447
bgd,1979,81145906
bgd,1980,134034434.5
bgd,1981,49613251.8
bgd,1982,37637153
bgd,1983,26656802.1
bgd,1984,70893969.6
bgd,1985,89755050.5
bgd,1986,146632684
bgd,1987,163432743.7
bgd,1988,107288243.7
bgd,1989,123804812
bgd,1990,199171555
bgd,1991,142649271.7
bgd,1992,85772560.5
bgd,1993,90810484.5
bgd,1994,54376924.7
bgd,1995,60642511.4
bgd,1996,86262766.4
bgd,1997,116289428.9
bgd,1998,101144406.9
bgd,1999,92803562.3
bgd,2000,87054330
bgd,2001,60233825.5
bgd,2002,85866548.6
bgd,2003,72650874.4
bgd,2004,0
bgd,2005,0
bgd,2006,0
bgd,2007,0
bgd,2008,7824739.9
bgd,2009,22905864.9
bgd,2010,45320196
bgd,2011,131210803.2
bgd,2012,198598088.2
bgd,2013,139929382.7
bgd,2014,73681754.3
bgd,2015,47074949.5
bgd,2016,18712966
bgd,2017,12677562.9
bgr,1970,0
bgr,1971,0
bgr,1972,0
bgr,1973,0
bgr,1974,0
bgr,1975,0
bgr,1976,0
bgr,1977,0
bgr,1978,0
bgr,1979,0
bgr,1980,0
bgr,1981,0
bgr,1982,0
bgr,1983,0
bgr,1984,0
bgr,1985,0
bgr,1986,0
bgr,1987,0
bgr,1988,0
bgr,1989,0
bgr,1990,0
bgr,1991,0
bgr,1992,85361918.7
bgr,1993,0
bgr,1994,68671694.8
bgr,1995,246233988.6
bgr,1996,224840850.9
bgr,1997,88660103.9
bgr,1998,182696872.8
bgr,1999,124051215.9
bgr,2000,138918925.6
bgr,2001,300763010.8
bgr,2002,252817699.9
bgr,2003,107142484.8
bgr,2004,132198479
bgr,2005,443379280.8
bgr,2006,346075044
bgr,2007,346950825
bgr,2008,0
bgr,2009,0
bgr,2010,0
bgr,2011,0
bgr,2012,0
bgr,2013,0
bgr,2014,0
bgr,2015,0
bgr,2016,0
bgr,2017,0
bih,1970,0
bih,1971,0
bih,1972,0
bih,1973,0
bih,1974,0
bih,1975,0
bih,1976,0
bih,1977,0
bih,1978,0
bih,1979,0
bih,1980,0
bih,1981,0
bih,1982,0
bih,1983,0
bih,1984,0
bih,1985,0
bih,1986,0
bih,1987,0
bih,1988,0
bih,1989,0
bih,1990,0
bih,1991,0
bih,1992,0
bih,1993,0
bih,1994,0
bih,1995,27871652.6
bih,1996,2097829.4
bih,1997,994913.1
bih,1998,0
bih,1999,20715996.5
bih,2000,19982925.8
bih,2001,7714940.6
bih,2002,22739168.2
bih,2003,50745666.4
bih,2004,47571119.2
bih,2005,39405089.8
bih,2006,43921513.9
bih,2007,18370713.4
bih,2008,2371133.3
bih,2009,0
bih,2010,0
bih,2011,0
bih,2012,34872937.7
bih,2013,208949027.9
bih,2014,222234903.6
bih,2015,53824327
bih,2016,94023549.3
bih,2017,218375249.9
blr,1970,0
blr,1971,0
blr,1972,0
blr,1973,0
blr,1974,0
blr,1975,0
blr,1976,0
blr,1977,0
blr,1978,0
blr,1979,0
blr,1980,0
blr,1981,0
blr,1982,0
blr,1983,0
blr,1984,0
blr,1985,0
blr,1986,0
blr,1987,0
blr,1988,0
blr,1989,0
blr,1990,0
blr,1991,0
blr,1992,0
blr,1993,0
blr,1994,0
blr,1995,0
blr,1996,0
blr,1997,0
blr,1998,24331090.7
blr,1999,58148366.5
blr,2000,55552533.6
blr,2001,29748352.4
blr,2002,30257168.9
blr,2003,32685759.6
blr,2004,17314352
blr,2005,8630620.3
blr,2006,0
blr,2007,0
blr,2008,0
blr,2009,0
blr,2010,0
blr,2011,0
blr,2012,463857884.2
blr,2013,1647564099.2
blr,2014,1262723799.4
blr,2015,76589484.9
blr,2016,0
blr,2017,0
blz,1970,0
blz,1971,0
blz,1972,0
blz,1973,0
blz,1974,0
blz,1975,0
blz,1976,0
blz,1977,0
blz,1978,0
blz,1979,0
blz,1980,0
blz,1981,0
blz,1982,0
blz,1983,130000
blz,1984,0
blz,1985,0
blz,1986,1390000
blz,1987,1984384.9
blz,1988,3008392.3
blz,1989,4186783.4
blz,1990,3019396.9
blz,1991,405090.1
blz,1992,0
blz,1993,0
blz,1994,0
blz,1995,0
blz,1996,0
blz,1997,0
blz,1998,0
blz,1999,0
blz,2000,0
blz,2001,0
blz,2002,0
blz,2003,0
blz,2004,0
blz,2005,0
blz,2006,0
blz,2007,0
blz,2008,0
blz,2009,0
blz,2010,0
blz,2011,0
blz,2012,2693109.2
blz,2013,3584921
blz,2014,893370
blz,2015,0
blz,2016,0
blz,2017,0
bol,1970,0
bol,1971,4012100
bol,1972,3257100
bol,1973,9539400
bol,1974,4485977.8
bol,1975,6157768.5
bol,1976,23506536.2
bol,1977,1109196.3
bol,1978,2341974
bol,1979,0
bol,1980,0
bol,1981,2200000
bol,1982,8300000
bol,1983,11490000
bol,1984,23955520.7
bol,1985,23538245.2
bol,1986,38177321.9
bol,1987,34511269.2
bol,1988,58527883.1
bol,1989,11623259.3
bol,1990,45611357.5
bol,1991,44093231.8
bol,1992,37001433.6
bol,1993,28776856.6
bol,1994,14937844.3
bol,1995,26146553.6
bol,1996,31602456.5
bol,1997,34323813.4
bol,1998,35132396.3
bol,1999,22737002.7
bol,2000,19887957.4
bol,2001,20626644.7
bol,2002,17063763.9
bol,2003,18949543.6
bol,2004,21795957.8
bol,2005,40285584.5
bol,2006,0
bol,2007,14788424.3
bol,2008,0
bol,2009,0
bol,2010,0
bol,2011,0
bol,2012,0
bol,2013,0
bol,2014,0
bol,2015,0
bol,2016,0
bol,2017,0
bra,1970,75160000
bra,1971,0
bra,1972,0
bra,1973,0
bra,1974,0
bra,1975,0
bra,1976,0
bra,1977,0
bra,1978,0
bra,1979,0
bra,1980,0
bra,1981,0
bra,1982,0
bra,1983,0
bra,1984,0
bra,1985,65460000
bra,1986,616230000
bra,1987,1148683779.4
bra,1988,929357990.8
bra,1989,812050095.9
bra,1990,765275924.4
bra,1991,567313574.7
bra,1992,579283447
bra,1993,503229134.4
bra,1994,133927920.5
bra,1995,48965805.3
bra,1996,69992008
bra,1997,32622966.1
bra,1998,21082965.4
bra,1999,1977147015.3
bra,2000,6692954526.2
bra,2001,0
bra,2002,4646383409.2
bra,2003,12447326710
bra,2004,4356811455.4
bra,2005,23809823417.9
bra,2006,0
bra,2007,0
bra,2008,0
bra,2009,0
bra,2010,0
bra,2011,0
bra,2012,0
bra,2013,0
bra,2014,0
bra,2015,0
bra,2016,0
bra,2017,0
btn,1970,0
btn,1971,0
btn,1972,0
btn,1973,0
btn,1974,0
btn,1975,0
btn,1976,0
btn,1977,0
btn,1978,0
btn,1979,0
btn,1980,0
btn,1981,0
btn,1982,0
btn,1983,0
btn,1984,0
btn,1985,0
btn,1986,0
btn,1987,0
btn,1988,0
btn,1989,0
btn,1990,0
btn,1991,0
btn,1992,0
btn,1993,0
btn,1994,0
btn,1995,0
btn,1996,0
btn,1997,0
btn,1998,0
btn,1999,0
btn,2000,0
btn,2001,0
btn,2002,0
btn,2003,0
btn,2004,0
btn,2005,0
btn,2006,0
btn,2007,0
btn,2008,0
btn,2009,0
btn,2010,0
btn,2011,0
btn,2012,0
btn,2013,0
btn,2014,0
btn,2015,0
btn,2016,0
btn,2017,0
bwa,1970,0
bwa,1971,0
bwa,1972,0
bwa,1973,0
bwa,1974,0
bwa,1975,0
bwa,1976,0
bwa,1977,0
bwa,1978,0
bwa,1979,0
bwa,1980,0
bwa,1981,0
bwa,1982,0
bwa,1983,0
bwa,1984,0
bwa,1985,0
bwa,1986,0
bwa,1987,0
bwa,1988,0
bwa,1989,0
bwa,1990,0
bwa,1991,0
bwa,1992,0
bwa,1993,0
bwa,1994,0
bwa,1995,0
bwa,1996,0
bwa,1997,0
bwa,1998,0
bwa,1999,0
bwa,2000,0
bwa,2001,0
bwa,2002,0
bwa,2003,0
bwa,2004,0
bwa,2005,0
bwa,2006,0
bwa,2007,0
bwa,2008,0
bwa,2009,0
bwa,2010,0
bwa,2011,0
bwa,2012,0
bwa,2013,0
bwa,2014,0
bwa,2015,0
bwa,2016,0
bwa,2017,0
caf,1970,0
caf,1971,140423.5
caf,1972,151998
caf,1973,166939.5
caf,1974,168374.5
caf,1975,170037
caf,1976,1535544.9
caf,1977,0
caf,1978,1327536.1
caf,1979,3075085
caf,1980,5700000
caf,1981,3700000
caf,1982,700000
caf,1983,540553.1
caf,1984,7605238.4
caf,1985,11470194.3
caf,1986,9219334.5
caf,1987,6067109.4
caf,1988,11248537.5
caf,1989,13439754.1
caf,1990,9768237.8
caf,1991,3402209.1
caf,1992,1673431.7
caf,1993,1583509
caf,1994,4765904.1
caf,1995,7378325.9
caf,1996,6178797.1
caf,1997,7463912.3
caf,1998,12976219.9
caf,1999,4958165.2
caf,2000,801955
caf,2001,0
caf,2002,0
caf,2003,0
caf,2004,2442356.6
caf,2005,4869312.6
caf,2006,6026885.1
caf,2007,26681930.4
caf,2008,7739379.1
caf,2009,19373580
caf,2010,0
caf,2011,0
caf,2012,0
caf,2013,2268416
caf,2014,5364778
caf,2015,14058404.9
caf,2016,19355173
caf,2017,16868286.4
chn,1970,0
chn,1971,0
chn,1972,0
chn,1973,0
chn,1974,0
chn,1975,0
chn,1976,0
chn,1977,0
chn,1978,0
chn,1979,0
chn,1980,0
chn,1981,0
chn,1982,0
chn,1983,481106000
chn,1984,0
chn,1985,0
chn,1986,36327988.5
chn,1987,81086026.5
chn,1988,83214712.9
chn,1989,79357876.7
chn,1990,489792611.8
chn,1991,451368861.9
chn,1992,0
chn,1993,0
chn,1994,0
chn,1995,0
chn,1996,0
chn,1997,0
chn,1998,0
chn,1999,0
chn,2000,0
chn,2001,0
chn,2002,0
chn,2003,0
chn,2004,0
chn,2005,0
chn,2006,0
chn,2007,0
chn,2008,0
chn,2009,0
chn,2010,0
chn,2011,0
chn,2012,0
chn,2013,0
chn,2014,0
chn,2015,0
chn,2016,0
chn,2017,0
civ,1970,0
civ,1971,0
civ,1972,0
civ,1973,0
civ,1974,0
civ,1975,0
civ,1976,27905352.7
civ,1977,11629047
civ,1978,30232755
civ,1979,2920038.7
civ,1980,0
civ,1981,15000
civ,1982,0
civ,1983,0
civ,1984,32819928.2
civ,1985,106180777.1
civ,1986,137653206.3
civ,1987,147830779
civ,1988,185087372.9
civ,1989,161416779.8
civ,1990,123339105.8
civ,1991,104715780.4
civ,1992,91919010
civ,1993,49330357.7
civ,1994,76589568.6
civ,1995,86107779
civ,1996,47625807.8
civ,1997,22145416.7
civ,1998,0
civ,1999,8142822.4
civ,2000,39273373.9
civ,2001,66715139.4
civ,2002,86362482.8
civ,2003,104956160.4
civ,2004,126732816.9
civ,2005,91143014
civ,2006,57480534
civ,2007,46886653.4
civ,2008,44488783.6
civ,2009,143463210.9
civ,2010,10168814.3
civ,2011,18460807.4
civ,2012,26196329.6
civ,2013,0
civ,2014,7049722.5
civ,2015,54599442.1
civ,2016,64190116.2
civ,2017,118152889
cmr,1970,0
cmr,1971,0
cmr,1972,0
cmr,1973,0
cmr,1974,0
cmr,1975,0
cmr,1976,0
cmr,1977,0
cmr,1978,5748481.6
cmr,1979,14716478
cmr,1980,16700000
cmr,1981,10000000
cmr,1982,3300000
cmr,1983,1246820.6
cmr,1984,2976351.6
cmr,1985,5841031.4
cmr,1986,7997251.1
cmr,1987,8927767.2
cmr,1988,8347683.8
cmr,1989,5016192.1
cmr,1990,1444531.6
cmr,1991,12074694.6
cmr,1992,54407658.6
cmr,1993,47192480.7
cmr,1994,5532057.6
cmr,1995,6068949.9
cmr,1996,5807140.1
cmr,1997,11305955.6
cmr,1998,16305751.9
cmr,1999,18205463.9
cmr,2000,17385804.9
cmr,2001,1965654.8
cmr,2002,0
cmr,2003,11326083.6
cmr,2004,28030784.4
cmr,2005,38653123.8
cmr,2006,276140516.9
cmr,2007,0
cmr,2008,0
cmr,2009,0
cmr,2010,0
cmr,2011,1253531.1
cmr,2012,2428839.2
cmr,2013,3638313.4
cmr,2014,5237153.7
cmr,2015,31178094.7
cmr,2016,29870964.7
cmr,2017,28697165.4
cod,1970,0
cod,1971,0
cod,1972,0
cod,1973,0
cod,1974,0
cod,1975,0
cod,1976,26092717
cod,1977,6596798.8
cod,1978,12098111.6
cod,1979,40660892.2
cod,1980,85300000
cod,1981,126600000
cod,1982,25061453.2
cod,1983,14482711.5
cod,1984,65004705.9
cod,1985,124266490.7
cod,1986,136140300
cod,1987,191776717.6
cod,1988,130643268.2
cod,1989,343789269.3
cod,1990,151941918
cod,1991,49221179.4
cod,1992,0
cod,1993,0
cod,1994,4347741.9
cod,1995,1367031
cod,1996,36451418.5
cod,1997,0
cod,1998,743514.1
cod,1999,938031.3
cod,2000,13190.1
cod,2001,0
cod,2002,388484852.5
cod,2003,0
cod,2004,0
cod,2005,0
cod,2006,0
cod,2007,64297497.1
cod,2008,136999339.5
cod,2009,150149872.5
cod,2010,56659400.6
cod,2011,0
cod,2012,0
cod,2013,0
cod,2014,0
cod,2015,38417165.9
cod,2016,78324229.9
cod,2017,91863101.6
cog,1970,0
cog,1971,90272.3
cog,1972,97713
cog,1973,107318.3
cog,1974,108240.8
cog,1975,109309.5
cog,1976,0
cog,1977,3794618.8
cog,1978,0
cog,1979,1472939.9
cog,1980,6900000
cog,1981,8000000
cog,1982,76194.1
cog,1983,389161.5
cog,1984,1104213.1
cog,1985,2170571.2
cog,1986,2974029.1
cog,1987,3227408.8
cog,1988,2914296.1
cog,1989,3384295.2
cog,1990,6985070.7
cog,1991,4941825
cog,1992,0
cog,1993,698196.2
cog,1994,2864125.1
cog,1995,2275856.2
cog,1996,0
cog,1997,2150828.7
cog,1998,10600502.5
cog,1999,4273101.6
cog,2000,0
cog,2001,1152148.7
cog,2002,8285857.2
cog,2003,7685007.2
cog,2004,11955394.8
cog,2005,11917701.8
cog,2006,4089041.4
cog,2007,0
cog,2008,0
cog,2009,0
cog,2010,0
cog,2011,0
cog,2012,2514383.3
cog,2013,4796166.7
cog,2014,5328313.9
cog,2015,5413213.4
cog,2016,3697555.3
cog,2017,2346361.4
col,1970,72650000
col,1971,31705620.3
col,1972,57813525
col,1973,46802681.3
col,1974,0
col,1975,0
col,1976,0
col,1977,0
col,1978,0
col,1979,0
col,1980,0
col,1981,0
col,1982,0
col,1983,0
col,1984,0
col,1985,0
col,1986,0
col,1987,0
col,1988,0
col,1989,0
col,1990,0
col,1991,0
col,1992,0
col,1993,0
col,1994,0
col,1995,0
col,1996,0
col,1997,0
col,1998,0
col,1999,0
col,2000,0
col,2001,0
col,2002,0
col,2003,0
col,2004,0
col,2005,0
col,2006,0
col,2007,0
col,2008,0
col,2009,0
col,2010,0
col,2011,0
col,2012,0
col,2013,0
col,2014,0
col,2015,0
col,2016,0
col,2017,0
com,1970,0
com,1971,0
com,1972,0
com,1973,0
com,1974,0
com,1975,0
com,1976,0
com,1977,560436
com,1978,0
com,1979,0
com,1980,0
com,1981,0
com,1982,0
com,1983,0
com,1984,0
com,1985,0
com,1986,0
com,1987,0
com,1988,0
com,1989,0
com,1990,0
com,1991,0
com,1992,0
com,1993,0
com,1994,0
com,1995,0
com,1996,0
com,1997,247696.2
com,1998,244219.9
com,1999,430728.6
com,2000,593552.3
com,2001,572891.6
com,2002,349614.2
com,2003,377676
com,2004,200071.7
com,2005,0
com,2006,0
com,2007,0
com,2008,0
com,2009,1716783
com,2010,0
com,2011,0
com,2012,4533833.2
com,2013,0
com,2014,0
com,2015,360974.2
com,2016,1825146.7
com,2017,2037118.8
cpv,1970,0
cpv,1971,0
cpv,1972,0
cpv,1973,0
cpv,1974,0
cpv,1975,0
cpv,1976,0
cpv,1977,0
cpv,1978,0
cpv,1979,0
cpv,1980,0
cpv,1981,0
cpv,1982,0
cpv,1983,0
cpv,1984,0
cpv,1985,0
cpv,1986,0
cpv,1987,0
cpv,1988,0
cpv,1989,0
cpv,1990,0
cpv,1991,0
cpv,1992,0
cpv,1993,0
cpv,1994,0
cpv,1995,0
cpv,1996,0
cpv,1997,0
cpv,1998,0
cpv,1999,0
cpv,2000,0
cpv,2001,0
cpv,2002,0
cpv,2003,0
cpv,2004,0
cpv,2005,0
cpv,2006,0
cpv,2007,188299.8
cpv,2008,777731.7
cpv,2009,1517802.8
cpv,2010,2256854.2
cpv,2011,2724656.2
cpv,2012,2451752.8
cpv,2013,1885515.9
cpv,2014,1130386.5
cpv,2015,348382
cpv,2016,0
cpv,2017,0
cri,1970,4000000
cri,1971,250756.3
cri,1972,0
cri,1973,0
cri,1974,2862366.5
cri,1975,1068804
cri,1976,5195452.5
cri,1977,3502725
cri,1978,16293626.4
cri,1979,1304973
cri,1980,12200000
cri,1981,10700000
cri,1982,4400000
cri,1983,12550000
cri,1984,24910000
cri,1985,21670000
cri,1986,36000000
cri,1987,62452456
cri,1988,54085194.6
cri,1989,33451963.4
cri,1990,25795207.5
cri,1991,7100024.4
cri,1992,3873684.4
cri,1993,0
cri,1994,19791104.3
cri,1995,44212300.3
cri,1996,22967239.1
cri,1997,688045
cri,1998,0
cri,1999,0
cri,2000,0
cri,2001,0
cri,2002,0
cri,2003,0
cri,2004,0
cri,2005,0
cri,2006,0
cri,2007,0
cri,2008,0
cri,2009,0
cri,2010,0
cri,2011,0
cri,2012,0
cri,2013,0
cri,2014,0
cri,2015,0
cri,2016,0
cri,2017,0
dji,1970,0
dji,1971,0
dji,1972,0
dji,1973,0
dji,1974,0
dji,1975,0
dji,1976,0
dji,1977,0
dji,1978,0
dji,1979,0
dji,1980,0
dji,1981,0
dji,1982,0
dji,1983,0
dji,1984,0
dji,1985,0
dji,1986,0
dji,1987,0
dji,1988,0
dji,1989,0
dji,1990,0
dji,1991,0
dji,1992,0
dji,1993,0
dji,1994,0
dji,1995,0
dji,1996,0
dji,1997,0
dji,1998,0
dji,1999,983155.2
dji,2000,2259455.6
dji,2001,2044586.6
dji,2002,2333351.2
dji,2003,1833826.8
dji,2004,180805.5
dji,2005,805150.3
dji,2006,1603834.2
dji,2007,2781632.2
dji,2008,4309139.6
dji,2009,4204807.3
dji,2010,3328058.8
dji,2011,2579593.5
dji,2012,1388562.8
dji,2013,0
dji,2014,1397789.8
dji,2015,1494265.2
dji,2016,1894649.6
dji,2017,4441723.2
dma,1970,0
dma,1971,0
dma,1972,0
dma,1973,0
dma,1974,0
dma,1975,0
dma,1976,0
dma,1977,0
dma,1978,0
dma,1979,0
dma,1980,0
dma,1981,0
dma,1982,0
dma,1983,750000
dma,1984,1820000
dma,1985,1510000
dma,1986,1580000
dma,1987,4378745
dma,1988,2947901.9
dma,1989,2357469.3
dma,1990,1354927.2
dma,1991,921032.5
dma,1992,760650.8
dma,1993,756844.7
dma,1994,767585.5
dma,1995,849653
dma,1996,812999.6
dma,1997,550436
dma,1998,217084.4
dma,1999,35552.2
dma,2000,0
dma,2001,0
dma,2002,0
dma,2003,0
dma,2004,0
dma,2005,378199
dma,2006,1621491.1
dma,2007,2470861
dma,2008,0
dma,2009,774326.2
dma,2010,1095619.6
dma,2011,2904407.9
dma,2012,3915166.6
dma,2013,2736744
dma,2014,1572513.5
dma,2015,2065108
dma,2016,1556865.4
dma,2017,1193981.8
dom,1970,5300000
dom,1971,3309982.5
dom,1972,7599900
dom,1973,17290162.5
dom,1974,0
dom,1975,13056412.5
dom,1976,0
dom,1977,0
dom,1978,0
dom,1979,13889564.4
dom,1980,64800000
dom,1981,25400000
dom,1982,10800000
dom,1983,8610000
dom,1984,9700000
dom,1985,32680000
dom,1986,45370000
dom,1987,64100215.9
dom,1988,51256929.5
dom,1989,87828870.1
dom,1990,58122033.1
dom,1991,45032055.5
dom,1992,14527020.9
dom,1993,10080557.4
dom,1994,8026710.5
dom,1995,34016464.4
dom,1996,59527541.5
dom,1997,62364399.7
dom,1998,28672778.7
dom,1999,0
dom,2000,0
dom,2001,0
dom,2002,25703119.9
dom,2003,27766180
dom,2004,0
dom,2005,0
dom,2006,104680343.8
dom,2007,113941288.3
dom,2008,164371702.3
dom,2009,47274003.2
dom,2010,146974768.9
dom,2011,174641318.9
dom,2012,110341097.2
dom,2013,197474229.6
dom,2014,457302125.3
dom,2015,368330768.7
dom,2016,114107112.9
dom,2017,0
dza,1970,0
dza,1971,0
dza,1972,0
dza,1973,0
dza,1974,0
dza,1975,0
dza,1976,0
dza,1977,0
dza,1978,0
dza,1979,0
dza,1980,0
dza,1981,0
dza,1982,0
dza,1983,0
dza,1984,0
dza,1985,0
dza,1986,0
dza,1987,0
dza,1988,0
dza,1989,0
dza,1990,0
dza,1991,0
dza,1992,165828908.9
dza,1993,328780612.8
dza,1994,195440734.7
dza,1995,170689217
dza,1996,136104846.4
dza,1997,350386921.3
dza,1998,435199947.4
dza,1999,359334343
dza,2000,92637678.2
dza,2001,140634709.2
dza,2002,297363731.6
dza,2003,438751804.4
dza,2004,371622044.4
dza,2005,611589213.2
dza,2006,0
dza,2007,0
dza,2008,0
dza,2009,0
dza,2010,0
dza,2011,0
dza,2012,0
dza,2013,0
dza,2014,0
dza,2015,0
dza,2016,0
dza,2017,0
ecu,1970,6500000
ecu,1971,8274956.3
ecu,1972,6677055
ecu,1973,27127668.8
ecu,1974,3163035.3
ecu,1975,0
ecu,1976,0
ecu,1977,0
ecu,1978,10369809.9
ecu,1979,0
ecu,1980,0
ecu,1981,0
ecu,1982,0
ecu,1983,0
ecu,1984,0
ecu,1985,0
ecu,1986,6470000
ecu,1987,118151454.3
ecu,1988,137467936.6
ecu,1989,88653151.1
ecu,1990,115091427.7
ecu,1991,105427425.1
ecu,1992,77362408.2
ecu,1993,29102216
ecu,1994,21396446.4
ecu,1995,28889718.9
ecu,1996,22971594.5
ecu,1997,2701264.7
ecu,1998,67092646.8
ecu,1999,67617559.6
ecu,2000,0
ecu,2001,0
ecu,2002,0
ecu,2003,34680448.4
ecu,2004,111997166.6
ecu,2005,195035472.1
ecu,2006,58338364.6
ecu,2007,23116481.1
ecu,2008,0
ecu,2009,0
ecu,2010,0
ecu,2011,0
ecu,2012,0
ecu,2013,0
ecu,2014,0
ecu,2015,0
ecu,2016,0
ecu,2017,0
egy,1970,9000000
egy,1971,11536000
egy,1972,49334000
egy,1973,10994000
egy,1974,11089000
egy,1975,30022000
egy,1976,18472000
egy,1977,32326000
egy,1978,43834000
egy,1979,66176000
egy,1980,102700000
egy,1981,91900000
egy,1982,48500000
egy,1983,8527874
egy,1984,18444562.3
egy,1985,43375889.9
egy,1986,57620284.6
egy,1987,64316337
egy,1988,58931152.8
egy,1989,23859281.2
egy,1990,46817834.7
egy,1991,80956256.2
egy,1992,39876305
egy,1993,0
egy,1994,21480938
egy,1995,94466719.6
egy,1996,86124874.5
egy,1997,15452385.2
egy,1998,0
egy,1999,0
egy,2000,0
egy,2001,0
egy,2002,0
egy,2003,0
egy,2004,0
egy,2005,0
egy,2006,0
egy,2007,0
egy,2008,0
egy,2009,0
egy,2010,0
egy,2011,0
egy,2012,0
egy,2013,0
egy,2014,0
egy,2015,0
egy,2016,0
egy,2017,0
eri,1970,0
eri,1971,0
eri,1972,0
eri,1973,0
eri,1974,0
eri,1975,0
eri,1976,0
eri,1977,0
eri,1978,0
eri,1979,0
eri,1980,0
eri,1981,0
eri,1982,0
eri,1983,0
eri,1984,0
eri,1985,0
eri,1986,0
eri,1987,0
eri,1988,0
eri,1989,0
eri,1990,0
eri,1991,0
eri,1992,0
eri,1993,0
eri,1994,0
eri,1995,0
eri,1996,0
eri,1997,0
eri,1998,0
eri,1999,0
eri,2000,0
eri,2001,0
eri,2002,0
eri,2003,0
eri,2004,0
eri,2005,0
eri,2006,0
eri,2007,0
eri,2008,0
eri,2009,0
eri,2010,0
eri,2011,0
eri,2012,0
eri,2013,0
eri,2014,0
eri,2015,0
eri,2016,0
eri,2017,0
eth,1970,0
eth,1971,0
eth,1972,0
eth,1973,0
eth,1974,0
eth,1975,0
eth,1976,0
eth,1977,0
eth,1978,0
eth,1979,0
eth,1980,0
eth,1981,0
eth,1982,2500000
eth,1983,19200000
eth,1984,28094548.7
eth,1985,36015926.1
eth,1986,36726357.1
eth,1987,20158206.8
eth,1988,16837856.3
eth,1989,22913216.8
eth,1990,25049861.8
eth,1991,6178991.9
eth,1992,0
eth,1993,0
eth,1994,0
eth,1995,0
eth,1996,0
eth,1997,0
eth,1998,3831539.6
eth,1999,9653791.1
eth,2000,13037045.4
eth,2001,11888137.8
eth,2002,11337859.8
eth,2003,8419377.2
eth,2004,9016564
eth,2005,3990295.3
eth,2006,0
eth,2007,0
eth,2008,0
eth,2009,0
eth,2010,0
eth,2011,0
eth,2012,0
eth,2013,0
eth,2014,5079142.7
eth,2015,35541964.6
eth,2016,52038225.8
eth,2017,51913940.4
fji,1970,0
fji,1971,0
fji,1972,0
fji,1973,0
fji,1974,0
fji,1975,4360000
fji,1976,0
fji,1977,0
fji,1978,0
fji,1979,0
fji,1980,8500000
fji,1981,0
fji,1982,0
fji,1983,0
fji,1984,0
fji,1985,5140000
fji,1986,7920000
fji,1987,2210984.6
fji,1988,2394078.1
fji,1989,3044583.8
fji,1990,806439.6
fji,1991,0
fji,1992,0
fji,1993,0
fji,1994,0
fji,1995,0
fji,1996,0
fji,1997,0
fji,1998,0
fji,1999,0
fji,2000,0
fji,2001,0
fji,2002,0
fji,2003,0
fji,2004,0
fji,2005,0
fji,2006,0
fji,2007,0
fji,2008,0
fji,2009,0
fji,2010,0
fji,2011,0
fji,2012,0
fji,2013,0
fji,2014,0
fji,2015,0
fji,2016,0
fji,2017,0
gab,1970,0
gab,1971,30090.8
gab,1972,32571
gab,1973,35772.8
gab,1974,36080.3
gab,1975,36436.5
gab,1976,0
gab,1977,0
gab,1978,0
gab,1979,0
gab,1980,100000
gab,1981,0
gab,1982,2194000
gab,1983,8018000
gab,1984,1896000
gab,1985,0
gab,1986,0
gab,1987,0
gab,1988,0
gab,1989,0
gab,1990,14524059.5
gab,1991,24833662.9
gab,1992,36326708.3
gab,1993,35834224.2
gab,1994,23100600.8
gab,1995,51534488.4
gab,1996,5444193.9
gab,1997,3588842.8
gab,1998,22633762.1
gab,1999,24507776
gab,2000,9819992.2
gab,2001,11116643.7
gab,2002,13093700.2
gab,2003,14144665.6
gab,2004,24782213
gab,2005,24704079.5
gab,2006,14427150.5
gab,2007,34002659.7
gab,2008,24697724.4
gab,2009,0
gab,2010,0
gab,2011,0
gab,2012,0
gab,2013,0
gab,2014,0
gab,2015,0
gab,2016,0
gab,2017,0
geo,1970,0
geo,1971,0
geo,1972,0
geo,1973,0
geo,1974,0
geo,1975,0
geo,1976,0
geo,1977,0
geo,1978,0
geo,1979,0
geo,1980,0
geo,1981,0
geo,1982,0
geo,1983,0
geo,1984,0
geo,1985,0
geo,1986,0
geo,1987,0
geo,1988,0
geo,1989,0
geo,1990,0
geo,1991,0
geo,1992,0
geo,1993,0
geo,1994,0
geo,1995,0
geo,1996,0
geo,1997,0
geo,1998,941603.6
geo,1999,21502247.2
geo,2000,25926362.3
geo,2001,15308937.3
geo,2002,29943811
geo,2003,47227684.4
geo,2004,54834462.5
geo,2005,54252356.8
geo,2006,49196509.8
geo,2007,39703704.4
geo,2008,34950504.8
geo,2009,27702985.4
geo,2010,21515648.6
geo,2011,60095383.5
geo,2012,244258738.2
geo,2013,383072455
geo,2014,253349400.6
geo,2015,73069287.2
geo,2016,13622572.2
geo,2017,12757993.7
gha,1970,24900000
gha,1971,28185002.5
gha,1972,18174618
gha,1973,9145899.8
gha,1974,5616492.2
gha,1975,3242848.5
gha,1976,0
gha,1977,0
gha,1978,6036531.9
gha,1979,29626763.8
gha,1980,28900000
gha,1981,11400000
gha,1982,5300000
gha,1983,16500000
gha,1984,5242148
gha,1985,7195606
gha,1986,33357267.2
gha,1987,188417016.4
gha,1988,276743865.9
gha,1989,183390342
gha,1990,116473507.8
gha,1991,77618540
gha,1992,63794652.4
gha,1993,66370535.3
gha,1994,82488234.2
gha,1995,107508413.7
gha,1996,125281789
gha,1997,165633075.2
gha,1998,138769844.8
gha,1999,75712523.3
gha,2000,37050850.5
gha,2001,65459870.2
gha,2002,4687420.4
gha,2003,2168140
gha,2004,23595121
gha,2005,31551550.4
gha,2006,0
gha,2007,0
gha,2008,0
gha,2009,0
gha,2010,0
gha,2011,16619141.6
gha,2012,32216490.2
gha,2013,32172759.2
gha,2014,32042811.7
gha,2015,59840563.2
gha,2016,64412525.5
gha,2017,74415158.4
gin,1970,0
gin,1971,501512.5
gin,1972,0
gin,1973,2289456
gin,1974,4413817.3
gin,1975,2914920
gin,1976,0
gin,1977,0
gin,1978,7238828.7
gin,1979,5685031
gin,1980,1400000
gin,1981,5900000
gin,1982,5000000
gin,1983,718452
gin,1984,2041307.6
gin,1985,4005801.3
gin,1986,12234466.5
gin,1987,13652306
gin,1988,5378274.2
gin,1989,8727379.5
gin,1990,14226735.8
gin,1991,8849028.1
gin,1992,1056459.4
gin,1993,3234045
gin,1994,5804149.5
gin,1995,8784805
gin,1996,8405835.3
gin,1997,10357829.6
gin,1998,9426890
gin,1999,7125482.4
gin,2000,8019550.4
gin,2001,8707952.7
gin,2002,10026159.1
gin,2003,12552831.2
gin,2004,19086839
gin,2005,25713102.7
gin,2006,19437293.1
gin,2007,21208988.7
gin,2008,19942811.8
gin,2009,12785637.3
gin,2010,10246636.9
gin,2011,6080019.9
gin,2012,40550922.2
gin,2013,0
gin,2014,0
gin,2015,29969250.9
gin,2016,0
gin,2017,0
gmb,1970,0
gmb,1971,0
gmb,1972,173712
gmb,1973,95394
gmb,1974,96214
gmb,1975,1408878
gmb,1976,0
gmb,1977,0
gmb,1978,2191686.9
gmb,1979,4548024.8
gmb,1980,0
gmb,1981,0
gmb,1982,2500000
gmb,1983,3009548.5
gmb,1984,2595680.4
gmb,1985,3618028.9
gmb,1986,17692246.9
gmb,1987,8802024
gmb,1988,5879672.9
gmb,1989,4957223.3
gmb,1990,5327389.2
gmb,1991,6012029.1
gmb,1992,3128528.4
gmb,1993,2387831.2
gmb,1994,3918123.1
gmb,1995,6226742.6
gmb,1996,7447657.2
gmb,1997,6371296.8
gmb,1998,4889826.1
gmb,1999,3525137.9
gmb,2000,1595996.1
gmb,2001,211333.4
gmb,2002,0
gmb,2003,0
gmb,2004,11199568.5
gmb,2005,2029865.2
gmb,2006,4043427.8
gmb,2007,3681797.2
gmb,2008,0
gmb,2009,0
gmb,2010,0
gmb,2011,0
gmb,2012,305514.4
gmb,2013,1525498.3
gmb,2014,3207319.8
gmb,2015,5378235.3
gmb,2016,5943889.7
gmb,2017,7270669.7
gnb,1970,0
gnb,1971,0
gnb,1972,0
gnb,1973,0
gnb,1974,0
gnb,1975,0
gnb,1976,0
gnb,1977,934060
gnb,1978,0
gnb,1979,0
gnb,1980,0
gnb,1981,0
gnb,1982,300000
gnb,1983,400000
gnb,1984,400000
gnb,1985,900000
gnb,1986,1080000
gnb,1987,306499.1
gnb,1988,1260890.1
gnb,1989,901196.8
gnb,1990,0
gnb,1991,0
gnb,1992,0
gnb,1993,418917.7
gnb,1994,429618.8
gnb,1995,1137928.1
gnb,1996,1088838.8
gnb,1997,1032067.5
gnb,1998,610549.9
gnb,1999,615326.6
gnb,2000,208402.8
gnb,2001,0
gnb,2002,1535712.9
gnb,2003,4842645.6
gnb,2004,5348583.1
gnb,2005,3133438.1
gnb,2006,3812416.8
gnb,2007,3323568.2
gnb,2008,1979105.9
gnb,2009,1567162.2
gnb,2010,8125590.7
gnb,2011,0
gnb,2012,0
gnb,2013,0
gnb,2014,0
gnb,2015,0
gnb,2016,1006402.3
gnb,2017,2007997.3
grd,1970,0
grd,1971,0
grd,1972,0
grd,1973,0
grd,1974,0
grd,1975,607275
grd,1976,0
grd,1977,0
grd,1978,0
grd,1979,1201608.8
grd,1980,700000
grd,1981,100000
grd,1982,900000
grd,1983,79871
grd,1984,1041219.7
grd,1985,2513308.7
grd,1986,1984202.6
grd,1987,880202.5
grd,1988,833424.1
grd,1989,647374.6
grd,1990,462956
grd,1991,10948.4
grd,1992,0
grd,1993,0
grd,1994,0
grd,1995,0
grd,1996,0
grd,1997,0
grd,1998,0
grd,1999,0
grd,2000,0
grd,2001,0
grd,2002,0
grd,2003,0
grd,2004,0
grd,2005,0
grd,2006,1617076.8
grd,2007,2242757.9
grd,2008,2891201.9
grd,2009,2256651.9
grd,2010,0
grd,2011,245975.9
grd,2012,476602.4
grd,2013,475955.5
grd,2014,2701380.7
grd,2015,4527567.5
grd,2016,5038961.7
grd,2017,4810595.7
gtm,1970,8410000
gtm,1971,0
gtm,1972,3257100
gtm,1973,7130701.5
gtm,1974,0
gtm,1975,0
gtm,1976,0
gtm,1977,0
gtm,1978,0
gtm,1979,0
gtm,1980,0
gtm,1981,0
gtm,1982,0
gtm,1983,0
gtm,1984,0
gtm,1985,48530000
gtm,1986,56300000
gtm,1987,20357300.2
gtm,1988,28242324.8
gtm,1989,12671878.1
gtm,1990,11797913.3
gtm,1991,2824682
gtm,1992,31524748.2
gtm,1993,31251264
gtm,1994,0
gtm,1995,0
gtm,1996,0
gtm,1997,0
gtm,1998,0
gtm,1999,0
gtm,2000,0
gtm,2001,0
gtm,2002,0
gtm,2003,0
gtm,2004,0
gtm,2005,0
gtm,2006,0
gtm,2007,0
gtm,2008,0
gtm,2009,0
gtm,2010,0
gtm,2011,0
gtm,2012,0
gtm,2013,0
gtm,2014,0
gtm,2015,0
gtm,2016,0
gtm,2017,0
guy,1970,0
guy,1971,130393.3
guy,1972,2855391
guy,1973,155015.3
guy,1974,6771060.3
guy,1975,6801480
guy,1976,0
guy,1977,0
guy,1978,0
guy,1979,3591906
guy,1980,15500000
guy,1981,11100000
guy,1982,2400000
guy,1983,4340000
guy,1984,1030000
guy,1985,1020000
guy,1986,657244
guy,1987,924736.5
guy,1988,0
guy,1989,1055028.4
guy,1990,106500265.9
guy,1991,3377575.2
guy,1992,0
guy,1993,3382062.6
guy,1994,21926309.5
guy,1995,23691663.3
guy,1996,23823792.3
guy,1997,25580137.4
guy,1998,21568691.7
guy,1999,14599649.8
guy,2000,16552193.7
guy,2001,5475570.8
guy,2002,9013572.7
guy,2003,8187176.4
guy,2004,6132567.7
guy,2005,7775240.4
guy,2006,0
guy,2007,0
guy,2008,0
guy,2009,0
guy,2010,1414539.5
guy,2011,7308322.7
guy,2012,11322362.5
guy,2013,11306993.4
guy,2014,11261323.9
guy,2015,9073323.6
guy,2016,3860192.1
guy,2017,0
hnd,1970,0
hnd,1971,0
hnd,1972,0
hnd,1973,7452656.3
hnd,1974,0
hnd,1975,0
hnd,1976,0
hnd,1977,14594687.5
hnd,1978,13200217
hnd,1979,0
hnd,1980,0
hnd,1981,0
hnd,1982,0
hnd,1983,0
hnd,1984,1630000
hnd,1985,19028952.7
hnd,1986,51840351.8
hnd,1987,46020701.4
hnd,1988,36382996.8
hnd,1989,411499.5
hnd,1990,34691838.8
hnd,1991,1931020.6
hnd,1992,0
hnd,1993,2958955.7
hnd,1994,16039100.4
hnd,1995,43679749.9
hnd,1996,37869812.5
hnd,1997,8776702.1
hnd,1998,1839790.3
hnd,1999,3708368.5
hnd,2000,4918569.6
hnd,2001,7362293.9
hnd,2002,34976960.9
hnd,2003,40791805.6
hnd,2004,9166247.3
hnd,2005,15420474.9
hnd,2006,0
hnd,2007,0
hnd,2008,0
hnd,2009,0
hnd,2010,1551873.4
hnd,2011,4810721.2
hnd,2012,6214162.3
hnd,2013,6205727.1
hnd,2014,6180661.8
hnd,2015,4268729.4
hnd,2016,1413689.4
hnd,2017,0
hti,1970,0
hti,1971,3490000
hti,1972,1899794
hti,1973,1080892.5
hti,1974,818499
hti,1975,219789
hti,1976,4454083.2
hti,1977,7737200
hti,1978,3488841.8
hti,1979,5281100
hti,1980,2900000
hti,1981,6219000
hti,1982,1603647.5
hti,1983,1087200.2
hti,1984,1638657.8
hti,1985,12190538.4
hti,1986,22901154.5
hti,1987,28657733.9
hti,1988,26627198.8
hti,1989,20053711.4
hti,1990,12257293.8
hti,1991,4389094.3
hti,1992,0
hti,1993,0
hti,1994,0
hti,1995,31988303
hti,1996,2582637.1
hti,1997,1230822.2
hti,1998,5325182.7
hti,1999,11255730.1
hti,2000,5703096.3
hti,2001,0
hti,2002,9224635.7
hti,2003,14568717.8
hti,2004,7221200.1
hti,2005,4541733.3
hti,2006,4423413.9
hti,2007,33210121.1
hti,2008,0
hti,2009,3115793.2
hti,2010,0
hti,2011,0
hti,2012,0
hti,2013,0
hti,2014,0
hti,2015,0
hti,2016,3431646.1
hti,2017,5856919.6
idn,1970,3160000
idn,1971,16009000
idn,1972,22756000
idn,1973,104884000
idn,1974,45438000
idn,1975,56329000
idn,1976,0
idn,1977,75900000
idn,1978,0
idn,1979,0
idn,1980,0
idn,1981,0
idn,1982,0
idn,1983,0
idn,1984,3700000
idn,1985,385320000
idn,1986,0
idn,1987,0
idn,1988,56406684.2
idn,1989,0
idn,1990,157113178.3
idn,1991,316750318.7
idn,1992,163011683.8
idn,1993,0
idn,1994,0
idn,1995,0
idn,1996,0
idn,1997,0
idn,1998,0
idn,1999,0
idn,2000,0
idn,2001,1751673432.6
idn,2002,2375512120.8
idn,2003,1369784691.6
idn,2004,1004915625.9
idn,2005,1144654850.7
idn,2006,8037122046.5
idn,2007,0
idn,2008,0
idn,2009,0
idn,2010,0
idn,2011,0
idn,2012,0
idn,2013,0
idn,2014,0
idn,2015,0
idn,2016,0
idn,2017,0
ind,1970,205000000
ind,1971,0
ind,1972,0
ind,1973,0
ind,1974,0
ind,1975,0
ind,1976,337127140
ind,1977,328322090
ind,1978,252156706
ind,1979,101632849.7
ind,1980,9527602.2
ind,1981,40645143.5
ind,1982,0
ind,1983,71096812.5
ind,1984,136360577.5
ind,1985,254347040.8
ind,1986,629477788.3
ind,1987,1059987669.7
ind,1988,1222254154.5
ind,1989,1008035400.1
ind,1990,712551877.9
ind,1991,461884781
ind,1992,334545473.4
ind,1993,133820481.9
ind,1994,1152893401.5
ind,1995,1726924256.5
ind,1996,984822729.1
ind,1997,618208441.5
ind,1998,387529570.3
ind,1999,263223058.2
ind,2000,25390846.3
ind,2001,0
ind,2002,0
ind,2003,0
ind,2004,0
ind,2005,0
ind,2006,0
ind,2007,0
ind,2008,0
ind,2009,0
ind,2010,0
ind,2011,0
ind,2012,0
ind,2013,0
ind,2014,0
ind,2015,0
ind,2016,0
ind,2017,0
irn,1970,0
irn,1971,0
irn,1972,0
irn,1973,0
irn,1974,0
irn,1975,0
irn,1976,0
irn,1977,0
irn,1978,0
irn,1979,0
irn,1980,0
irn,1981,0
irn,1982,0
irn,1983,0
irn,1984,0
irn,1985,0
irn,1986,0
irn,1987,0
irn,1988,0
irn,1989,0
irn,1990,0
irn,1991,0
irn,1992,0
irn,1993,0
irn,1994,0
irn,1995,0
irn,1996,0
irn,1997,0
irn,1998,0
irn,1999,0
irn,2000,0
irn,2001,0
irn,2002,0
irn,2003,0
irn,2004,0
irn,2005,0
irn,2006,0
irn,2007,0
irn,2008,0
irn,2009,0
irn,2010,0
irn,2011,0
irn,2012,0
irn,2013,0
irn,2014,0
irn,2015,0
irn,2016,0
irn,2017,0
jam,1970,150000
jam,1971,3761343.8
jam,1972,0
jam,1973,6510640.5
jam,1974,15935443.8
jam,1975,16092787.5
jam,1976,0
jam,1977,0
jam,1978,9643422.3
jam,1979,23308627.1
jam,1980,19000000
jam,1981,58600000
jam,1982,51300000
jam,1983,44410000
jam,1984,59720000
jam,1985,62250000
jam,1986,121160000
jam,1987,225405164.6
jam,1988,219334384.3
jam,1989,167668752.4
jam,1990,111473310.4
jam,1991,87723894.7
jam,1992,78458308.7
jam,1993,72437860.6
jam,1994,87249842.1
jam,1995,95475203.2
jam,1996,71827064.3
jam,1997,34556372.6
jam,1998,16920372.1
jam,1999,18972571.1
jam,2000,19070174.3
jam,2001,18406371.4
jam,2002,18721194.3
jam,2003,15984087.6
jam,2004,7996939.5
jam,2005,861289.2
jam,2006,0
jam,2007,0
jam,2008,0
jam,2009,0
jam,2010,0
jam,2011,0
jam,2012,0
jam,2013,267381714.8
jam,2014,405530726
jam,2015,133791298.9
jam,2016,5543552.8
jam,2017,15803271.3
jor,1970,0
jor,1971,0
jor,1972,0
jor,1973,6856000
jor,1974,1900000
jor,1975,0
jor,1976,0
jor,1977,0
jor,1978,0
jor,1979,0
jor,1980,0
jor,1981,0
jor,1982,0
jor,1983,0
jor,1984,0
jor,1985,0
jor,1986,0
jor,1987,0
jor,1988,28934604.6
jor,1989,36791391
jor,1990,9741084.9
jor,1991,0
jor,1992,10201171.9
jor,1993,46244330.2
jor,1994,37056050.2
jor,1995,8420668
jor,1996,22158594.9
jor,1997,22276145.2
jor,1998,9269503.8
jor,1999,35505713.9
jor,2000,31396276
jor,2001,51220330.6
jor,2002,79040007.1
jor,2003,99930272
jor,2004,97950652.2
jor,2005,77077259.8
jor,2006,88408048.2
jor,2007,76246115.3
jor,2008,59314689.8
jor,2009,15850550
jor,2010,3871290.8
jor,2011,0
jor,2012,7750899.5
jor,2013,0
jor,2014,0
jor,2015,44728617.3
jor,2016,266631269.4
jor,2017,487654894.6
kaz,1970,0
kaz,1971,0
kaz,1972,0
kaz,1973,0
kaz,1974,0
kaz,1975,0
kaz,1976,0
kaz,1977,0
kaz,1978,0
kaz,1979,0
kaz,1980,0
kaz,1981,0
kaz,1982,0
kaz,1983,0
kaz,1984,0
kaz,1985,0
kaz,1986,0
kaz,1987,0
kaz,1988,0
kaz,1989,0
kaz,1990,0
kaz,1991,0
kaz,1992,0
kaz,1993,0
kaz,1994,0
kaz,1995,0
kaz,1996,0
kaz,1997,6386433.8
kaz,1998,94971710.7
kaz,1999,175731815.8
kaz,2000,442059249.7
kaz,2001,0
kaz,2002,0
kaz,2003,0
kaz,2004,0
kaz,2005,0
kaz,2006,0
kaz,2007,0
kaz,2008,0
kaz,2009,0
kaz,2010,0
kaz,2011,0
kaz,2012,0
kaz,2013,0
kaz,2014,0
kaz,2015,0
kaz,2016,0
kaz,2017,0
ken,1970,3930000
ken,1971,0
ken,1972,0
ken,1973,0
ken,1974,0
ken,1975,14574600
ken,1976,12261267.9
ken,1977,43643953.5
ken,1978,2980694.2
ken,1979,39523886
ken,1980,9100000
ken,1981,8500000
ken,1982,18880482.7
ken,1983,47436904
ken,1984,64210078.9
ken,1985,78814651.1
ken,1986,116320106.6
ken,1987,121833372.4
ken,1988,101408899.8
ken,1989,131773430.5
ken,1990,105492895.2
ken,1991,40064228
ken,1992,82764437.2
ken,1993,61942574.7
ken,1994,13895302.8
ken,1995,39140175.4
ken,1996,60781883.8
ken,1997,67308691.1
ken,1998,62510809.3
ken,1999,59800176.6
ken,2000,42423157.8
ken,2001,23660424.1
ken,2002,18168285.9
ken,2003,19626562.8
ken,2004,14090974.9
ken,2005,7364539.9
ken,2006,13556077.3
ken,2007,10287599.5
ken,2008,10622677.2
ken,2009,18077894.7
ken,2010,25513591.8
ken,2011,23651529.7
ken,2012,28641972.1
ken,2013,45764949
ken,2014,58600817.9
ken,2015,65954738.1
ken,2016,67631900.8
ken,2017,118911434.9
kgz,1970,0
kgz,1971,0
kgz,1972,0
kgz,1973,0
kgz,1974,0
kgz,1975,0
kgz,1976,0
kgz,1977,0
kgz,1978,0
kgz,1979,0
kgz,1980,0
kgz,1981,0
kgz,1982,0
kgz,1983,0
kgz,1984,0
kgz,1985,0
kgz,1986,0
kgz,1987,0
kgz,1988,0
kgz,1989,0
kgz,1990,0
kgz,1991,0
kgz,1992,0
kgz,1993,0
kgz,1994,0
kgz,1995,0
kgz,1996,3863200
kgz,1997,9837667.6
kgz,1998,11558387.4
kgz,1999,7349734.7
kgz,2000,11456877.5
kgz,2001,16970323
kgz,2002,23525152.7
kgz,2003,32284304
kgz,2004,32223397.8
kgz,2005,30835040.5
kgz,2006,27387307.8
kgz,2007,24677991.7
kgz,2008,23392020.3
kgz,2009,25995457.3
kgz,2010,21526330.1
kgz,2011,24145058.3
kgz,2012,20587085.8
kgz,2013,17325084.2
kgz,2014,20248200.7
kgz,2015,15449134.9
kgz,2016,20809174.1
kgz,2017,25332937.9
khm,1970,0
khm,1971,0
khm,1972,0
khm,1973,0
khm,1974,0
khm,1975,0
khm,1976,0
khm,1977,0
khm,1978,0
khm,1979,0
khm,1980,0
khm,1981,0
khm,1982,0
khm,1983,0
khm,1984,0
khm,1985,0
khm,1986,0
khm,1987,0
khm,1988,0
khm,1989,0
khm,1990,0
khm,1991,0
khm,1992,11153393.9
khm,1993,15117345.1
khm,1994,0
khm,1995,0
khm,1996,0
khm,1997,0
khm,1998,1413762.1
khm,1999,3339172.5
khm,2000,6914224.2
khm,2001,12020539.4
khm,2002,12226138.9
khm,2003,13207469.6
khm,2004,10374087.5
khm,2005,8673463.1
khm,2006,0
khm,2007,0
khm,2008,0
khm,2009,0
khm,2010,0
khm,2011,0
khm,2012,0
khm,2013,0
khm,2014,0
khm,2015,0
khm,2016,0
khm,2017,0
kos,1970,0
kos,1971,0
kos,1972,0
kos,1973,0
kos,1974,0
kos,1975,0
kos,1976,0
kos,1977,0
kos,1978,0
kos,1979,0
kos,1980,0
kos,1981,0
kos,1982,0
kos,1983,0
kos,1984,0
kos,1985,0
kos,1986,0
kos,1987,0
kos,1988,0
kos,1989,0
kos,1990,0
kos,1991,0
kos,1992,0
kos,1993,0
kos,1994,0
kos,1995,0
kos,1996,0
kos,1997,0
kos,1998,0
kos,1999,0
kos,2000,0
kos,2001,0
kos,2002,0
kos,2003,0
kos,2004,0
kos,2005,0
kos,2006,0
kos,2007,0
kos,2008,0
kos,2009,0
kos,2010,0
kos,2011,0
kos,2012,0
kos,2013,3577293.5
kos,2014,14251378.6
kos,2015,18169033.3
kos,2016,54362403.4
kos,2017,45980086.6
lao,1970,0
lao,1971,0
lao,1972,0
lao,1973,0
lao,1974,0
lao,1975,0
lao,1976,0
lao,1977,0
lao,1978,0
lao,1979,0
lao,1980,0
lao,1981,0
lao,1982,0
lao,1983,0
lao,1984,1105238.4
lao,1985,2171587.3
lao,1986,2969334.5
lao,1987,3319096.6
lao,1988,3399564
lao,1989,1862644.3
lao,1990,536268.8
lao,1991,67058.8
lao,1992,0
lao,1993,0
lao,1994,0
lao,1995,1778202.3
lao,1996,2977611.1
lao,1997,4838332.5
lao,1998,6361929.6
lao,1999,8015654.9
lao,2000,7733326.3
lao,2001,9331768
lao,2002,9113277.5
lao,2003,9025057.6
lao,2004,7823544
lao,2005,6065958
lao,2006,3256224.8
lao,2007,2979117.4
lao,2008,4296493.5
lao,2009,5589956.5
lao,2010,5529979.5
lao,2011,4999933.4
lao,2012,3459950.2
lao,2013,1382101.5
lao,2014,0
lao,2015,0
lao,2016,0
lao,2017,0
lbn,1970,0
lbn,1971,0
lbn,1972,0
lbn,1973,0
lbn,1974,0
lbn,1975,0
lbn,1976,0
lbn,1977,0
lbn,1978,0
lbn,1979,0
lbn,1980,0
lbn,1981,0
lbn,1982,0
lbn,1983,0
lbn,1984,0
lbn,1985,0
lbn,1986,0
lbn,1987,0
lbn,1988,0
lbn,1989,0
lbn,1990,0
lbn,1991,0
lbn,1992,0
lbn,1993,0
lbn,1994,0
lbn,1995,0
lbn,1996,0
lbn,1997,0
lbn,1998,0
lbn,1999,0
lbn,2000,0
lbn,2001,0
lbn,2002,0
lbn,2003,0
lbn,2004,0
lbn,2005,0
lbn,2006,0
lbn,2007,0
lbn,2008,0
lbn,2009,0
lbn,2010,19361031.9
lbn,2011,40010504.5
lbn,2012,38762135.6
lbn,2013,19355522.5
lbn,2014,0
lbn,2015,0
lbn,2016,0
lbn,2017,0
lbr,1970,5150000
lbr,1971,3841585.8
lbr,1972,1986831
lbr,1973,2897592.8
lbr,1974,1719825.3
lbr,1975,522256.5
lbr,1976,3221180.5
lbr,1977,0
lbr,1978,0
lbr,1979,0
lbr,1980,3100000
lbr,1981,3900000
lbr,1982,170056.4
lbr,1983,11867060.4
lbr,1984,22564743.1
lbr,1985,7000000
lbr,1986,0
lbr,1987,0
lbr,1988,1403378.7
lbr,1989,2756149.5
lbr,1990,923196.9
lbr,1991,0
lbr,1992,0
lbr,1993,0
lbr,1994,990987.3
lbr,1995,148689.3
lbr,1996,0
lbr,1997,50915.3
lbr,1998,599695.7
lbr,1999,600285.3
lbr,2000,601466.3
lbr,2001,575437.8
lbr,2002,310768.2
lbr,2003,0
lbr,2004,0
lbr,2005,62048.3
lbr,2006,719518.3
lbr,2007,719519.6
lbr,2008,351986833.9
lbr,2009,0
lbr,2010,0
lbr,2011,0
lbr,2012,0
lbr,2013,0
lbr,2014,3190607.1
lbr,2015,36153382.1
lbr,2016,0
lbr,2017,0
lca,1970,0
lca,1971,0
lca,1972,0
lca,1973,0
lca,1974,0
lca,1975,0
lca,1976,0
lca,1977,0
lca,1978,0
lca,1979,0
lca,1980,0
lca,1981,0
lca,1982,0
lca,1983,0
lca,1984,0
lca,1985,0
lca,1986,0
lca,1987,0
lca,1988,0
lca,1989,0
lca,1990,0
lca,1991,0
lca,1992,0
lca,1993,0
lca,1994,0
lca,1995,0
lca,1996,0
lca,1997,0
lca,1998,0
lca,1999,0
lca,2000,0
lca,2001,0
lca,2002,0
lca,2003,0
lca,2004,0
lca,2005,0
lca,2006,0
lca,2007,0
lca,2008,0
lca,2009,0
lca,2010,0
lca,2011,0
lca,2012,0
lca,2013,0
lca,2014,872099.3
lca,2015,2998324.2
lca,2016,2713394
lca,2017,2973167.2
lka,1970,27000000
lka,1971,24436000
lka,1972,27099000
lka,1973,24754000
lka,1974,24246000
lka,1975,23877000
lka,1976,22118000
lka,1977,22523000
lka,1978,28542000
lka,1979,41512000
lka,1980,42600000
lka,1981,63800000
lka,1982,49200000
lka,1983,51212166.9
lka,1984,32914958.6
lka,1985,52775659.4
lka,1986,91056709
lka,1987,115688983.3
lka,1988,109365412
lka,1989,71430421.6
lka,1990,47288045.9
lka,1991,87488504.6
lka,1992,76628521.1
lka,1993,25221641.2
lka,1994,12779726.1
lka,1995,33849568.3
lka,1996,45345053.6
lka,1997,66099108
lka,1998,81911370.6
lka,1999,99423109.4
lka,2000,85635080.6
lka,2001,71293180
lka,2002,50758806
lka,2003,31333120
lka,2004,111740778.5
lka,2005,38171510.9
lka,2006,153563443.7
lka,2007,5273925.7
lka,2008,78223687.4
lka,2009,96864815
lka,2010,34057288
lka,2011,12106429.7
lka,2012,56460583
lka,2013,455188861.7
lka,2014,719691579.5
lka,2015,506098380
lka,2016,454931358.6
lka,2017,238865697.2
low_income,1970,17590000
low_income,1971,24082734.7
low_income,1972,25188318
low_income,1973,17774899.8
low_income,1974,31848050
low_income,1975,20520714.5
low_income,1976,53683881.9
low_income,1977,30049558.3
low_income,1978,131638612.2
low_income,1979,145771773.3
low_income,1980,192745375.4
low_income,1981,246518528.1
low_income,1982,107813147.7
low_income,1983,148585697.9
low_income,1984,331279510.8
low_income,1985,489615328
low_income,1986,738745344.2
low_income,1987,741153098.3
low_income,1988,621097137.2
low_income,1989,780450020.6
low_income,1990,518396363.3
low_income,1991,290043081.5
low_income,1992,156307476.6
low_income,1993,119732454.3
low_income,1994,238201109.5
low_income,1995,241945723.1
low_income,1996,311854836.9
low_income,1997,321854094.4
low_income,1998,375984263.5
low_income,1999,369497526.4
low_income,2000,339512924.9
low_income,2001,269786124.2
low_income,2002,601885490.7
low_income,2003,233227735
low_income,2004,337115700.7
low_income,2005,498731168.9
low_income,2006,259718500.8
low_income,2007,261348357
low_income,2008,638443447.4
low_income,2009,269545707.7
low_income,2010,128451474.1
low_income,2011,73963063.7
low_income,2012,126562382.3
low_income,2013,111555114.4
low_income,2014,231692774.7
low_income,2015,501292386.4
low_income,2016,580845219.7
low_income,2017,562180328.6
lower_middle_income,1970,356340000
lower_middle_income,1971,173468997
lower_middle_income,1972,260774173
lower_middle_income,1973,330215757.4
lower_middle_income,1974,202670153.5
lower_middle_income,1975,296774334.3
lower_middle_income,1976,688963468.7
lower_middle_income,1977,794400572.3
lower_middle_income,1978,678654048.3
lower_middle_income,1979,718991180.8
lower_middle_income,1980,927390292.5
lower_middle_income,1981,699290733.2
lower_middle_income,1982,533569540.9
lower_middle_income,1983,647551563.8
lower_middle_income,1984,949594863
lower_middle_income,1985,1725145095.4
lower_middle_income,1986,2613092192.7
lower_middle_income,1987,3199724851.5
lower_middle_income,1988,3045068671
lower_middle_income,1989,2457590225.1
lower_middle_income,1990,2501764701.9
lower_middle_income,1991,2135761650.3
lower_middle_income,1992,1574079724.2
lower_middle_income,1993,1066997436
lower_middle_income,1994,2002045670.5
lower_middle_income,1995,4796885563.3
lower_middle_income,1996,2313902822
lower_middle_income,1997,1856551702.3
lower_middle_income,1998,1463511145.4
lower_middle_income,1999,1784688093.8
lower_middle_income,2000,1804406754.2
lower_middle_income,2001,3019033197.2
lower_middle_income,2002,3820361533.9
lower_middle_income,2003,3425799681.2
lower_middle_income,2004,3281975961.8
lower_middle_income,2005,2665456716.2
lower_middle_income,2006,9654042919.9
lower_middle_income,2007,842085948.2
lower_middle_income,2008,873367430.5
lower_middle_income,2009,736805320.8
lower_middle_income,2010,498783090.2
lower_middle_income,2011,642123265
lower_middle_income,2012,6414524704.6
lower_middle_income,2013,10757556213.7
lower_middle_income,2014,7483737702.8
lower_middle_income,2015,3155774717.2
lower_middle_income,2016,1153499640.8
lower_middle_income,2017,2107051995.5
lso,1970,0
lso,1971,90272.3
lso,1972,97713
lso,1973,226560.8
lso,1974,228508.2
lso,1975,753021
lso,1976,0
lso,1977,0
lso,1978,0
lso,1979,0
lso,1980,0
lso,1981,0
lso,1982,0
lso,1983,150746.6
lso,1984,425486
lso,1985,835304.1
lso,1986,1143135.1
lso,1987,1273149.9
lso,1988,1119745.7
lso,1989,716598.9
lso,1990,206361.7
lso,1991,26002.4
lso,1992,0
lso,1993,0
lso,1994,1513690.1
lso,1995,2749234.3
lso,1996,3398628.8
lso,1997,4260374.7
lso,1998,4916961.6
lso,1999,5885257.4
lso,2000,5178413.6
lso,2001,4325968.3
lso,2002,3813384.8
lso,2003,2534625.6
lso,2004,560200.7
lso,2005,0
lso,2006,514992.6
lso,2007,2679062.4
lso,2008,4979379.9
lso,2009,5938557.6
lso,2010,7477069.4
lso,2011,7174297.4
lso,2012,4811851.3
lso,2013,2669622
lso,2014,1595303.6
lso,2015,1091317.3
lso,2016,2958044.2
lso,2017,6524604.4
mar,1970,14200000
mar,1971,35911000
mar,1972,30694000
mar,1973,0
mar,1974,0
mar,1975,24000
mar,1976,0
mar,1977,0
mar,1978,0
mar,1979,30000000
mar,1980,87700000
mar,1981,63900000
mar,1982,36561453.2
mar,1983,28282711.5
mar,1984,59781091.1
mar,1985,164221409.8
mar,1986,347785605.4
mar,1987,347504431.5
mar,1988,252694202.3
mar,1989,262190579
mar,1990,227601976.9
mar,1991,171588485.5
mar,1992,142034626.2
mar,1993,156337310.9
mar,1994,151917490.1
mar,1995,100489673.1
mar,1996,47228018.7
mar,1997,3165007
mar,1998,0
mar,1999,0
mar,2000,0
mar,2001,0
mar,2002,0
mar,2003,0
mar,2004,0
mar,2005,0
mar,2006,0
mar,2007,0
mar,2008,0
mar,2009,0
mar,2010,0
mar,2011,0
mar,2012,0
mar,2013,0
mar,2014,0
mar,2015,0
mar,2016,0
mar,2017,0
mda,1970,0
mda,1971,0
mda,1972,0
mda,1973,0
mda,1974,0
mda,1975,0
mda,1976,0
mda,1977,0
mda,1978,0
mda,1979,0
mda,1980,0
mda,1981,0
mda,1982,0
mda,1983,0
mda,1984,0
mda,1985,0
mda,1986,0
mda,1987,0
mda,1988,0
mda,1989,0
mda,1990,0
mda,1991,0
mda,1992,0
mda,1993,0
mda,1994,0
mda,1995,0
mda,1996,7350387.6
mda,1997,20039999
mda,1998,63997837.4
mda,1999,65447507.7
mda,2000,24574382.2
mda,2001,14322290.6
mda,2002,17804428.1
mda,2003,22147200.4
mda,2004,21612188.3
mda,2005,21544049.2
mda,2006,24157568.3
mda,2007,22242341.3
mda,2008,25230439.1
mda,2009,14979047.4
mda,2010,8459769.9
mda,2011,6174626
mda,2012,16085331.5
mda,2013,21613259.9
mda,2014,29273060.8
mda,2015,40714528.6
mda,2016,73037837.9
mda,2017,88012128.9
mdg,1970,0
mdg,1971,0
mdg,1972,0
mdg,1973,0
mdg,1974,0
mdg,1975,0
mdg,1976,0
mdg,1977,9410654.5
mdg,1978,3306316.2
mdg,1979,4819355.8
mdg,1980,2000000
mdg,1981,8800000
mdg,1982,6000000
mdg,1983,3900000
mdg,1984,26294072.5
mdg,1985,36162404.7
mdg,1986,53643795.2
mdg,1987,41081351.4
mdg,1988,46288646.2
mdg,1989,52845000.4
mdg,1990,51100306
mdg,1991,34386124.5
mdg,1992,16246936.8
mdg,1993,14095185.9
mdg,1994,12116681.2
mdg,1995,14700514
mdg,1996,16881356.3
mdg,1997,17763946.1
mdg,1998,13911039.6
mdg,1999,12268245.6
mdg,2000,5071574.2
mdg,2001,770221
mdg,2002,1636712.5
mdg,2003,3533368.8
mdg,2004,6291143.1
mdg,2005,10276377
mdg,2006,0
mdg,2007,0
mdg,2008,0
mdg,2009,0
mdg,2010,1731933.4
mdg,2011,3579264.8
mdg,2012,7066547.4
mdg,2013,10652554.6
mdg,2014,19562979.8
mdg,2015,16427123
mdg,2016,14742959.3
mdg,2017,11439205.4
mdv,1970,0
mdv,1971,0
mdv,1972,0
mdv,1973,0
mdv,1974,0
mdv,1975,0
mdv,1976,0
mdv,1977,0
mdv,1978,0
mdv,1979,0
mdv,1980,0
mdv,1981,0
mdv,1982,0
mdv,1983,0
mdv,1984,0
mdv,1985,0
mdv,1986,0
mdv,1987,0
mdv,1988,0
mdv,1989,0
mdv,1990,0
mdv,1991,0
mdv,1992,0
mdv,1993,0
mdv,1994,0
mdv,1995,0
mdv,1996,0
mdv,1997,0
mdv,1998,0
mdv,1999,0
mdv,2000,0
mdv,2001,0
mdv,2002,0
mdv,2003,0
mdv,2004,0
mdv,2005,0
mdv,2006,0
mdv,2007,0
mdv,2008,2431202
mdv,2009,3162089.1
mdv,2010,782803.4
mdv,2011,0
mdv,2012,0
mdv,2013,5473487.9
mdv,2014,6229280.6
mdv,2015,1148681.4
mdv,2016,569923.9
mdv,2017,568562.8
mex,1970,0
mex,1971,0
mex,1972,0
mex,1973,0
mex,1974,0
mex,1975,0
mex,1976,0
mex,1977,0
mex,1978,241085556.3
mex,1979,166700613.6
mex,1980,134200000
mex,1981,69755000
mex,1982,0
mex,1983,0
mex,1984,0
mex,1985,0
mex,1986,147100000
mex,1987,366802083.2
mex,1988,563232073.3
mex,1989,819972423.3
mex,1990,1190744792.2
mex,1991,1104981673.4
mex,1992,895993068.6
mex,1993,1175374283.2
mex,1994,1204417579.5
mex,1995,1144215545.5
mex,1996,2052253478
mex,1997,3439151699.6
mex,1998,1063306518.3
mex,1999,5095908159
mex,2000,5492740435.5
mex,2001,0
mex,2002,0
mex,2003,0
mex,2004,0
mex,2005,0
mex,2006,0
mex,2007,0
mex,2008,0
mex,2009,0
mex,2010,0
mex,2011,0
mex,2012,0
mex,2013,0
mex,2014,0
mex,2015,0
mex,2016,0
mex,2017,0
mkd,1970,0
mkd,1971,0
mkd,1972,0
mkd,1973,0
mkd,1974,0
mkd,1975,0
mkd,1976,0
mkd,1977,0
mkd,1978,0
mkd,1979,0
mkd,1980,0
mkd,1981,0
mkd,1982,0
mkd,1983,0
mkd,1984,0
mkd,1985,0
mkd,1986,0
mkd,1987,0
mkd,1988,0
mkd,1989,0
mkd,1990,0
mkd,1991,0
mkd,1992,0
mkd,1993,6656603
mkd,1994,1694130
mkd,1995,1121238.5
mkd,1996,858005
mkd,1997,407322.6
mkd,1998,2249537.1
mkd,1999,16955667.1
mkd,2000,19333975.3
mkd,2001,7616912.4
mkd,2002,8759778.7
mkd,2003,21779316
mkd,2004,20339139.5
mkd,2005,10749125.8
mkd,2006,9552377.5
mkd,2007,56649156.7
mkd,2008,0
mkd,2009,0
mkd,2010,0
mkd,2011,0
mkd,2012,0
mkd,2013,0
mkd,2014,112241001.3
mkd,2015,172267228
mkd,2016,0
mkd,2017,0
mli,1970,3950000
mli,1971,4012100
mli,1972,1585122
mli,1973,1466682.8
mli,1974,1479290.3
mli,1975,1493896.5
mli,1976,2886362.5
mli,1977,2335150
mli,1978,1490347.1
mli,1979,5129448.4
mli,1980,2900000
mli,1981,2700000
mli,1982,1200000
mli,1983,2307336.6
mli,1984,5170087.9
mli,1985,8272492.6
mli,1986,21384395.7
mli,1987,27152672.3
mli,1988,24025467.5
mli,1989,23093969
mli,1990,18385194.7
mli,1991,9229484.3
mli,1992,6471165.9
mli,1993,8737227.8
mli,1994,9730865
mli,1995,6841223.8
mli,1996,7375067.9
mli,1997,6990537.3
mli,1998,11027887.4
mli,1999,11739064.7
mli,2000,16393913.1
mli,2001,14758961.4
mli,2002,18336618.7
mli,2003,18230560.4
mli,2004,18105746.7
mli,2005,16751558.3
mli,2006,0
mli,2007,0
mli,2008,0
mli,2009,0
mli,2010,202949
mli,2011,838840.9
mli,2012,1831558.6
mli,2013,4422419.6
mli,2014,7897512.4
mli,2015,7926041.4
mli,2016,11351216.8
mli,2017,16086166
mmr,1970,0
mmr,1971,5122250
mmr,1972,11007981
mmr,1973,7841600
mmr,1974,12120250
mmr,1975,4183173.8
mmr,1976,6912750
mmr,1977,12427275
mmr,1978,24120452.5
mmr,1979,21896400.5
mmr,1980,22576627.1
mmr,1981,16607124
mmr,1982,17891819.9
mmr,1983,15637305.9
mmr,1984,14815029.3
mmr,1985,28889328.4
mmr,1986,46691468.7
mmr,1987,47066048
mmr,1988,20558878.1
mmr,1989,5791804.9
mmr,1990,1730746
mmr,1991,0
mmr,1992,0
mmr,1993,0
mmr,1994,0
mmr,1995,0
mmr,1996,0
mmr,1997,0
mmr,1998,0
mmr,1999,0
mmr,2000,0
mmr,2001,0
mmr,2002,0
mmr,2003,0
mmr,2004,0
mmr,2005,0
mmr,2006,0
mmr,2007,0
mmr,2008,0
mmr,2009,0
mmr,2010,0
mmr,2011,0
mmr,2012,0
mmr,2013,0
mmr,2014,0
mmr,2015,0
mmr,2016,0
mmr,2017,0
mne,1970,0
mne,1971,0
mne,1972,0
mne,1973,0
mne,1974,0
mne,1975,0
mne,1976,0
mne,1977,0
mne,1978,0
mne,1979,0
mne,1980,0
mne,1981,0
mne,1982,0
mne,1983,0
mne,1984,0
mne,1985,0
mne,1986,0
mne,1987,0
mne,1988,0
mne,1989,0
mne,1990,0
mne,1991,0
mne,1992,0
mne,1993,0
mne,1994,0
mne,1995,0
mne,1996,0
mne,1997,0
mne,1998,0
mne,1999,0
mne,2000,0
mne,2001,0
mne,2002,0
mne,2003,0
mne,2004,0
mne,2005,0
mne,2006,0
mne,2007,0
mne,2008,0
mne,2009,0
mne,2010,0
mne,2011,0
mne,2012,0
mne,2013,0
mne,2014,0
mne,2015,0
mne,2016,0
mne,2017,0
mng,1970,0
mng,1971,0
mng,1972,0
mng,1973,0
mng,1974,0
mng,1975,0
mng,1976,0
mng,1977,0
mng,1978,0
mng,1979,0
mng,1980,0
mng,1981,0
mng,1982,0
mng,1983,0
mng,1984,0
mng,1985,0
mng,1986,0
mng,1987,0
mng,1988,0
mng,1989,0
mng,1990,0
mng,1991,0
mng,1992,0
mng,1993,0
mng,1994,0
mng,1995,9482734.3
mng,1996,9981022.1
mng,1997,860056.3
mng,1998,1259089.5
mng,1999,3805453.4
mng,2000,6361561.1
mng,2001,6849237.7
mng,2002,7686333.5
mng,2003,8563453.6
mng,2004,7202580.8
mng,2005,5919701.4
mng,2006,5950371.9
mng,2007,6584369.9
mng,2008,5039448.6
mng,2009,6513903.5
mng,2010,4632731.1
mng,2011,3850469
mng,2012,34686574
mng,2013,93104212.3
mng,2014,61139629.6
mng,2015,2680722.9
mng,2016,0
mng,2017,0
moz,1970,0
moz,1971,0
moz,1972,0
moz,1973,0
moz,1974,0
moz,1975,0
moz,1976,0
moz,1977,0
moz,1978,0
moz,1979,0
moz,1980,0
moz,1981,0
moz,1982,0
moz,1983,0
moz,1984,0
moz,1985,0
moz,1986,0
moz,1987,0
moz,1988,0
moz,1989,0
moz,1990,0
moz,1991,0
moz,1992,1718507.3
moz,1993,5962596
moz,1994,10482697.8
moz,1995,14345480.4
moz,1996,32660807.8
moz,1997,15109468.4
moz,1998,24514255.7
moz,1999,17197695.6
moz,2000,0
moz,2001,208787.2
moz,2002,4955457.9
moz,2003,8622203.2
moz,2004,9129197
moz,2005,15290469
moz,2006,0
moz,2007,0
moz,2008,0
moz,2009,0
moz,2010,247201.1
moz,2011,1532619.1
moz,2012,2227199.8
moz,2013,2971670.7
moz,2014,3208839.2
moz,2015,32300192.7
moz,2016,32938823.5
moz,2017,31958774.2
mrt,1970,0
mrt,1971,130393.3
mrt,1972,141141
mrt,1973,155015.3
mrt,1974,156347.8
mrt,1975,2586991.5
mrt,1976,0
mrt,1977,0
mrt,1978,0
mrt,1979,1137006.2
mrt,1980,8700000
mrt,1981,8200000
mrt,1982,4100000
mrt,1983,5497567.3
mrt,1984,12344495.4
mrt,1985,16622060.2
mrt,1986,16528898.5
mrt,1987,12220667.3
mrt,1988,9412315.9
mrt,1989,11174583.9
mrt,1990,15759514.2
mrt,1991,13239328.5
mrt,1992,8371384.2
mrt,1993,6130163.1
mrt,1994,6069081
mrt,1995,9001770
mrt,1996,9843102.5
mrt,1997,7463912.3
mrt,1998,6899213.5
mrt,1999,9270921.2
mrt,2000,6038404.9
mrt,2001,5306249.5
mrt,2002,5738852.8
mrt,2003,8076671.2
mrt,2004,9354462.9
mrt,2005,9589413.9
mrt,2006,22951014.2
mrt,2007,0
mrt,2008,0
mrt,2009,0
mrt,2010,0
mrt,2011,0
mrt,2012,985283.8
mrt,2013,2851156.3
mrt,2014,3132872.3
mrt,2015,4429628.8
mrt,2016,10271141.4
mrt,2017,14212682.3
mus,1970,4000000
mus,1971,631905.8
mus,1972,0
mus,1973,0
mus,1974,3656132
mus,1975,6680025
mus,1976,0
mus,1977,11675.8
mus,1978,0
mus,1979,0
mus,1980,0
mus,1981,13000000
mus,1982,6065000
mus,1983,15907336.6
mus,1984,34169062.7
mus,1985,50353521.4
mus,1986,45730737.6
mus,1987,32998421.3
mus,1988,40909027.6
mus,1989,37088798.8
mus,1990,43531449.1
mus,1991,21228908.8
mus,1992,0
mus,1993,0
mus,1994,0
mus,1995,0
mus,1996,0
mus,1997,0
mus,1998,0
mus,1999,0
mus,2000,0
mus,2001,0
mus,2002,0
mus,2003,0
mus,2004,0
mus,2005,0
mus,2006,0
mus,2007,0
mus,2008,0
mus,2009,0
mus,2010,0
mus,2011,0
mus,2012,0
mus,2013,0
mus,2014,0
mus,2015,0
mus,2016,0
mus,2017,0
mwi,1970,0
mwi,1971,0
mwi,1972,521136
mwi,1973,2205986.3
mwi,1974,0
mwi,1975,0
mwi,1976,0
mwi,1977,0
mwi,1978,4696471.9
mwi,1979,981959.9
mwi,1980,1300000
mwi,1981,7500000
mwi,1982,13900000
mwi,1983,11449032.5
mwi,1984,22174407.5
mwi,1985,18703879.8
mwi,1986,27587058
mwi,1987,34739178.7
mwi,1988,30153823.4
mwi,1989,26532105.2
mwi,1990,19321968.1
mwi,1991,20874455
mwi,1992,19138818.3
mwi,1993,5926289.7
mwi,1994,5771212
mwi,1995,9877216
mwi,1996,14851760.8
mwi,1997,16892881.1
mwi,1998,25288975.7
mwi,1999,22434808.9
mwi,2000,9077392.4
mwi,2001,3993691.2
mwi,2002,7335424.4
mwi,2003,7595484
mwi,2004,9455239.7
mwi,2005,14504524.2
mwi,2006,17136011.7
mwi,2007,0
mwi,2008,0
mwi,2009,0
mwi,2010,0
mwi,2011,775770.2
mwi,2012,4029734.5
mwi,2013,8193451.4
mwi,2014,25306072.7
mwi,2015,24274813.4
mwi,2016,24820882.6
mwi,2017,21785661
mys,1970,0
mys,1971,0
mys,1972,0
mys,1973,8645000
mys,1974,0
mys,1975,0
mys,1976,0
mys,1977,100133000
mys,1978,0
mys,1979,0
mys,1980,0
mys,1981,0
mys,1982,0
mys,1983,49400000
mys,1984,53500000
mys,1985,158030000
mys,1986,125780000
mys,1987,0
mys,1988,0
mys,1989,0
mys,1990,0
mys,1991,0
mys,1992,0
mys,1993,0
mys,1994,0
mys,1995,0
mys,1996,0
mys,1997,0
mys,1998,0
mys,1999,0
mys,2000,0
mys,2001,0
mys,2002,0
mys,2003,0
mys,2004,0
mys,2005,0
mys,2006,0
mys,2007,0
mys,2008,0
mys,2009,0
mys,2010,0
mys,2011,0
mys,2012,0
mys,2013,0
mys,2014,0
mys,2015,0
mys,2016,0
ner,1970,0
ner,1971,10030.3
ner,1972,10857
ner,1973,11924.3
ner,1974,12026.8
ner,1975,12145.5
ner,1976,0
ner,1977,0
ner,1978,0
ner,1979,0
ner,1980,0
ner,1981,0
ner,1982,0
ner,1983,0
ner,1984,0
ner,1985,2189878.7
ner,1986,4729334.5
ner,1987,24404659.4
ner,1988,32840944.3
ner,1989,18427743.8
ner,1990,15549079.6
ner,1991,11434214.3
ner,1992,9465876.2
ner,1993,9547135.5
ner,1994,10136138.6
ner,1995,10226180.6
ner,1996,11742037.3
ner,1997,15007637.7
ner,1998,13938175.2
ner,1999,6046609.7
ner,2000,1778018.7
ner,2001,682377.6
ner,2002,2341120.4
ner,2003,5224518
ner,2004,6669056.3
ner,2005,5277058.5
ner,2006,114113537.3
ner,2007,0
ner,2008,0
ner,2009,0
ner,2010,143437.7
ner,2011,4632546.3
ner,2012,6426494.8
ner,2013,8388715.2
ner,2014,10497097.5
ner,2015,10455658.8
ner,2016,6893299.5
ner,2017,6681305.8
nga,1970,0
nga,1971,0
nga,1972,0
nga,1973,0
nga,1974,0
nga,1975,0
nga,1976,0
nga,1977,0
nga,1978,0
nga,1979,0
nga,1980,0
nga,1981,0
nga,1982,0
nga,1983,0
nga,1984,0
nga,1985,0
nga,1986,0
nga,1987,0
nga,1988,0
nga,1989,0
nga,1990,0
nga,1991,0
nga,1992,0
nga,1993,0
nga,1994,0
nga,1995,0
nga,1996,0
nga,1997,0
nga,1998,0
nga,1999,0
nga,2000,0
nga,2001,0
nga,2002,0
nga,2003,0
nga,2004,0
nga,2005,0
nga,2006,0
nga,2007,0
nga,2008,0
nga,2009,0
nga,2010,0
nga,2011,0
nga,2012,0
nga,2013,0
nga,2014,0
nga,2015,0
nga,2016,0
nga,2017,0
nic,1970,13250000
nic,1971,0
nic,1972,7328475
nic,1973,9539400
nic,1974,6614712.5
nic,1975,8186067
nic,1976,7804724.2
nic,1977,7869455.5
nic,1978,8453649.4
nic,1979,2571184.5
nic,1980,800000
nic,1981,20600000
nic,1982,4000000
nic,1983,4540000
nic,1984,4360000
nic,1985,9170000
nic,1986,0
nic,1987,0
nic,1988,0
nic,1989,0
nic,1990,0
nic,1991,0
nic,1992,0
nic,1993,0
nic,1994,3048861.1
nic,1995,12919277.2
nic,1996,9271099.2
nic,1997,0
nic,1998,0
nic,1999,2737519.8
nic,2000,5281296
nic,2001,5097462.4
nic,2002,4323562.6
nic,2003,5311243.6
nic,2004,8597154.5
nic,2005,8853698.6
nic,2006,0
nic,2007,0
nic,2008,0
nic,2009,0
nic,2010,0
nic,2011,2196438.7
nic,2012,12764390.3
nic,2013,16377749.8
nic,2014,21902758.4
nic,2015,26829615.1
nic,2016,29049440.2
nic,2017,21633119.7
npl,1970,0
npl,1971,0
npl,1972,0
npl,1973,0
npl,1974,0
npl,1975,0
npl,1976,0
npl,1977,0
npl,1978,8107483.1
npl,1979,1272718.2
npl,1980,645375.4
npl,1981,852528.1
npl,1982,5405153.2
npl,1983,5665722.1
npl,1984,6831781.8
npl,1985,7559984.2
npl,1986,3092764.4
npl,1987,3387544.6
npl,1988,3159536.9
npl,1989,8762792.5
npl,1990,11904289.5
npl,1991,5504604.4
npl,1992,1082160.4
npl,1993,2094503.2
npl,1994,5281619.5
npl,1995,7867706.7
npl,1996,7655739.3
npl,1997,7294455.2
npl,1998,6571911.8
npl,1999,5866113.9
npl,2000,4427899.8
npl,2001,4273771.5
npl,2002,4346870.2
npl,2003,3130514.4
npl,2004,829927
npl,2005,0
npl,2006,0
npl,2007,0
npl,2008,0
npl,2009,2199580
npl,2010,4351959.6
npl,2011,4496944.2
npl,2012,10346244.1
npl,2013,15224473.1
npl,2014,12996406.4
npl,2015,13963264.4
npl,2016,17837229.2
npl,2017,12357226.3
pak,1970,28400000
pak,1971,2789000
pak,1972,17241000
pak,1973,49301000
pak,1974,25035000
pak,1975,31433000
pak,1976,69272700
pak,1977,79957108.6
pak,1978,103566999.5
pak,1979,103966498
pak,1980,139151628.7
pak,1981,164855213.9
pak,1982,96623438
pak,1983,33807619.3
pak,1984,74633620.2
pak,1985,176794271.6
pak,1986,347317931
pak,1987,415589459.4
pak,1988,318290499
pak,1989,219432840.2
pak,1990,161808862.1
pak,1991,100137648.8
pak,1992,161995754.7
pak,1993,128473374.2
pak,1994,63655865
pak,1995,174514834.6
pak,1996,324729620.1
pak,1997,315722605.7
pak,1998,157506268.1
pak,1999,235696286.6
pak,2000,286847974.4
pak,2001,174544801
pak,2002,261344402.4
pak,2003,587893259.2
pak,2004,567578183.3
pak,2005,242144890.1
pak,2006,105986953.7
pak,2007,149839193.3
pak,2008,183617400.9
pak,2009,225756194
pak,2010,262893759.1
pak,2011,271652010.1
pak,2012,2274823331.9
pak,2013,3660593352.1
pak,2014,1987635819.9
pak,2015,423994944.7
pak,2016,0
pak,2017,0
pan,1970,1710000
pan,1971,4413000
pan,1972,3909000
pan,1973,0
pan,1974,1215000
pan,1975,0
pan,1976,0
pan,1977,537000
pan,1978,7314000
pan,1979,17908000
pan,1980,17300000
pan,1981,15200000
pan,1982,4800000
pan,1983,950000
pan,1984,7710000
pan,1985,28690000
pan,1986,45440000
pan,1987,72985000
pan,1988,149000
pan,1989,769000
pan,1990,70490000
pan,1991,55533000
pan,1992,200650000
pan,1993,10240000
pan,1994,1313000
pan,1995,38850000
pan,1996,51938000
pan,1997,25864000
pan,1998,13378000
pan,1999,23531000
pan,2000,51771000
pan,2001,33323000
pan,2002,8071000
pan,2003,9326000
pan,2004,9881000
pan,2005,9849000
pan,2006,9810000
pan,2007,10206000
pan,2008,5269000
pan,2009,0
pan,2010,0
pan,2011,0
pan,2012,0
pan,2013,0
pan,2014,0
pan,2015,0
pan,2016,0
per,1970,26940000
per,1971,22698455.8
per,1972,36935514
per,1973,57081384.8
per,1974,16404487
per,1975,0
per,1976,0
per,1977,0
per,1978,0
per,1979,78647235.7
per,1980,167900000
per,1981,59300000
per,1982,48500000
per,1983,93540000
per,1984,84800000
per,1985,50040000
per,1986,51020000
per,1987,87758.3
per,1988,36294.3
per,1989,23628533.8
per,1990,63157529.1
per,1991,48148238.1
per,1992,48867585.5
per,1993,640554561.4
per,1994,0
per,1995,0
per,1996,0
per,1997,73699253.2
per,1998,145329864
per,1999,146466881.3
per,2000,141283901.6
per,2001,153393642.2
per,2002,173336143
per,2003,112333431.6
per,2004,39643834.4
per,2005,39518845
per,2006,39360150.6
per,2007,20475691
per,2008,0
per,2009,0
per,2010,0
per,2011,0
per,2012,0
per,2013,0
per,2014,0
per,2015,0
per,2016,0
per,2017,0
phl,1970,2500000
phl,1971,14043000
phl,1972,32028000
phl,1973,68861000
phl,1974,58259000
phl,1975,35306000
phl,1976,44800000
phl,1977,45200000
phl,1978,92400000
phl,1979,92000000
phl,1980,145300000
phl,1981,53955000
phl,1982,74700000
phl,1983,159241071.6
phl,1984,242006767.6
phl,1985,190387151
phl,1986,302517213.2
phl,1987,353034512.6
phl,1988,195600615.3
phl,1989,196417314.7
phl,1990,345365245
phl,1991,295020521.5
phl,1992,154771300.6
phl,1993,64207523.3
phl,1994,270198695.3
phl,1995,362747206.7
phl,1996,301299109.4
phl,1997,215871369.7
phl,1998,78946811.8
phl,1999,54018841.1
phl,2000,8023507.4
phl,2001,7744221.7
phl,2002,405258566.1
phl,2003,607628928.4
phl,2004,472520419.5
phl,2005,317439000.5
phl,2006,400315538.7
phl,2007,0
phl,2008,0
phl,2009,0
phl,2010,0
phl,2011,0
phl,2012,0
phl,2013,0
phl,2014,0
phl,2015,0
phl,2016,0
phl,2017,0
png,1970,0
png,1971,0
png,1972,0
png,1973,0
png,1974,0
png,1975,0
png,1976,5775000
png,1977,0
png,1978,12500000
png,1979,9800000
png,1980,6500000
png,1981,5700000
png,1982,0
png,1983,0
png,1984,30698868.2
png,1985,8384834.7
png,1986,16420193.1
png,1987,5100458.6
png,1988,5234441.4
png,1989,2866395.5
png,1990,3035688.6
png,1991,104009.6
png,1992,0
png,1993,14953967.2
png,1994,30671915.4
png,1995,16248096.2
png,1996,0
png,1997,0
png,1998,4056764.7
png,1999,22794433.1
png,2000,19362993.4
png,2001,1273092.5
png,2002,0
png,2003,5245500
png,2004,59886643.1
png,2005,61133806.5
png,2006,0
png,2007,0
png,2008,0
png,2009,0
png,2010,0
png,2011,0
png,2012,0
png,2013,0
png,2014,0
png,2015,0
png,2016,0
png,2017,0
pry,1970,0
pry,1971,0
pry,1972,0
pry,1973,0
pry,1974,0
pry,1975,0
pry,1976,0
pry,1977,0
pry,1978,0
pry,1979,0
pry,1980,0
pry,1981,0
pry,1982,0
pry,1983,0
pry,1984,0
pry,1985,0
pry,1986,0
pry,1987,0
pry,1988,0
pry,1989,0
pry,1990,0
pry,1991,0
pry,1992,0
pry,1993,0
pry,1994,0
pry,1995,0
pry,1996,0
pry,1997,0
pry,1998,0
pry,1999,0
pry,2000,0
pry,2001,0
pry,2002,0
pry,2003,0
pry,2004,0
pry,2005,0
pry,2006,0
pry,2007,0
pry,2008,0
pry,2009,0
pry,2010,0
pry,2011,0
pry,2012,0
pry,2013,0
pry,2014,0
pry,2015,0
pry,2016,0
pry,2017,0
rou,1970,0
rou,1971,0
rou,1972,0
rou,1973,0
rou,1974,0
rou,1975,0
rou,1976,0
rou,1977,46704000
rou,1978,68882000
rou,1979,65100000
rou,1980,104100000
rou,1981,113800000
rou,1982,51100000
rou,1983,65100000
rou,1984,135800000
rou,1985,175550000
rou,1986,233840000
rou,1987,295994253.5
rou,1988,336915745.3
rou,1989,137054982.1
rou,1990,0
rou,1991,0
rou,1992,216081160.5
rou,1993,0
rou,1994,128271273.5
rou,1995,372909663.4
rou,1996,356212878
rou,1997,135434779.8
rou,1998,125240059.7
rou,1999,139475403.4
rou,2000,96136998.4
rou,2001,116769317.2
rou,2002,98064200.4
rou,2003,111355670.4
rou,2004,170867149.2
rou,2005,151867597.3
rou,2006,167250476.3
rou,2007,105461673.2
rou,2008,0
rou,2009,0
rou,2010,0
rou,2011,0
rou,2012,1996918296.2
rou,2013,6180937743.6
rou,2014,5896735786.8
rou,2015,1724770966.7
rou,2016,133619362.4
rou,2017,0
rus,1970,0
rus,1971,0
rus,1972,0
rus,1973,0
rus,1974,0
rus,1975,0
rus,1976,0
rus,1977,0
rus,1978,0
rus,1979,0
rus,1980,0
rus,1981,0
rus,1982,0
rus,1983,0
rus,1984,0
rus,1985,0
rus,1986,0
rus,1987,0
rus,1988,0
rus,1989,0
rus,1990,0
rus,1991,0
rus,1992,0
rus,1993,0
rus,1994,0
rus,1995,0
rus,1996,521916717.6
rus,1997,494704362.2
rus,1998,914362199.1
rus,1999,4240474241.6
rus,2000,2887957490.5
rus,2001,3816652383.3
rus,2002,1485973109.7
rus,2003,1896865120.8
rus,2004,1656036335.8
rus,2005,3388678171.8
rus,2006,0
rus,2007,0
rus,2008,0
rus,2009,0
rus,2010,0
rus,2011,0
rus,2012,0
rus,2013,0
rus,2014,0
rus,2015,0
rus,2016,0
rus,2017,0
rwa,1970,1000000
rwa,1971,3009075
rwa,1972,2171400
rwa,1973,0
rwa,1974,0
rwa,1975,0
rwa,1976,2389908.1
rwa,1977,0
rwa,1978,0
rwa,1979,3462700.7
rwa,1980,0
rwa,1981,0
rwa,1982,0
rwa,1983,0
rwa,1984,0
rwa,1985,1572038.2
rwa,1986,2491659
rwa,1987,2784688
rwa,1988,2856494.1
rwa,1989,2722819.3
rwa,1990,784717.4
rwa,1991,97166.9
rwa,1992,0
rwa,1993,0
rwa,1994,0
rwa,1995,0
rwa,1996,1271763.7
rwa,1997,2410909.7
rwa,1998,2377074.2
rwa,1999,8498344.5
rwa,2000,11140316.3
rwa,2001,1972020.3
rwa,2002,2471902.1
rwa,2003,1653381.6
rwa,2004,579466.9
rwa,2005,3691872.7
rwa,2006,0
rwa,2007,0
rwa,2008,0
rwa,2009,0
rwa,2010,86978.2
rwa,2011,630707.5
rwa,2012,1046386.7
rwa,2013,1740593.6
rwa,2014,2772789.5
rwa,2015,2641547.4
rwa,2016,1989173.6
rwa,2017,1589202.3
sdn,1970,8100000
sdn,1971,15717401.8
sdn,1972,21247149
sdn,1973,9622869.8
sdn,1974,3692212.2
sdn,1975,7979593.5
sdn,1976,24245445
sdn,1977,22872794.3
sdn,1978,25586378.8
sdn,1979,43542169.3
sdn,1980,77700000
sdn,1981,22400000
sdn,1982,33299000
sdn,1983,44438000
sdn,1984,35458373
sdn,1985,5000000
sdn,1986,0
sdn,1987,0
sdn,1988,0
sdn,1989,0
sdn,1990,1418736.4
sdn,1991,0
sdn,1992,0
sdn,1993,0
sdn,1994,35801.6
sdn,1995,39357140.4
sdn,1996,35594865.3
sdn,1997,42155141.6
sdn,1998,57188171.2
sdn,1999,37756442
sdn,2000,54195277.4
sdn,2001,52305005.4
sdn,2002,22001093.7
sdn,2003,26206518
sdn,2004,31285283.9
sdn,2005,28279242.3
sdn,2006,26972370.9
sdn,2007,59989564.7
sdn,2008,65509670.7
sdn,2009,10621534.4
sdn,2010,5807699.2
sdn,2011,10573810.6
sdn,2012,7367479
sdn,2013,7296458.4
sdn,2014,10718920.7
sdn,2015,7516097.9
sdn,2016,9943087.6
sdn,2017,7477293.7
sen,1970,0
sen,1971,300907.5
sen,1972,325710
sen,1973,357727.5
sen,1974,721605
sen,1975,0
sen,1976,0
sen,1977,0
sen,1978,7401639.7
sen,1979,12507068.2
sen,1980,8300000
sen,1981,8900000
sen,1982,14700000
sen,1983,11828645.5
sen,1984,17690229.1
sen,1985,47279458
sen,1986,66900215.7
sen,1987,66827271.6
sen,1988,64216675
sen,1989,60495558.6
sen,1990,55317143.6
sen,1991,47353112
sen,1992,44437499.1
sen,1993,27295284.1
sen,1994,28562487.2
sen,1995,40672585.2
sen,1996,44476886.1
sen,1997,62795115.9
sen,1998,60228709.6
sen,1999,32630087.5
sen,2000,20610772.1
sen,2001,22551560.5
sen,2002,22499617.7
sen,2003,31941598
sen,2004,34501251
sen,2005,33550391.4
sen,2006,0
sen,2007,0
sen,2008,0
sen,2009,0
sen,2010,529498.6
sen,2011,3279678.8
sen,2012,5294564
sen,2013,5287377.1
sen,2014,17557455.3
sen,2015,33793058.7
sen,2016,35663338
sen,2017,33656142.1
slb,1970,0
slb,1971,0
slb,1972,0
slb,1973,0
slb,1974,0
slb,1975,0
slb,1976,0
slb,1977,0
slb,1978,0
slb,1979,1383000
slb,1980,0
slb,1981,0
slb,1982,0
slb,1983,0
slb,1984,205000
slb,1985,406000
slb,1986,1385000
slb,1987,5136576
slb,1988,403269.8
slb,1989,199981.1
slb,1990,848526.6
slb,1991,641848.8
slb,1992,0
slb,1993,0
slb,1994,0
slb,1995,0
slb,1996,0
slb,1997,0
slb,1998,0
slb,1999,0
slb,2000,0
slb,2001,0
slb,2002,0
slb,2003,0
slb,2004,0
slb,2005,0
slb,2006,0
slb,2007,0
slb,2008,0
slb,2009,0
slb,2010,0
slb,2011,0
slb,2012,0
slb,2013,0
slb,2014,1580110.2
slb,2015,2910179.4
slb,2016,3854631.9
slb,2017,3845425.7
sle,1970,5400000
sle,1971,0
sle,1972,0
sle,1973,0
sle,1974,1671718.2
sle,1975,0
sle,1976,0
sle,1977,0
sle,1978,5247524.6
sle,1979,9393221.7
sle,1980,16500000
sle,1981,12032000
sle,1982,5800000
sle,1983,3055300
sle,1984,10522852.8
sle,1985,5772263.6
sle,1986,33499967.2
sle,1987,1725039.5
sle,1988,989355.1
sle,1989,1622923.4
sle,1990,4571182.3
sle,1991,7476375
sle,1992,5254124.7
sle,1993,8319706.5
sle,1994,80742550
sle,1995,3513922
sle,1996,3362334.1
sle,1997,0
sle,1998,0
sle,1999,12377637
sle,2000,25212780.6
sle,2001,75406541.9
sle,2002,813176.8
sle,2003,1401597.6
sle,2004,1259710.6
sle,2005,2449429.7
sle,2006,4484850.1
sle,2007,0
sle,2008,0
sle,2009,0
sle,2010,2136305.5
sle,2011,5159187
sle,2012,7061964.6
sle,2013,7052378.6
sle,2014,12338533.6
sle,2015,29633461
sle,2016,1116216.9
sle,2017,16172143.7
slv,1970,4980000
slv,1971,5316032.5
slv,1972,11063283
slv,1973,10433718.8
slv,1974,5472171.2
slv,1975,0
slv,1976,5853543.1
slv,1977,20887916.8
slv,1978,4608804.4
slv,1979,0
slv,1980,0
slv,1981,0
slv,1982,0
slv,1983,0
slv,1984,5511000
slv,1985,26980000
slv,1986,58372492.5
slv,1987,45995814.7
slv,1988,10468882.7
slv,1989,5016192.1
slv,1990,5312455.1
slv,1991,180648.3
slv,1992,0
slv,1993,0
slv,1994,0
slv,1995,0
slv,1996,0
slv,1997,0
slv,1998,0
slv,1999,0
slv,2000,0
slv,2001,0
slv,2002,0
slv,2003,0
slv,2004,0
slv,2005,0
slv,2006,0
slv,2007,0
slv,2008,0
slv,2009,0
slv,2010,0
slv,2011,0
slv,2012,0
slv,2013,0
slv,2014,0
slv,2015,0
slv,2016,0
slv,2017,0
som,1970,1900000
som,1971,50151.3
som,1972,54285
som,1973,59621.3
som,1974,60133.8
som,1975,1044513
som,1976,0
som,1977,607139
som,1978,0
som,1979,0
som,1980,3500000
som,1981,15000
som,1982,5245000
som,1983,0
som,1984,2900000
som,1985,8900000
som,1986,36292832.6
som,1987,23563751.7
som,1988,914078.1
som,1989,11423278.3
som,1990,2832042.3
som,1991,0
som,1992,0
som,1993,0
som,1994,0
som,1995,0
som,1996,0
som,1997,0
som,1998,0
som,1999,0
som,2000,0
som,2001,0
som,2002,0
som,2003,0
som,2004,0
som,2005,0
som,2006,0
som,2007,0
som,2008,0
som,2009,0
som,2010,0
som,2011,0
som,2012,198584.3
som,2013,495786.9
som,2014,0
som,2015,0
som,2016,0
som,2017,0
south_asia,1970,260400000
south_asia,1971,27225000
south_asia,1972,44340000
south_asia,1973,74055000
south_asia,1974,49281000
south_asia,1975,80353312.5
south_asia,1976,488716949.5
south_asia,1977,478875857.8
south_asia,1978,414216635.6
south_asia,1979,329529971.9
south_asia,1980,325959040.8
south_asia,1981,319766137.3
south_asia,1982,188865744.2
south_asia,1983,188439122.9
south_asia,1984,321634907.7
south_asia,1985,581232006.5
south_asia,1986,1217577876.7
south_asia,1987,1758086400.7
south_asia,1988,1760357846.1
south_asia,1989,1431466266.4
south_asia,1990,1132724630.4
south_asia,1991,797664810.5
south_asia,1992,660024470.1
south_asia,1993,380420485
south_asia,1994,1288987536.8
south_asia,1995,2003798877.5
south_asia,1996,1448815908.5
south_asia,1997,1123614039.3
south_asia,1998,734663527.7
south_asia,1999,697012130.4
south_asia,2000,489356131.1
south_asia,2001,310345578
south_asia,2002,402316627.2
south_asia,2003,695007768
south_asia,2004,680148888.8
south_asia,2005,280316401
south_asia,2006,259550397.4
south_asia,2007,155113119
south_asia,2008,272097030.2
south_asia,2009,350888543
south_asia,2010,347406006.1
south_asia,2011,419466187.2
south_asia,2012,2543970798.2
south_asia,2013,4289055938.4
south_asia,2014,2819697544.3
south_asia,2015,1012574523.7
south_asia,2016,512999657.6
south_asia,2017,285297860.6
srb,1970,45250000
srb,1971,25328000
srb,1972,16285000
srb,1973,73619000
srb,1974,62252000
srb,1975,0
srb,1976,25000000
srb,1977,123800000
srb,1978,94000000
srb,1979,59200000
srb,1980,69900000
srb,1981,88000000
srb,1982,43300000
srb,1983,180800000
srb,1984,276000000
srb,1985,327090000
srb,1986,425270000
srb,1987,505275472.4
srb,1988,610577286.1
srb,1989,578754219
srb,1990,352893372.7
srb,1991,154790933.4
srb,1992,101953965.5
srb,1993,0
srb,1994,0
srb,1995,0
srb,1996,1113519.1
srb,1997,0
srb,1998,0
srb,1999,560630.9
srb,2000,73397352.2
srb,2001,0
srb,2002,0
srb,2003,0
srb,2004,234844146.8
srb,2005,206403603.4
srb,2006,239103718.8
srb,2007,0
srb,2008,0
srb,2009,0
srb,2010,0
srb,2011,0
srb,2012,267917771
srb,2013,866534902.3
srb,2014,754820164.1
srb,2015,162070407.2
srb,2016,16228931.7
srb,2017,0
stp,1970,0
stp,1971,0
stp,1972,0
stp,1973,0
stp,1974,0
stp,1975,0
stp,1976,0
stp,1977,0
stp,1978,500957
stp,1979,0
stp,1980,0
stp,1981,0
stp,1982,0
stp,1983,0
stp,1984,0
stp,1985,0
stp,1986,0
stp,1987,0
stp,1988,0
stp,1989,0
stp,1990,0
stp,1991,0
stp,1992,0
stp,1993,0
stp,1994,114565
stp,1995,242758
stp,1996,232285.6
stp,1997,220174.4
stp,1998,215727.6
stp,1999,110758.8
stp,2000,0
stp,2001,0
stp,2002,0
stp,2003,0
stp,2004,0
stp,2005,140347.3
stp,2006,559134.9
stp,2007,751668.4
stp,2008,0
stp,2009,0
stp,2010,0
stp,2011,0
stp,2012,0
stp,2013,605622.8
stp,2014,1084806.4
stp,2015,983584.7
stp,2016,793723.3
stp,2017,557468.9
syr,1970,0
syr,1971,4765000
syr,1972,7741000
syr,1973,5676000
syr,1974,15046000
syr,1975,6200000
syr,1976,0
syr,1977,0
syr,1978,0
syr,1979,0
syr,1980,0
syr,1981,0
syr,1982,0
syr,1983,0
syr,1984,0
syr,1985,0
syr,1986,0
syr,1987,0
syr,1988,0
syr,1989,0
syr,1990,0
syr,1991,0
syr,1992,0
syr,1993,0
syr,1994,0
syr,1995,0
syr,1996,0
syr,1997,0
syr,1998,0
syr,1999,0
syr,2000,0
syr,2001,0
syr,2002,0
syr,2003,0
syr,2004,0
syr,2005,0
syr,2006,0
syr,2007,0
syr,2008,0
syr,2009,0
syr,2010,0
syr,2011,0
syr,2012,0
syr,2013,0
syr,2014,0
syr,2015,0
syr,2016,0
syr,2017,0
tcd,1970,0
tcd,1971,140423.5
tcd,1972,162855
tcd,1973,178863.8
tcd,1974,3511811
tcd,1975,170037
tcd,1976,0
tcd,1977,0
tcd,1978,3331364.1
tcd,1979,1615065.6
tcd,1980,2800000
tcd,1981,6400000
tcd,1982,0
tcd,1983,240553.1
tcd,1984,3805238.4
tcd,1985,4695447.4
tcd,1986,2305194.7
tcd,1987,1411991.4
tcd,1988,2320145.3
tcd,1989,4486755
tcd,1990,3563811.6
tcd,1991,0
tcd,1992,0
tcd,1993,1709184.4
tcd,1994,1752844.5
tcd,1995,6964120.1
tcd,1996,6219447.1
tcd,1997,11223390.2
tcd,1998,11156781.3
tcd,1999,4694258.5
tcd,2000,807231.1
tcd,2001,1352024.2
tcd,2002,7486923.9
tcd,2003,13355742.4
tcd,2004,12887580.7
tcd,2005,13380268.4
tcd,2006,15588091.1
tcd,2007,14834351.1
tcd,2008,13970717.4
tcd,2009,12688460.9
tcd,2010,11139307.4
tcd,2011,8009984.7
tcd,2012,4093892.5
tcd,2013,2867936.8
tcd,2014,1276242.9
tcd,2015,12470398.4
tcd,2016,0
tcd,2017,0
tgo,1970,0
tgo,1971,0
tgo,1972,0
tgo,1973,0
tgo,1974,0
tgo,1975,0
tgo,1976,0
tgo,1977,0
tgo,1978,9392943.8
tgo,1979,1912237.7
tgo,1980,0
tgo,1981,0
tgo,1982,0
tgo,1983,276903.4
tgo,1984,6575432.8
tgo,1985,11102863.7
tgo,1986,6777058
tgo,1987,17930194.5
tgo,1988,27269100.4
tgo,1989,23724678.5
tgo,1990,15778521.2
tgo,1991,7980000.5
tgo,1992,10075805.4
tgo,1993,8302949.7
tgo,1994,6717805.4
tgo,1995,11116799
tgo,1996,11469101.7
tgo,1997,11625208.5
tgo,1998,11462056.2
tgo,1999,9451417
tgo,2000,9362297.5
tgo,2001,10250940.8
tgo,2002,9431814.9
tgo,2003,13671871.2
tgo,2004,16094655.8
tgo,2005,11230738.7
tgo,2006,6391794.2
tgo,2007,6650198.3
tgo,2008,1716700.5
tgo,2009,0
tgo,2010,0
tgo,2011,0
tgo,2012,0
tgo,2013,1781782
tgo,2014,12223064
tgo,2015,16232644.7
tgo,2016,24078591.4
tgo,2017,26461743
tha,1970,0
tha,1971,0
tha,1972,2323000
tha,1973,0
tha,1974,0
tha,1975,0
tha,1976,0
tha,1977,0
tha,1978,0
tha,1979,0
tha,1980,21900000
tha,1981,79500000
tha,1982,38000000
tha,1983,41611357
tha,1984,73947005.2
tha,1985,239122329
tha,1986,301441702.2
tha,1987,247254355.4
tha,1988,259844175
tha,1989,364910348
tha,1990,280951896.6
tha,1991,692485
tha,1992,0
tha,1993,0
tha,1994,0
tha,1995,0
tha,1996,0
tha,1997,0
tha,1998,0
tha,1999,0
tha,2000,197850750
tha,2001,1289006156.3
tha,2002,1359610875
tha,2003,402155000
tha,2004,0
tha,2005,0
tha,2006,0
tha,2007,0
tha,2008,0
tha,2009,0
tha,2010,0
tha,2011,0
tha,2012,0
tha,2013,0
tha,2014,0
tha,2015,0
tha,2016,0
tha,2017,0
tjk,1970,0
tjk,1971,0
tjk,1972,0
tjk,1973,0
tjk,1974,0
tjk,1975,0
tjk,1976,0
tjk,1977,0
tjk,1978,0
tjk,1979,0
tjk,1980,0
tjk,1981,0
tjk,1982,0
tjk,1983,0
tjk,1984,0
tjk,1985,0
tjk,1986,0
tjk,1987,0
tjk,1988,0
tjk,1989,0
tjk,1990,0
tjk,1991,0
tjk,1992,0
tjk,1993,0
tjk,1994,0
tjk,1995,0
tjk,1996,0
tjk,1997,0
tjk,1998,0
tjk,1999,5127721.9
tjk,2000,9892537.5
tjk,2001,11935242.2
tjk,2002,34301040.1
tjk,2003,15307068.4
tjk,2004,11945020.8
tjk,2005,13875177.3
tjk,2006,0
tjk,2007,0
tjk,2008,30982808.4
tjk,2009,15116328.3
tjk,2010,0
tjk,2011,0
tjk,2012,0
tjk,2013,0
tjk,2014,3965468.9
tjk,2015,10957944.6
tjk,2016,19958458.3
tjk,2017,25337098.1
tkm,1970,0
tkm,1971,0
tkm,1972,0
tkm,1973,0
tkm,1974,0
tkm,1975,0
tkm,1976,0
tkm,1977,0
tkm,1978,0
tkm,1979,0
tkm,1980,0
tkm,1981,0
tkm,1982,0
tkm,1983,0
tkm,1984,0
tkm,1985,0
tkm,1986,0
tkm,1987,0
tkm,1988,0
tkm,1989,0
tkm,1990,0
tkm,1991,0
tkm,1992,0
tkm,1993,0
tkm,1994,0
tkm,1995,0
tkm,1996,0
tkm,1997,0
tkm,1998,0
tkm,1999,0
tkm,2000,0
tkm,2001,0
tkm,2002,0
tkm,2003,0
tkm,2004,0
tkm,2005,0
tkm,2006,0
tkm,2007,0
tkm,2008,0
tkm,2009,0
tkm,2010,0
tkm,2011,0
tkm,2012,0
tkm,2013,0
tkm,2014,0
tkm,2015,0
tkm,2016,0
tkm,2017,0
tls,1970,0
tls,1971,0
tls,1972,0
tls,1973,0
tls,1974,0
tls,1975,0
tls,1976,0
tls,1977,0
tls,1978,0
tls,1979,0
tls,1980,0
tls,1981,0
tls,1982,0
tls,1983,0
tls,1984,0
tls,1985,0
tls,1986,0
tls,1987,0
tls,1988,0
tls,1989,0
tls,1990,0
tls,1991,0
tls,1992,0
tls,1993,0
tls,1994,0
tls,1995,0
tls,1996,0
tls,1997,0
tls,1998,0
tls,1999,0
tls,2000,0
tls,2001,0
tls,2002,0
tls,2003,0
tls,2004,0
tls,2005,0
tls,2006,0
tls,2007,0
tls,2008,0
tls,2009,0
tls,2010,0
tls,2011,0
tls,2012,0
tls,2013,0
tls,2014,0
tls,2015,0
tls,2016,0
tls,2017,0
ton,1970,0
ton,1971,0
ton,1972,0
ton,1973,0
ton,1974,0
ton,1975,0
ton,1976,0
ton,1977,0
ton,1978,0
ton,1979,0
ton,1980,0
ton,1981,0
ton,1982,0
ton,1983,0
ton,1984,0
ton,1985,0
ton,1986,0
ton,1987,0
ton,1988,0
ton,1989,0
ton,1990,0
ton,1991,0
ton,1992,0
ton,1993,0
ton,1994,0
ton,1995,0
ton,1996,0
ton,1997,0
ton,1998,0
ton,1999,0
ton,2000,0
ton,2001,0
ton,2002,0
ton,2003,0
ton,2004,0
ton,2005,0
ton,2006,0
ton,2007,0
ton,2008,0
ton,2009,0
ton,2010,0
ton,2011,0
ton,2012,0
ton,2013,0
ton,2014,0
ton,2015,0
ton,2016,0
ton,2017,0
tun,1970,7350000
tun,1971,9991000
tun,1972,9207000
tun,1973,7250000
tun,1974,0
tun,1975,0
tun,1976,0
tun,1977,0
tun,1978,0
tun,1979,0
tun,1980,31200000
tun,1981,0
tun,1982,0
tun,1983,0
tun,1984,0
tun,1985,0
tun,1986,0
tun,1987,0
tun,1988,0
tun,1989,0
tun,1990,111299532.1
tun,1991,135629899.9
tun,1992,29404786.3
tun,1993,5236471.9
tun,1994,0
tun,1995,15463684.4
tun,1996,46609558.3
tun,1997,50384160
tun,1998,49677051
tun,1999,50065709.4
tun,2000,40126770.1
tun,2001,31495035.4
tun,2002,0
tun,2003,0
tun,2004,0
tun,2005,0
tun,2006,0
tun,2007,0
tun,2008,0
tun,2009,0
tun,2010,0
tun,2011,0
tun,2012,0
tun,2013,0
tun,2014,0
tun,2015,0
tun,2016,34334442.2
tun,2017,314784080.1
tur,1970,27000000
tur,1971,27084000
tur,1972,97995000
tur,1973,11471000
tur,1974,0
tur,1975,0
tur,1976,0
tur,1977,0
tur,1978,78288000
tur,1979,88528000
tur,1980,155100000
tur,1981,107300000
tur,1982,128560000
tur,1983,180000000
tur,1984,216100000
tur,1985,251320000
tur,1986,375790000
tur,1987,450871891
tur,1988,431415290.1
tur,1989,238158237.3
tur,1990,49214540.6
tur,1991,0
tur,1992,0
tur,1993,0
tur,1994,0
tur,1995,0
tur,1996,0
tur,1997,27608494.1
tur,1998,223359494.2
tur,1999,287409496.9
tur,2000,86559703.1
tur,2001,1104535053
tur,2002,6366086577
tur,2003,1711967540.4
tur,2004,4680536337.9
tur,2005,7780445088.8
tur,2006,7492774841.9
tur,2007,5164035105
tur,2008,1966534175
tur,2009,706480115.2
tur,2010,2170826706.1
tur,2011,2806670271.6
tur,2012,2003546430.5
tur,2013,857497850.3
tur,2014,0
tur,2015,0
tur,2016,0
tur,2017,0
tza,1970,0
tza,1971,0
tza,1972,0
tza,1973,429273
tza,1974,0
tza,1975,0
tza,1976,0
tza,1977,1868120
tza,1978,36006284.4
tza,1979,16835444.1
tza,1980,32500000
tza,1981,32900000
tza,1982,12546250.5
tza,1983,28057291
tza,1984,28569981.4
tza,1985,7680282.2
tza,1986,32079044.9
tza,1987,15847572.7
tza,1988,9416348.7
tza,1989,9335014.3
tza,1990,28331283.7
tza,1991,26755103.7
tza,1992,5493588.8
tza,1993,5976559.9
tza,1994,15323069.1
tza,1995,19481329.3
tza,1996,21747739.7
tza,1997,30920742.7
tza,1998,37745549.7
tza,1999,29262199.7
tza,2000,9992781.9
tza,2001,2371771.3
tza,2002,4746984.3
tza,2003,7303134.8
tza,2004,24503594.7
tza,2005,46386998.7
tza,2006,0
tza,2007,0
tza,2008,0
tza,2009,0
tza,2010,427261.1
tza,2011,2207476.1
tza,2012,2994040.8
tza,2013,3417116.2
tza,2014,27579000.4
tza,2015,61182323.7
tza,2016,61993823.9
tza,2017,84058537.6
uga,1970,0
uga,1971,0
uga,1972,0
uga,1973,0
uga,1974,0
uga,1975,6218496
uga,1976,13104085.7
uga,1977,0
uga,1978,12523925
uga,1979,10336420
uga,1980,13000000
uga,1981,12200000
uga,1982,1700000
uga,1983,12700000
uga,1984,38700000
uga,1985,67277082.1
uga,1986,86998562.8
uga,1987,72810552.1
uga,1988,80460380.5
uga,1989,70431297.7
uga,1990,43348129
uga,1991,33887471.7
uga,1992,28658664
uga,1993,9967711.5
uga,1994,24315236.4
uga,1995,28337194.1
uga,1996,49958236.6
uga,1997,57564597.7
uga,1998,53925121.3
uga,1999,35924136
uga,2000,21423279.2
uga,2001,14671118
uga,2002,18965924.3
uga,2003,24646856
uga,2004,29161560
uga,2005,36061869.4
uga,2006,0
uga,2007,0
uga,2008,0
uga,2009,0
uga,2010,305186.5
uga,2011,1576768.6
uga,2012,1833086.2
uga,2013,1830598
uga,2014,1823204.1
uga,2015,1399124.7
uga,2016,278011.7
uga,2017,0
ukr,1970,0
ukr,1971,0
ukr,1972,0
ukr,1973,0
ukr,1974,0
ukr,1975,0
ukr,1976,0
ukr,1977,0
ukr,1978,0
ukr,1979,0
ukr,1980,0
ukr,1981,0
ukr,1982,0
ukr,1983,0
ukr,1984,0
ukr,1985,0
ukr,1986,0
ukr,1987,0
ukr,1988,0
ukr,1989,0
ukr,1990,0
ukr,1991,0
ukr,1992,0
ukr,1993,0
ukr,1994,0
ukr,1995,0
ukr,1996,0
ukr,1997,0
ukr,1998,104920960
ukr,1999,556571140.8
ukr,2000,848767846.5
ukr,2001,459881750
ukr,2002,182250010.9
ukr,2003,202150379.6
ukr,2004,299070122.5
ukr,2005,299641485.5
ukr,2006,410485907.3
ukr,2007,427080815.2
ukr,2008,340839345.9
ukr,2009,88358024.2
ukr,2010,0
ukr,2011,0
ukr,2012,3413168344.3
ukr,2013,5577603165.3
ukr,2014,3632164382.8
ukr,2015,1355402047.4
ukr,2016,0
ukr,2017,872028283.4
upper_middle_income,1970,275360000
upper_middle_income,1971,123205504.9
upper_middle_income,1972,231774056
upper_middle_income,1973,254080027.5
upper_middle_income,1974,112980605.2
upper_middle_income,1975,48703220.5
upper_middle_income,1976,30195452.5
upper_middle_income,1977,174798400.8
upper_middle_income,1978,519288414.9
upper_middle_income,1979,501562528.6
upper_middle_income,1980,774400000
upper_middle_income,1981,637555000
upper_middle_income,1982,388331146.9
upper_middle_income,1983,1138012435.6
upper_middle_income,1984,922431164.2
upper_middle_income,1985,1336672467.8
upper_middle_income,1986,2513929598.4
upper_middle_income,1987,3633157220.3
upper_middle_income,1988,3787962498.3
upper_middle_income,1989,3531410769
upper_middle_income,1990,3695121387.4
upper_middle_income,1991,2732351612.5
upper_middle_income,1992,2527743897.4
upper_middle_income,1993,3151805877.4
upper_middle_income,1994,2153055901.6
upper_middle_income,1995,2761825875.7
upper_middle_income,1996,4080161973.1
upper_middle_income,1997,5685164547.5
upper_middle_income,1998,4262811706.2
upper_middle_income,1999,13287899256.8
upper_middle_income,2000,17095751748.4
upper_middle_income,2001,7313278593.2
upper_middle_income,2002,14967927636
upper_middle_income,2003,17648542100.8
upper_middle_income,2004,12080372951.5
upper_middle_income,2005,36887932924.8
upper_middle_income,2006,8686635159.5
upper_middle_income,2007,6038825515.8
upper_middle_income,2008,2286474352.1
upper_middle_income,2009,831783679.9
upper_middle_income,2010,2392895666.5
upper_middle_income,2011,3083848855.9
upper_middle_income,2012,5119954919.8
upper_middle_income,2013,10564411348.5
upper_middle_income,2014,9297436814.7
upper_middle_income,2015,2791730866.2
upper_middle_income,2016,686587368.8
upper_middle_income,2017,788660341.5
uzb,1970,0
uzb,1971,0
uzb,1972,0
uzb,1973,0
uzb,1974,0
uzb,1975,0
uzb,1976,0
uzb,1977,0
uzb,1978,0
uzb,1979,0
uzb,1980,0
uzb,1981,0
uzb,1982,0
uzb,1983,0
uzb,1984,0
uzb,1985,0
uzb,1986,0
uzb,1987,0
uzb,1988,0
uzb,1989,0
uzb,1990,0
uzb,1991,0
uzb,1992,0
uzb,1993,0
uzb,1994,0
uzb,1995,0
uzb,1996,0
uzb,1997,0
uzb,1998,0
uzb,1999,25113530.8
uzb,2000,65092896.8
uzb,2001,44737743.5
uzb,2002,21527172.2
uzb,2003,23255050
uzb,2004,24638457.8
uzb,2005,18420952.5
uzb,2006,0
uzb,2007,0
uzb,2008,0
uzb,2009,0
uzb,2010,0
uzb,2011,0
uzb,2012,0
uzb,2013,0
uzb,2014,0
uzb,2015,0
uzb,2016,0
uzb,2017,0
vct,1970,0
vct,1971,0
vct,1972,0
vct,1973,0
vct,1974,0
vct,1975,0
vct,1976,0
vct,1977,0
vct,1978,0
vct,1979,0
vct,1980,0
vct,1981,0
vct,1982,0
vct,1983,0
vct,1984,500000
vct,1985,700000
vct,1986,380000
vct,1987,0
vct,1988,0
vct,1989,0
vct,1990,0
vct,1991,0
vct,1992,0
vct,1993,0
vct,1994,0
vct,1995,0
vct,1996,0
vct,1997,0
vct,1998,0
vct,1999,0
vct,2000,0
vct,2001,0
vct,2002,0
vct,2003,0
vct,2004,0
vct,2005,0
vct,2006,0
vct,2007,0
vct,2008,0
vct,2009,0
vct,2010,0
vct,2011,0
vct,2012,0
vct,2013,0
vct,2014,568231.9
vct,2015,1045146.1
vct,2016,1327505.8
vct,2017,2315853.2
ven,1970,0
ven,1971,0
ven,1972,0
ven,1973,0
ven,1974,0
ven,1975,0
ven,1976,0
ven,1977,0
ven,1978,0
ven,1979,0
ven,1980,0
ven,1981,0
ven,1982,0
ven,1983,0
ven,1984,0
ven,1985,0
ven,1986,0
ven,1987,0
ven,1988,0
ven,1989,0
ven,1990,0
ven,1991,105583439.6
ven,1992,181116580.5
ven,1993,268121322.9
ven,1994,201317919.3
ven,1995,461543642.8
ven,1996,476959290.6
ven,1997,452090982.5
ven,1998,445746178.9
ven,1999,451698972.2
ven,2000,507076963.2
ven,2001,198071550.4
ven,2002,0
ven,2003,0
ven,2004,0
ven,2005,0
ven,2006,0
ven,2007,0
ven,2008,0
ven,2009,0
ven,2010,0
ven,2011,0
ven,2012,0
ven,2013,0
ven,2014,0
ven,2015,0
ven,2016,0
ven,2017,0
vnm,1970,0
vnm,1971,0
vnm,1972,0
vnm,1973,0
vnm,1974,0
vnm,1975,0
vnm,1976,0
vnm,1977,0
vnm,1978,0
vnm,1979,0
vnm,1980,0
vnm,1981,0
vnm,1982,0
vnm,1983,0
vnm,1984,0
vnm,1985,0
vnm,1986,0
vnm,1987,0
vnm,1988,0
vnm,1989,8945307.5
vnm,1990,4751748.8
vnm,1991,9538776.1
vnm,1992,0
vnm,1993,99892333.5
vnm,1994,0
vnm,1995,0
vnm,1996,0
vnm,1997,54039055.1
vnm,1998,77906163.4
vnm,1999,26195138.3
vnm,2000,21245213.5
vnm,2001,43574137
vnm,2002,67782429
vnm,2003,73222983.6
vnm,2004,73103230.6
vnm,2005,53538801.6
vnm,2006,32753531
vnm,2007,25351584.6
vnm,2008,39265967.4
vnm,2009,38315264.9
vnm,2010,37904163.9
vnm,2011,32639111.1
vnm,2012,12648294.9
vnm,2013,0
vnm,2014,0
vnm,2015,0
vnm,2016,0
vnm,2017,0
vut,1970,0
vut,1971,0
vut,1972,0
vut,1973,0
vut,1974,0
vut,1975,0
vut,1976,0
vut,1977,0
vut,1978,0
vut,1979,0
vut,1980,0
vut,1981,0
vut,1982,0
vut,1983,0
vut,1984,0
vut,1985,0
vut,1986,0
vut,1987,0
vut,1988,0
vut,1989,0
vut,1990,0
vut,1991,0
vut,1992,0
vut,1993,0
vut,1994,0
vut,1995,0
vut,1996,0
vut,1997,0
vut,1998,0
vut,1999,0
vut,2000,0
vut,2001,0
vut,2002,0
vut,2003,0
vut,2004,0
vut,2005,0
vut,2006,0
vut,2007,0
vut,2008,0
vut,2009,0
vut,2010,0
vut,2011,0
vut,2012,0
vut,2013,0
vut,2014,0
vut,2015,0
vut,2016,0
vut,2017,0
wsm,1970,0
wsm,1971,0
wsm,1972,0
wsm,1973,0
wsm,1974,0
wsm,1975,0
wsm,1976,0
wsm,1977,780000
wsm,1978,726000
wsm,1979,90000
wsm,1980,500000
wsm,1981,1000000
wsm,1982,812146.9
wsm,1983,1059871
wsm,1984,997876.6
wsm,1985,1723308.7
wsm,1986,1967723.5
wsm,1987,3257534.8
wsm,1988,3954732.1
wsm,1989,2078008.5
wsm,1990,870248.9
wsm,1991,587106.8
wsm,1992,222560.8
wsm,1993,0
wsm,1994,0
wsm,1995,0
wsm,1996,0
wsm,1997,0
wsm,1998,0
wsm,1999,0
wsm,2000,0
wsm,2001,0
wsm,2002,0
wsm,2003,0
wsm,2004,0
wsm,2005,0
wsm,2006,0
wsm,2007,0
wsm,2008,0
wsm,2009,0
wsm,2010,0
wsm,2011,0
wsm,2012,0
wsm,2013,0
wsm,2014,0
wsm,2015,1622984.6
wsm,2016,1612467.7
wsm,2017,1608616.6
yem,1970,0
yem,1971,0
yem,1972,1086000
yem,1973,0
yem,1974,0
yem,1975,0
yem,1976,0
yem,1977,0
yem,1978,6300000
yem,1979,18256000
yem,1980,10900000
yem,1981,7900000
yem,1982,3370056.4
yem,1983,1868129.5
yem,1984,2463717.8
yem,1985,6785008.2
yem,1986,19917601.6
yem,1987,20959819.6
yem,1988,8343651.1
yem,1989,4156017.1
yem,1990,1197440.7
yem,1991,150540.2
yem,1992,0
yem,1993,0
yem,1994,0
yem,1995,0
yem,1996,0
yem,1997,0
yem,1998,0
yem,1999,33842964.6
yem,2000,71350256.5
yem,2001,52754407
yem,2002,17602428.8
yem,2003,19069840.4
yem,2004,41299242.3
yem,2005,55769585
yem,2006,60081982.4
yem,2007,86622506.6
yem,2008,71450150
yem,2009,43780280.4
yem,2010,27085302.3
yem,2011,24834106.2
yem,2012,0
yem,2013,0
yem,2014,0
yem,2015,0
yem,2016,9672026.3
yem,2017,18091389.8
zaf,1970,0
zaf,1971,0
zaf,1972,0
zaf,1973,0
zaf,1974,0
zaf,1975,0
zaf,1976,0
zaf,1977,0
zaf,1978,0
zaf,1979,0
zaf,1980,0
zaf,1981,0
zaf,1982,0
zaf,1983,0
zaf,1984,0
zaf,1985,0
zaf,1986,0
zaf,1987,0
zaf,1988,0
zaf,1989,0
zaf,1990,0
zaf,1991,0
zaf,1992,0
zaf,1993,0
zaf,1994,0
zaf,1995,0
zaf,1996,0
zaf,1997,422755495.5
zaf,1998,416822396.3
zaf,1999,0
zaf,2000,0
zaf,2001,0
zaf,2002,0
zaf,2003,0
zaf,2004,0
zaf,2005,0
zaf,2006,0
zaf,2007,0
zaf,2008,0
zaf,2009,0
zaf,2010,0
zaf,2011,0
zaf,2012,0
zaf,2013,0
zaf,2014,0
zaf,2015,0
zaf,2016,0
zaf,2017,0
zmb,1970,3570000
zmb,1971,0
zmb,1972,0
zmb,1973,0
zmb,1974,0
zmb,1975,46152900
zmb,1976,21936355
zmb,1977,22160573.5
zmb,1978,0
zmb,1979,33968060.2
zmb,1980,57300000
zmb,1981,57000000
zmb,1982,95200000
zmb,1983,121400000
zmb,1984,73997585.3
zmb,1985,25286120.4
zmb,1986,153843677.7
zmb,1987,3693706.5
zmb,1988,0
zmb,1989,17688070.1
zmb,1990,24778333.3
zmb,1991,34377913.1
zmb,1992,36626742.7
zmb,1993,69526382.3
zmb,1994,20942482.6
zmb,1995,1825080418.3
zmb,1996,0
zmb,1997,0
zmb,1998,0
zmb,1999,0
zmb,2000,0
zmb,2001,41757434
zmb,2002,62007320
zmb,2003,70713536.4
zmb,2004,249107035.1
zmb,2005,79017007.2
zmb,2006,0
zmb,2007,0
zmb,2008,0
zmb,2009,0
zmb,2010,839262.9
zmb,2011,5204913.3
zmb,2012,11766885.9
zmb,2013,17852906.6
zmb,2014,35086043.2
zmb,2015,60772380.2
zmb,2016,69340282.5
zmb,2017,65620463.2
zwe,1970,0
zwe,1971,0
zwe,1972,0
zwe,1973,0
zwe,1974,0
zwe,1975,0
zwe,1976,0
zwe,1977,0
zwe,1978,0
zwe,1979,0
zwe,1980,0
zwe,1981,0
zwe,1982,0
zwe,1983,10023000
zwe,1984,21376000
zwe,1985,50214000
zwe,1986,94772000
zwe,1987,105767058.9
zwe,1988,78107973.6
zwe,1989,38402777
zwe,1990,23622979.5
zwe,1991,6629244.1
zwe,1992,0
zwe,1993,0
zwe,1994,0
zwe,1995,0
zwe,1996,8613440.6
zwe,1997,25503076.3
zwe,1998,48240223.6
zwe,1999,61694015.3
zwe,2000,70421677
zwe,2001,8874727.8
zwe,2002,2980785
zwe,2003,4480356.4
zwe,2004,20948246.7
zwe,2005,164696817.9
zwe,2006,3459279
zwe,2007,117878.7
zwe,2008,1675600.9
zwe,2009,112601.2
zwe,2010,3982683.9
zwe,2011,0
zwe,2012,7491212.3
zwe,2013,1807715.5
zwe,2014,1950828.4
zwe,2015,1802072.6
zwe,2016,86856408.2
zwe,2017,0
