geo,time,eg_gdp_puse_ko_pp
ago,1990,6.60173
ago,1991,6.73145
ago,1992,6.44694
ago,1993,4.84415
ago,1994,4.94623
ago,1995,5.81207
ago,1996,6.53061
ago,1997,6.97459
ago,1998,7.40251
ago,1999,7.30324
ago,2000,7.49305
ago,2001,7.64752
ago,2002,8.43801
ago,2003,8.21236
ago,2004,9.09422
ago,2005,11.16433
ago,2006,11.70084
ago,2007,12.84524
ago,2008,13.44675
ago,2009,12.55674
ago,2010,12.64899
ago,2011,12.86125
ago,2012,13.35224
ago,2013,14.24718
ago,2014,14.79083
alb,1990,3.13462
alb,1991,3.33277
alb,1992,4.35861
alb,1993,4.98884
alb,1994,5.18911
alb,1995,6.39167
alb,1996,6.65363
alb,1997,7.06493
alb,1998,7.08027
alb,1999,6.02527
alb,2000,6.65175
alb,2001,7.20084
alb,2002,7.0622
alb,2003,7.71457
alb,2004,7.58704
alb,2005,8.15096
alb,2006,9.28973
alb,2007,10.71545
alb,2008,11.57701
alb,2009,12.03408
alb,2010,13.20309
alb,2011,13.34401
alb,2012,15.30211
alb,2013,13.19179
alb,2014,13.92687
are,1990,8.08107
are,1991,7.32708
are,1992,8.13649
are,1993,8.01952
are,1994,7.90196
are,1995,8.10011
are,1996,8.26537
are,1997,8.61127
are,1998,8.54032
are,1999,8.72825
are,2000,10.12065
are,2001,8.22774
are,2002,8.62905
are,2003,9.73113
are,2004,10.26287
are,2005,10.43878
are,2006,11.38435
are,2007,11.11653
are,2008,9.88313
are,2009,9.32303
are,2010,9.31764
are,2011,9.68559
are,2012,9.43948
are,2013,9.40502
are,2014,9.74906
arg,1990,5.09031
arg,1991,5.57121
arg,1992,5.8484
arg,1993,6.45955
arg,1994,6.56386
arg,1995,6.41833
arg,1996,6.65159
arg,1997,7.08815
arg,1998,7.19762
arg,1999,6.93359
arg,2000,6.95229
arg,2001,7.14362
arg,2002,6.65113
arg,2003,6.89895
arg,2004,7.07069
arg,2005,7.89048
arg,2006,8.07812
arg,2007,8.92867
arg,2008,8.99291
arg,2009,8.75487
arg,2010,9.36742
arg,2011,9.89842
arg,2012,10.1352
arg,2013,10.22267
arg,2014,9.67985
arm,1990,1.27201
arm,1991,1.1016
arm,1992,1.28985
arm,1993,2.26868
arm,1994,3.88429
arm,1995,3.55353
arm,1996,3.53738
arm,1997,3.55656
arm,1998,3.78897
arm,1999,4.10541
arm,2000,4.04635
arm,2001,4.55468
arm,2002,5.59702
arm,2003,6.16227
arm,2004,6.61342
arm,2005,6.47766
arm,2006,7.42211
arm,2007,7.77355
arm,2008,8.04366
arm,2009,8.00187
arm,2010,8.69986
arm,2011,8.50118
arm,2012,9.10371
arm,2013,9.85141
arm,2014,9.91742
atg,1990,8.25451
atg,2004,12.55274
atg,2005,13.58323
atg,2006,15.11934
atg,2007,16.62672
aus,1990,3.43401
aus,1991,3.61945
aus,1992,3.67738
aus,1993,3.72631
aus,1994,3.952
aus,1995,4.08649
aus,1996,4.08411
aus,1997,4.20645
aus,1998,4.36533
aus,1999,4.51527
aus,2000,4.67209
aus,2001,5.03929
aus,2002,5.1712
aus,2003,5.36158
aus,2004,5.61916
aus,2005,5.87401
aus,2006,6.03064
aus,2007,6.24603
aus,2008,6.29256
aus,2009,6.87624
aus,2010,6.79649
aus,2011,7.31437
aus,2012,7.6881
aus,2013,8.39933
aus,2014,8.79223
aus,2015,8.43641
aut,1990,5.98219
aut,1991,6.00912
aut,1992,6.53032
aut,1993,6.64427
aut,1994,6.96804
aut,1995,6.99207
aut,1996,6.81978
aut,1997,7.12446
aut,1998,7.35571
aut,1999,7.65633
aut,2000,8.18226
aut,2001,7.86397
aut,2002,8.20218
aut,2003,8.04377
aut,2004,8.36492
aut,2005,8.51208
aut,2006,9.16836
aut,2007,9.7507
aut,2008,10.17988
aut,2009,10.70666
aut,2010,10.30316
aut,2011,11.2628
aut,2012,11.87529
aut,2013,12.12537
aut,2014,12.84913
aut,2015,13.04176
aze,1990,1.66351
aze,1991,1.72368
aze,1992,1.68391
aze,1993,1.47928
aze,1994,1.3368
aze,1995,1.28112
aze,1996,1.56364
aze,1997,1.74674
aze,1998,1.87173
aze,1999,2.19215
aze,2000,2.40986
aze,2001,2.67283
aze,2002,2.94106
aze,2003,3.14246
aze,2004,3.35263
aze,2005,4.21335
aze,2006,5.92754
aze,2007,8.31335
aze,2008,8.53274
aze,2009,10.47301
aze,2010,11.47344
aze,2011,10.81138
aze,2012,10.85897
aze,2013,11.7147
aze,2014,11.69287
bel,1990,3.88271
bel,1991,3.91287
bel,1992,4.01902
bel,1993,4.17341
bel,1994,4.1464
bel,1995,4.25833
bel,1996,4.10672
bel,1997,4.29584
bel,1998,4.34911
bel,1999,4.53272
bel,2000,4.90145
bel,2001,5.11102
bel,2002,5.61749
bel,2003,5.53389
bel,2004,5.73289
bel,2005,5.97196
bel,2006,6.4453
bel,2007,6.89522
bel,2008,6.94512
bel,2009,7.29054
bel,2010,7.19282
bel,2011,8.09943
bel,2012,8.76765
bel,2013,8.77728
bel,2014,9.58911
bel,2015,9.8307
ben,1990,3.77078
ben,1991,4.00196
ben,1992,4.11273
ben,1993,4.35359
ben,1994,4.43987
ben,1995,4.70377
ben,1996,4.29128
ben,1997,4.44872
ben,1998,4.74125
ben,1999,4.85562
ben,2000,6.0877
ben,2001,6.16533
ben,2002,6.10774
ben,2003,6.10886
ben,2004,6.27483
ben,2005,6.55932
ben,2006,5.9564
ben,2007,5.96376
ben,2008,6.23774
ben,2009,6.12065
ben,2010,5.95442
ben,2011,6.08998
ben,2012,6.27323
ben,2013,6.61776
ben,2014,6.86997
bgd,1990,8.24386
bgd,1991,8.94772
bgd,1992,9.14223
bgd,1993,9.28172
bgd,1994,9.42956
bgd,1995,9.30186
bgd,1996,9.84227
bgd,1997,10.0144
bgd,1998,10.21725
bgd,1999,10.70374
bgd,2000,11.13891
bgd,2001,10.94086
bgd,2002,11.2676
bgd,2003,11.42105
bgd,2004,12.11838
bgd,2005,12.8231
bgd,2006,13.16043
bgd,2007,13.85122
bgd,2008,14.25996
bgd,2009,14.32612
bgd,2010,14.13483
bgd,2011,14.80504
bgd,2012,16.03251
bgd,2013,17.03229
bgd,2014,17.71485
bgr,1990,2.33079
bgr,1991,2.84354
bgr,1992,2.88595
bgr,1993,2.71417
bgr,1994,2.91097
bgr,1995,2.81714
bgr,1996,2.49351
bgr,1997,2.29596
bgr,1998,2.54648
bgr,1999,2.60363
bgr,2000,2.82027
bgr,2001,2.8751
bgr,2002,3.22958
bgr,2003,3.37994
bgr,2004,3.77013
bgr,2005,3.96145
bgr,2006,4.23861
bgr,2007,4.80937
bgr,2008,5.41623
bgr,2009,6.03011
bgr,2010,6.18856
bgr,2011,6.01706
bgr,2012,6.49622
bgr,2013,7.14836
bgr,2014,7.11009
bhr,1990,2.64564
bhr,1991,3.09056
bhr,1992,3.06539
bhr,1993,3.36074
bhr,1994,3.22115
bhr,1995,3.37531
bhr,1996,3.57958
bhr,1997,3.33012
bhr,1998,3.35874
bhr,1999,3.5857
bhr,2000,3.65587
bhr,2001,3.72834
bhr,2002,3.77389
bhr,2003,3.85587
bhr,2004,4.21995
bhr,2005,4.04696
bhr,2006,4.14591
bhr,2007,4.40704
bhr,2008,4.40236
bhr,2009,4.67661
bhr,2010,4.77726
bhr,2011,4.9685
bhr,2012,5.46021
bhr,2013,5.15003
bhr,2014,5.04171
bhs,1990,8.61737
bhs,2004,14.3932
bhs,2005,14.64294
bhs,2006,15.25518
bhs,2007,15.82781
bih,1990,0.6609
bih,1991,0.68811
bih,1992,0.93494
bih,1993,1.12375
bih,1994,3.29439
bih,1995,3.7462
bih,1996,5.03622
bih,1997,4.53422
bih,1998,4.30219
bih,1999,4.82888
bih,2000,3.96912
bih,2001,4.28591
bih,2002,4.43364
bih,2003,4.67137
bih,2004,4.65677
bih,2005,4.84091
bih,2006,5.26726
bih,2007,5.81605
bih,2008,5.6859
bih,2009,5.42495
bih,2010,5.34364
bih,2011,5.11166
bih,2012,5.5574
bih,2013,6.04699
bih,2014,5.08838
blr,1990,1.16914
blr,1991,1.22568
blr,1992,1.35811
blr,1993,1.50839
blr,1994,1.60196
blr,1995,1.58409
blr,1996,1.6148
blr,1997,1.83456
blr,1998,2.05291
blr,1999,2.21077
blr,2000,2.35365
blr,2001,2.50973
blr,2002,2.62622
blr,2003,2.78464
blr,2004,3.08161
blr,2005,3.4805
blr,2006,3.70765
blr,2007,4.22221
blr,2008,4.73589
blr,2009,5.02877
blr,2010,5.28551
blr,2011,5.3405
blr,2012,5.61093
blr,2013,6.58276
blr,2014,6.483
blz,1990,7.71116
blz,2004,16.22921
blz,2005,16.47195
blz,2006,16.61104
blz,2007,17.0388
bol,1990,6.23818
bol,1991,6.58551
bol,1992,6.4639
bol,1993,6.45363
bol,1994,6.26758
bol,1995,5.96885
bol,1996,5.89996
bol,1997,5.7756
bol,1998,6.06865
bol,1999,6.2895
bol,2000,5.89374
bol,2001,7.87583
bol,2002,6.83753
bol,2003,6.88842
bol,2004,7.35988
bol,2005,7.26736
bol,2006,6.27269
bol,2007,8.26854
bol,2008,8.41151
bol,2009,8.39775
bol,2010,8.12468
bol,2011,8.26071
bol,2012,7.94935
bol,2013,9.02134
bol,2014,9.17656
bra,1990,7.11419
bra,1991,7.29279
bra,1992,7.34185
bra,1993,7.69348
bra,1994,7.90098
bra,1995,8.1291
bra,1996,8.03348
bra,1997,8.04123
bra,1998,7.96794
bra,1999,7.93857
bra,2000,8.44068
bra,2001,8.60064
bra,2002,8.76894
bra,2003,8.89782
bra,2004,9.1543
bra,2005,9.50428
bra,2006,9.84336
bra,2007,10.14793
bra,2008,10.29664
bra,2009,10.69679
bra,2010,10.52863
bra,2011,11.00073
bra,2012,10.62025
bra,2013,10.62389
bra,2014,10.44319
brb,1990,8.89141
brb,2004,11.68115
brb,2005,12.04225
brb,2006,12.90252
brb,2007,13.42642
brn,1990,10.37803
brn,1991,9.76435
brn,1992,8.99807
brn,1993,9.50818
brn,1994,10.57028
brn,1995,9.1285
brn,1996,9.2317
brn,1997,9.66963
brn,1998,9.166
brn,1999,9.50531
brn,2000,10.00515
brn,2001,11.2115
brn,2002,12.11308
brn,2003,11.01963
brn,2004,12.35479
brn,2005,13.19437
brn,2006,9.9643
brn,2007,9.61801
brn,2008,8.5821
brn,2009,9.86253
brn,2010,9.63084
brn,2011,8.53204
brn,2012,9.23939
brn,2013,11.25099
brn,2014,9.52479
btn,1990,17.24301
btn,2004,15.08099
btn,2005,14.67575
btn,2006,15.45149
btn,2007,15.93392
bwa,1990,6.4069
bwa,1991,6.98839
bwa,1992,6.38336
bwa,1993,6.63997
bwa,1994,7.13209
bwa,1995,7.60991
bwa,1996,8.40589
bwa,1997,8.82827
bwa,1998,7.9437
bwa,1999,8.55538
bwa,2000,8.58382
bwa,2001,8.69717
bwa,2002,9.22269
bwa,2003,9.87166
bwa,2004,10.58718
bwa,2005,11.06296
bwa,2006,11.95762
bwa,2007,12.57207
bwa,2008,12.50272
bwa,2009,11.57906
bwa,2010,11.79095
bwa,2011,13.38267
bwa,2012,11.20875
bwa,2013,11.50699
bwa,2014,11.99615
can,1990,2.65131
can,1991,2.69041
can,1992,2.71337
can,1993,2.75914
can,1994,2.84431
can,1995,2.9431
can,1996,2.98632
can,1997,3.13531
can,1998,3.31132
can,1999,3.43402
can,2000,3.55255
can,2001,3.75242
can,2002,3.87335
can,2003,3.87827
can,2004,4.01224
can,2005,4.31336
can,2006,4.62617
can,2007,4.81839
can,2008,4.92702
can,2009,4.98459
can,2010,5.14851
can,2011,5.26656
can,2012,5.4686
can,2013,5.72058
can,2014,5.79319
can,2015,5.85368
che,1990,7.84034
che,1991,7.91077
che,1992,8.05177
che,1993,8.44363
che,1994,8.65527
che,1995,9.00777
che,1996,9.06878
che,1997,9.2822
che,1998,9.51595
che,1999,9.7939
che,2000,10.54281
che,2001,10.29674
che,2002,10.89133
che,2003,10.93636
che,2004,11.3796
che,2005,11.90431
che,2006,12.7863
che,2007,14.93174
che,2008,15.37486
che,2009,15.21356
che,2010,16.26002
che,2011,17.93688
che,2012,18.55885
che,2013,18.66051
che,2014,20.72495
che,2015,22.05438
chl,1990,4.22596
chl,1991,4.6126
chl,1992,4.9233
chl,1993,5.31397
chl,1994,5.38968
chl,1995,5.69872
chl,1996,5.72611
chl,1997,5.58639
chl,1998,5.68389
chl,1999,5.41011
chl,2000,5.77547
chl,2001,6.20787
chl,2002,6.28511
chl,2003,6.64282
chl,2004,6.83256
chl,2005,7.23399
chl,2006,8.67344
chl,2007,9.09057
chl,2008,9.09212
chl,2009,9.19051
chl,2010,9.97988
chl,2011,10.38834
chl,2012,10.06034
chl,2013,10.14797
chl,2014,11.15986
chl,2015,11.24664
chn,1990,1.27968
chn,1991,1.48424
chn,1992,1.67698
chn,1993,1.84567
chn,1994,2.03451
chn,1995,2.14653
chn,1996,2.3377
chn,1997,2.60041
chn,1998,2.81662
chn,1999,3.01701
chn,2000,3.24543
chn,2001,3.45451
chn,2002,3.5868
chn,2003,3.52191
chn,2004,3.49148
chn,2005,3.62848
chn,2006,3.85656
chn,2007,4.18364
chn,2008,4.53304
chn,2009,4.67031
chn,2010,4.73525
chn,2011,4.93647
chn,2012,5.22607
chn,2013,5.44934
chn,2014,5.70972
civ,1990,7.55595
civ,1991,7.59638
civ,1992,7.10642
civ,1993,7.01116
civ,1994,7.04499
civ,1995,7.73427
civ,1996,7.55365
civ,1997,8.25716
civ,1998,8.72812
civ,1999,7.51076
civ,2000,7.92573
civ,2001,8.24519
civ,2002,7.61994
civ,2003,7.83107
civ,2004,5.88792
civ,2005,5.92935
civ,2006,6.39051
civ,2007,6.1654
civ,2008,6.55136
civ,2009,7.45228
civ,2010,7.43613
civ,2011,6.26447
civ,2012,6.11306
civ,2013,6.40359
civ,2014,7.20221
cmr,1990,4.62275
cmr,1991,4.5529
cmr,1992,4.46376
cmr,1993,4.06629
cmr,1994,4.08917
cmr,1995,4.22197
cmr,1996,4.37248
cmr,1997,4.52054
cmr,1998,4.65322
cmr,1999,4.894
cmr,2000,4.98334
cmr,2001,5.25388
cmr,2002,5.4454
cmr,2003,5.62704
cmr,2004,5.99878
cmr,2005,6.28734
cmr,2006,7.05991
cmr,2007,8.02238
cmr,2008,8.33684
cmr,2009,7.95893
cmr,2010,8.22639
cmr,2011,9.00628
cmr,2012,9.19518
cmr,2013,9.52662
cmr,2014,9.92961
cod,1990,2.58712
cod,1991,2.44642
cod,1992,2.19923
cod,1993,1.9099
cod,1994,1.86786
cod,1995,1.84226
cod,1996,1.79576
cod,1997,1.69434
cod,1998,1.64527
cod,1999,1.59078
cod,2000,1.51285
cod,2001,1.46523
cod,2002,1.48042
cod,2003,1.53655
cod,2004,1.61962
cod,2005,1.70686
cod,2006,1.7855
cod,2007,1.88023
cod,2008,1.96329
cod,2009,1.9726
cod,2010,2.06256
cod,2011,2.11847
cod,2012,1.77079
cod,2013,1.96452
cod,2014,2.19648
cog,1990,10.39185
cog,1991,10.53561
cog,1992,11.19298
cog,1993,11.27576
cog,1994,12.61985
cog,1995,11.73466
cog,1996,13.22483
cog,1997,13.97061
cog,1998,14.64288
cog,1999,14.6953
cog,2000,16.28085
cog,2001,15.41564
cog,2002,16.25374
cog,2003,14.15902
cog,2004,14.1685
cog,2005,14.5536
cog,2006,12.41149
cog,2007,13.40329
cog,2008,13.57217
cog,2009,13.3511
cog,2010,13.6382
cog,2011,10.68473
cog,2012,11.22272
cog,2013,10.79419
cog,2014,10.8548
col,1990,6.84278
col,1991,7.13795
col,1992,7.42633
col,1993,7.65903
col,1994,7.99515
col,1995,8.43988
col,1996,8.56228
col,1997,9.28469
col,1998,9.01666
col,1999,9.79524
col,2000,10.26093
col,2001,10.71205
col,2002,11.37362
col,2003,11.80457
col,2004,12.63828
col,2005,13.11658
col,2006,13.72865
col,2007,15.14465
col,2008,15.22827
col,2009,14.94881
col,2010,15.5575
col,2011,16.95509
col,2012,17.52556
col,2013,17.5257
col,2014,18.28686
com,1990,36.56386
com,2004,34.01198
com,2005,33.14887
com,2006,30.89996
com,2007,32.7713
cpv,1990,13.49986
cpv,2004,21.3759
cpv,2005,21.18925
cpv,2006,22.89283
cpv,2007,26.81724
cri,1990,9.34341
cri,1991,9.30964
cri,1992,8.0532
cri,1993,8.65282
cri,1994,9.37532
cri,1995,9.76986
cri,1996,10.04036
cri,1997,10.63767
cri,1998,11.59362
cri,1999,11.1117
cri,2000,10.79743
cri,2001,11.35814
cri,2002,11.33861
cri,2003,11.23782
cri,2004,10.17198
cri,2005,10.9117
cri,2006,11.15746
cri,2007,11.50516
cri,2008,12.07516
cri,2009,12.1094
cri,2010,12.67677
cri,2011,13.48218
cri,2012,14.25467
cri,2013,14.8333
cri,2014,15.93059
cyp,1990,5.66652
cyp,1991,5.78288
cyp,1992,5.74806
cyp,1993,5.51898
cyp,1994,5.22412
cyp,1995,6.56093
cyp,1996,6.07595
cyp,1997,6.4579
cyp,1998,6.44553
cyp,1999,6.79628
cyp,2000,6.91486
cyp,2001,7.58827
cyp,2002,7.79988
cyp,2003,7.4801
cyp,2004,8.64773
cyp,2005,9.23892
cyp,2006,9.76447
cyp,2007,10.34752
cyp,2008,10.60556
cyp,2009,10.84169
cyp,2010,11.37795
cyp,2011,12.00333
cyp,2012,12.38604
cyp,2013,13.59518
cyp,2014,13.03714
cze,1990,2.66962
cze,1991,2.69691
cze,1992,2.82394
cze,1993,2.98365
cze,1994,3.23462
cze,1995,3.46984
cze,1996,3.5578
cze,1997,3.56226
cze,1998,3.71241
cze,1999,4.09581
cze,2000,4.09444
cze,2001,4.30812
cze,2002,4.40597
cze,2003,4.49943
cze,2004,4.70621
cze,2005,5.0251
cze,2006,5.32544
cze,2007,5.878
cze,2008,6.4511
cze,2009,6.86507
cze,2010,6.64409
cze,2011,7.17062
cze,2012,7.26813
cze,2013,7.7727
cze,2014,8.36336
cze,2015,8.83475
deu,1990,4.41516
deu,1991,4.89394
deu,1992,5.20312
deu,1993,5.3218
deu,1994,5.59743
deu,1995,5.73222
deu,1996,5.68934
deu,1997,5.86286
deu,1998,6.09106
deu,1999,6.4996
deu,2000,6.70918
deu,2001,6.81201
deu,2002,7.18374
deu,2003,7.41957
deu,2004,7.71862
deu,2005,7.90743
deu,2006,8.26435
deu,2007,9.26168
deu,2008,9.5232
deu,2009,9.90751
deu,2010,9.93988
deu,2011,11.21458
deu,2012,11.4083
deu,2013,11.64835
deu,2014,12.68403
deu,2015,12.71979
dma,1990,14.28458
dma,2004,13.4544
dma,2005,13.28594
dma,2006,13.99252
dma,2007,14.92918
dnk,1990,5.39786
dnk,1991,5.10197
dnk,1992,5.56386
dnk,1993,5.54206
dnk,1994,5.7584
dnk,1995,6.1141
dnk,1996,5.68645
dnk,1997,6.46576
dnk,1998,6.83891
dnk,1999,7.39513
dnk,2000,8.2077
dnk,2001,8.22056
dnk,2002,8.67489
dnk,2003,8.28042
dnk,2004,9.17942
dnk,2005,9.81707
dnk,2006,10.03181
dnk,2007,10.79654
dnk,2008,11.8427
dnk,2009,12.16601
dnk,2010,12.26001
dnk,2011,13.75886
dnk,2012,14.47646
dnk,2013,14.99652
dnk,2014,16.66784
dnk,2015,17.36494
dom,1990,6.51135
dom,1991,6.74128
dom,1992,6.91507
dom,1993,7.84168
dom,1994,7.15413
dom,1995,7.34984
dom,1996,7.59934
dom,1997,7.54317
dom,1998,7.70236
dom,1999,7.95606
dom,2000,7.92406
dom,2001,8.55999
dom,2002,8.55997
dom,2003,9.09849
dom,2004,10.59592
dom,2005,11.00004
dom,2006,11.95734
dom,2007,12.97081
dom,2008,13.607
dom,2009,14.08312
dom,2010,14.69473
dom,2011,15.18821
dom,2012,14.6748
dom,2013,16.61105
dom,2014,18.22001
dza,1990,8.69555
dza,1991,8.39667
dza,1992,8.54086
dza,1993,8.52929
dza,1994,8.95641
dza,1995,9.09711
dza,1996,9.95956
dza,1997,9.99564
dza,1998,10.26501
dza,1999,10.06423
dza,2000,10.51722
dza,2001,11.05414
dza,2002,11.06156
dza,2003,11.30379
dza,2004,11.98124
dza,2005,12.50705
dza,2006,12.38923
dza,2007,12.36312
dza,2008,12.76568
dza,2009,11.88555
dza,2010,12.82027
dza,2011,12.91946
dza,2012,11.82764
dza,2013,11.60251
dza,2014,11.14874
ecu,1990,7.66337
ecu,1991,7.86114
ecu,1992,8.10912
ecu,1993,9.07956
ecu,1994,9.03433
ecu,1995,8.05399
ecu,1996,7.92155
ecu,1997,8.09797
ecu,1998,8.23004
ecu,1999,8.83668
ecu,2000,8.24515
ecu,2001,8.27898
ecu,2002,9.03992
ecu,2003,9.34531
ecu,2004,10.61584
ecu,2005,11.05832
ecu,2006,11.84151
ecu,2007,10.95506
ecu,2008,12.9165
ecu,2009,11.02971
ecu,2010,11.48919
ecu,2011,12.01278
ecu,2012,12.96554
ecu,2013,13.46868
ecu,2014,13.38344
egy,1990,6.45701
egy,1991,6.74672
egy,1992,7.02555
egy,1993,7.13697
egy,1994,7.87802
egy,1995,7.91447
egy,1996,7.97204
egy,1997,8.21415
egy,1998,8.18433
egy,1999,8.61032
egy,2000,9.81613
egy,2001,9.25357
egy,2002,9.32766
egy,2003,9.45515
egy,2004,9.35002
egy,2005,8.64639
egy,2006,9.01267
egy,2007,9.25452
egy,2008,9.73049
egy,2009,10.0158
egy,2010,10.86647
egy,2011,10.75438
egy,2012,12.31123
egy,2013,13.35713
egy,2014,13.36827
eri,1992,2.09243
eri,1993,2.31483
eri,1994,2.77844
eri,1995,2.77852
eri,1996,2.94501
eri,1997,3.25326
eri,1998,5.1502
eri,1999,5.03808
eri,2000,4.9451
eri,2001,5.24831
eri,2002,5.44093
eri,2003,5.04345
eri,2004,5.6635
eri,2005,5.84686
eri,2006,6.55175
eri,2007,6.60869
eri,2008,6.45957
eri,2009,6.30844
eri,2010,6.35785
eri,2011,6.87771
esp,1990,5.89716
esp,1991,6.02724
esp,1992,6.10827
esp,1993,6.45228
esp,1994,6.39247
esp,1995,6.41098
esp,1996,6.81503
esp,1997,6.79377
esp,1998,6.9231
esp,1999,6.92783
esp,2000,7.18353
esp,2001,7.49941
esp,2002,7.84391
esp,2003,7.93751
esp,2004,8.07883
esp,2005,8.4978
esp,2006,9.62884
esp,2007,10.23176
esp,2008,11.0199
esp,2009,11.67697
esp,2010,11.59666
esp,2011,11.9031
esp,2012,11.87678
esp,2013,12.9782
esp,2014,13.69218
esp,2015,13.69751
est,1990,1.19946
est,1991,1.22338
est,1992,1.37
est,1993,1.59643
est,1994,1.58902
est,1995,1.7866
est,1996,1.70388
est,1997,1.98905
est,1998,2.28691
est,1999,2.42929
est,2000,2.79209
est,2001,2.91119
est,2002,3.41552
est,2003,3.45882
est,2004,3.73452
est,2005,4.32563
est,2006,5.12535
est,2007,5.23167
est,2008,5.55449
est,2009,5.61205
est,2010,5.11912
est,2011,5.81735
est,2012,6.28656
est,2013,6.01979
est,2014,6.40238
est,2015,7.12156
eth,1990,0.86574
eth,1991,0.80358
eth,1992,0.73276
eth,1993,0.81464
eth,1994,0.8265
eth,1995,0.86356
eth,1996,0.95607
eth,1997,0.97511
eth,1998,0.92366
eth,1999,0.95821
eth,2000,1.00815
eth,2001,1.07594
eth,2002,1.07723
eth,2003,1.04162
eth,2004,1.17953
eth,2005,1.32747
eth,2006,1.47211
eth,2007,1.63397
eth,2008,1.79095
eth,2009,1.90742
eth,2010,2.11343
eth,2011,2.31979
eth,2012,2.48987
eth,2013,2.62721
eth,2014,3.10336
fin,1990,3.18625
fin,1991,3.05605
fin,1992,3.2075
fin,1993,3.10584
fin,1994,3.08836
fin,1995,3.45376
fin,1996,3.30466
fin,1997,3.47016
fin,1998,3.72957
fin,1999,3.94048
fin,2000,4.276
fin,2001,4.33671
fin,2002,4.24997
fin,2003,4.10432
fin,2004,4.3728
fin,2005,4.88382
fin,2006,4.8437
fin,2007,5.42579
fin,2008,6.00992
fin,2009,6.05725
fin,2010,5.70388
fin,2011,6.24782
fin,2012,6.49149
fin,2013,6.75675
fin,2014,6.68674
fin,2015,7.13441
fji,1990,10.698
fji,2004,8.64355
fji,2005,10.3437
fji,2006,11.22934
fji,2007,12.19928
fra,1990,4.54405
fra,1991,4.49567
fra,1992,4.75182
fra,1993,4.76519
fra,1994,5.18043
fra,1995,5.1961
fra,1996,5.07191
fra,1997,5.4791
fra,1998,5.60332
fra,1999,5.87021
fra,2000,6.28815
fra,2001,6.44202
fra,2002,6.71009
fra,2003,6.56292
fra,2004,6.72435
fra,2005,7.0984
fra,2006,7.74222
fra,2007,8.27787
fra,2008,8.52758
fra,2009,8.85831
fra,2010,8.94005
fra,2011,9.75008
fra,2012,9.81839
fra,2013,10.32543
fra,2014,10.9913
fra,2015,11.08232
gab,1990,9.95223
gab,1991,10.57275
gab,1992,9.80357
gab,1993,9.85964
gab,1994,11.78227
gab,1995,11.51531
gab,1996,11.66941
gab,1997,12.39883
gab,1998,12.19696
gab,1999,11.57272
gab,2000,11.55861
gab,2001,11.24512
gab,2002,9.43662
gab,2003,8.36929
gab,2004,7.45649
gab,2005,6.83508
gab,2006,6.08822
gab,2007,5.95149
gab,2008,5.33731
gab,2009,4.91529
gab,2010,4.74287
gab,2011,6.43775
gab,2012,7.44556
gab,2013,5.23836
gab,2014,5.79004
gbr,1990,4.74123
gbr,1991,4.68799
gbr,1992,4.83133
gbr,1993,5.01809
gbr,1994,5.28133
gbr,1995,5.51924
gbr,1996,5.6545
gbr,1997,6.1332
gbr,1998,6.25482
gbr,1999,6.47279
gbr,2000,7.00781
gbr,2001,7.37545
gbr,2002,7.89205
gbr,2003,8.12452
gbr,2004,8.67659
gbr,2005,8.87763
gbr,2006,9.65175
gbr,2007,10.32162
gbr,2008,10.92951
gbr,2009,11.13412
gbr,2010,11.29434
gbr,2011,12.52438
gbr,2012,12.601
gbr,2013,13.3729
gbr,2014,14.86262
gbr,2015,15.37638
geo,1990,2.25725
geo,1991,2.27345
geo,1992,1.48763
geo,1993,1.22608
geo,1994,1.8212
geo,1995,2.39894
geo,1996,2.70148
geo,1997,3.46065
geo,1998,3.90291
geo,1999,4.44752
geo,2000,4.49211
geo,2001,5.37361
geo,2002,5.81573
geo,2003,6.19347
geo,2004,6.54642
geo,2005,7.24288
geo,2006,7.65499
geo,2007,8.03043
geo,2008,9.32302
geo,2009,8.77247
geo,2010,9.35283
geo,2011,9.07624
geo,2012,10.12335
geo,2013,10.29946
geo,2014,9.97286
gha,1990,4.59902
gha,1991,4.83739
gha,1992,4.96232
gha,1993,5.08331
gha,1994,5.15419
gha,1995,5.23432
gha,1996,5.38932
gha,1997,5.46609
gha,1998,5.47544
gha,1999,5.58189
gha,2000,7.24358
gha,2001,7.65383
gha,2002,8.17192
gha,2003,9.2651
gha,2004,10.05294
gha,2005,11.07684
gha,2006,11.40377
gha,2007,12.22087
gha,2008,13.59521
gha,2009,13.24224
gha,2010,13.26028
gha,2011,14.45972
gha,2012,15.41409
gha,2013,15.95145
gha,2014,17.12555
gmb,1990,24.05528
gmb,2004,29.70353
gmb,2005,29.91442
gmb,2006,29.05163
gmb,2007,26.35438
gnb,1990,10.75108
gnb,2004,17.3457
gnb,2005,18.84397
gnb,2006,19.27829
gnb,2007,19.23863
gnq,2004,22.8572
gnq,2005,16.79096
gnq,2006,15.49192
gnq,2007,15.67364
grc,1990,6.2385
grc,1991,6.59534
grc,1992,6.62952
grc,1993,6.76317
grc,1994,6.85486
grc,1995,7.08281
grc,1996,7.14949
grc,1997,7.28553
grc,1998,7.29453
grc,1999,7.42987
grc,2000,7.5064
grc,2001,7.87634
grc,2002,8.46319
grc,2003,8.72153
grc,2004,9.157
grc,2005,9.08222
grc,2006,10.23912
grc,2007,10.56655
grc,2008,11.08761
grc,2009,11.3025
grc,2010,11.21701
grc,2011,10.67073
grc,2012,10.22914
grc,2013,12.09152
grc,2014,12.4536
grc,2015,12.19706
grd,1990,10.71468
grd,2004,12.71371
grd,2005,13.91309
grd,2006,13.42915
grd,2007,14.63759
gtm,1990,6.81206
gtm,1991,7.09952
gtm,1992,7.21755
gtm,1993,7.70427
gtm,1994,7.76826
gtm,1995,7.86104
gtm,1996,8.01845
gtm,1997,8.13545
gtm,1998,7.94285
gtm,1999,7.61527
gtm,2000,7.83353
gtm,2001,8.02849
gtm,2002,8.3983
gtm,2003,8.44933
gtm,2004,8.68912
gtm,2005,9.20559
gtm,2006,9.84338
gtm,2007,10.00583
gtm,2008,10.99211
gtm,2009,9.68136
gtm,2010,9.25971
gtm,2011,9.20702
gtm,2012,9.89181
gtm,2013,9.83659
gtm,2014,9.77186
guy,1990,5.93031
guy,2004,10.62104
guy,2005,10.39319
guy,2006,11.15064
guy,2007,12.27633
hkg,1990,12.08221
hkg,1991,12.72759
hkg,1992,11.63957
hkg,1993,12.76411
hkg,1994,13.69153
hkg,1995,14.36902
hkg,1996,15.47854
hkg,1997,17.20498
hkg,1998,12.54225
hkg,1999,10.6345
hkg,2000,13.84198
hkg,2001,13.65555
hkg,2002,15.19096
hkg,2003,15.51783
hkg,2004,18.44209
hkg,2005,20.64504
hkg,2006,21.59722
hkg,2007,21.98469
hkg,2008,23.3416
hkg,2009,21.76246
hkg,2010,25.27303
hkg,2011,25.04656
hkg,2012,26.14392
hkg,2013,27.53173
hkg,2014,27.66575
hnd,1990,4.26911
hnd,1991,4.22995
hnd,1992,4.40021
hnd,1993,4.69358
hnd,1994,4.62766
hnd,1995,4.71895
hnd,1996,4.87557
hnd,1997,4.74913
hnd,1998,4.63361
hnd,1999,5.30553
hnd,2000,5.69029
hnd,2001,5.54205
hnd,2002,5.61245
hnd,2003,5.50448
hnd,2004,5.57105
hnd,2005,5.8298
hnd,2006,6.59086
hnd,2007,6.12136
hnd,2008,6.55688
hnd,2009,6.71787
hnd,2010,6.88755
hnd,2011,6.58356
hnd,2012,6.83042
hnd,2013,7.07335
hnd,2014,7.54873
hrv,1990,4.80469
hrv,1991,4.54089
hrv,1992,4.47893
hrv,1993,4.08023
hrv,1994,4.50029
hrv,1995,4.75515
hrv,1996,4.97084
hrv,1997,5.06586
hrv,1998,5.08313
hrv,1999,5.15064
hrv,2000,5.68639
hrv,2001,5.75646
hrv,2002,6.13695
hrv,2003,6.13363
hrv,2004,6.58393
hrv,2005,6.83217
hrv,2006,7.84336
hrv,2007,8.36913
hrv,2008,9.21892
hrv,2009,9.22003
hrv,2010,9.21722
hrv,2011,9.90254
hrv,2012,10.68106
hrv,2013,11.24949
hrv,2014,11.86143
hti,1990,9.67338
hti,1991,10.20221
hti,1992,9.5148
hti,1993,9.53274
hti,1994,9.33288
hti,1995,8.8838
hti,1996,8.20731
hti,1997,8.13764
hti,1998,8.40239
hti,1999,8.63726
hti,2000,9.20439
hti,2001,9.18003
hti,2002,8.37953
hti,2003,9.20606
hti,2004,9.04446
hti,2005,6.45771
hti,2006,6.57946
hti,2007,6.75299
hti,2008,6.97628
hti,2009,7.32669
hti,2010,6.95865
hti,2011,7.21107
hti,2012,6.99843
hti,2013,7.58924
hti,2014,7.68271
hun,1990,3.29182
hun,1991,3.14789
hun,1992,3.40533
hun,1993,3.38844
hun,1994,3.67849
hun,1995,3.6699
hun,1996,3.63354
hun,1997,3.88676
hun,1998,4.15555
hun,1999,4.36552
hun,2000,4.84232
hun,2001,5.25807
hun,2002,5.76409
hun,2003,5.99917
hun,2004,6.30767
hun,2005,6.26441
hun,2006,6.77548
hun,2007,7.18524
hun,2008,7.85904
hun,2009,8.36207
hun,2010,8.46218
hun,2011,9.21059
hun,2012,9.83594
hun,2013,10.80482
hun,2014,11.10027
hun,2015,11.01882
idn,1990,5.66222
idn,1991,5.96608
idn,1992,6.23412
idn,1993,6.18773
idn,1994,6.78738
idn,1995,6.79938
idn,1996,7.20389
idn,1997,7.42306
idn,1998,6.66691
idn,1999,6.50552
idn,2000,6.4398
idn,2001,6.66805
idn,2002,6.82303
idn,2003,7.2697
idn,2004,7.35507
idn,2005,7.87802
idn,2006,8.37082
idn,2007,9.18641
idn,2008,9.7339
idn,2009,9.47971
idn,2010,9.7003
idn,2011,10.91189
idn,2012,11.36084
idn,2013,11.60493
idn,2014,11.55373
ind,1990,3.42913
ind,1991,3.43861
ind,1992,3.57901
ind,1993,3.74819
ind,1994,3.93216
ind,1995,4.08406
ind,1996,4.33998
ind,1997,4.41833
ind,1998,4.6331
ind,1999,4.83561
ind,2000,5.01698
ind,2001,5.30143
ind,2002,5.42642
ind,2003,5.82891
ind,2004,6.13364
ind,2005,6.56983
ind,2006,6.95299
ind,2007,7.27727
ind,2008,7.28795
ind,2009,7.18193
ind,2010,7.54525
ind,2011,7.77459
ind,2012,8.126
ind,2013,8.37417
ind,2014,8.26052
irl,1990,4.86941
irl,1991,5.0884
irl,1992,5.44308
irl,1993,5.61572
irl,1994,5.7792
irl,1995,6.41331
irl,1996,6.55725
irl,1997,6.95196
irl,1998,7.34216
irl,1999,7.62934
irl,2000,8.32963
irl,2001,8.77253
irl,2002,9.62003
irl,2003,10.32266
irl,2004,10.88631
irl,2005,11.54976
irl,2006,12.91765
irl,2007,13.69545
irl,2008,13.40942
irl,2009,13.16685
irl,2010,13.71096
irl,2011,15.88822
irl,2012,16.37755
irl,2013,17.34958
irl,2014,19.20093
irl,2015,25.39383
irn,1990,6.11043
irn,1991,6.42303
irn,1992,6.44661
irn,1993,6.03927
irn,1994,5.46165
irn,1995,5.45578
irn,1996,6.12544
irn,1997,5.64292
irn,1998,5.7198
irn,1999,5.21593
irn,2000,5.79269
irn,2001,5.58993
irn,2002,5.93184
irn,2003,6.35903
irn,2004,6.24751
irn,2005,5.99116
irn,2006,6.20461
irn,2007,6.51427
irn,2008,6.21141
irn,2009,6.3248
irn,2010,6.77099
irn,2011,6.95624
irn,2012,5.97807
irn,2013,5.65977
irn,2014,5.29702
irq,1991,2.99989
irq,1992,2.73812
irq,1993,2.80583
irq,1994,2.62678
irq,1995,2.85105
irq,1996,3.21932
irq,1997,3.33683
irq,1998,6.38523
irq,1999,9.85262
irq,2000,9.99788
irq,2001,9.30579
irq,2002,9.12283
irq,2003,6.41308
irq,2004,9.81532
irq,2005,10.16449
irq,2006,11.73076
irq,2007,12.06445
irq,2008,12.28654
irq,2009,10.66344
irq,2010,10.08565
irq,2011,10.11841
irq,2012,10.56829
irq,2013,10.4857
irq,2014,9.72698
isl,1990,2.46643
isl,1991,2.78129
isl,1992,2.81901
isl,1993,2.72079
isl,1994,2.83923
isl,1995,2.89961
isl,1996,2.79924
isl,1997,3.12999
isl,1998,3.17827
isl,1999,2.94447
isl,2000,2.68519
isl,2001,3.01105
isl,2002,3.01788
isl,2003,3.04725
isl,2004,3.3843
isl,2005,3.54614
isl,2006,3.11764
isl,2007,2.81248
isl,2008,2.67388
isl,2009,2.47548
isl,2010,2.33614
isl,2011,2.25453
isl,2012,2.38255
isl,2013,2.44303
isl,2014,2.56735
isl,2015,2.81564
isr,1990,6.36818
isr,1991,7.06853
isr,1992,6.77824
isr,1993,6.89166
isr,1994,7.08928
isr,1995,7.35726
isr,1996,7.71316
isr,1997,7.7196
isr,1998,7.92747
isr,1999,8.53513
isr,2000,8.87379
isr,2001,8.65792
isr,2002,9.09729
isr,2003,8.36156
isr,2004,9.2287
isr,2005,9.62949
isr,2006,9.13687
isr,2007,9.72071
isr,2008,8.94742
isr,2009,9.73326
isr,2010,9.6507
isr,2011,10.48041
isr,2012,10.56184
isr,2013,12.10024
isr,2014,12.56606
isr,2015,12.8806
ita,1990,7.22472
ita,1991,7.40172
ita,1992,7.6816
ita,1993,7.83764
ita,1994,8.28183
ita,1995,8.01294
ita,1996,8.25855
ita,1997,8.44311
ita,1998,8.60766
ita,1999,8.675
ita,2000,9.01214
ita,2001,9.31546
ita,2002,9.49821
ita,2003,9.24618
ita,2004,9.35606
ita,2005,9.40697
ita,2006,10.2662
ita,2007,10.88856
ita,2008,11.54755
ita,2009,12.10912
ita,2010,12.04461
ita,2011,13.007
ita,2012,13.53787
ita,2013,14.15262
ita,2014,15.0687
ita,2015,14.94345
jam,1990,4.13753
jam,1991,4.46763
jam,1992,4.42593
jam,1993,4.94277
jam,1994,5.02012
jam,1995,4.92864
jam,1996,4.7568
jam,1997,4.784
jam,1998,4.54621
jam,1999,4.53233
jam,2000,4.42027
jam,2001,4.56631
jam,2002,5.07213
jam,2003,5.14675
jam,2004,5.29428
jam,2005,5.57651
jam,2006,5.27919
jam,2007,5.46883
jam,2008,6.57107
jam,2009,7.37322
jam,2010,8.30578
jam,2011,8.0843
jam,2012,8.38219
jam,2013,8.34784
jam,2014,8.68663
jor,1990,4.77598
jor,1991,4.85379
jor,1992,5.05309
jor,1993,5.45637
jor,1994,5.45647
jor,1995,5.55306
jor,1996,5.6264
jor,1997,5.78775
jor,1998,5.83044
jor,1999,6.13248
jor,2000,6.24495
jor,2001,6.78974
jor,2002,6.94424
jor,2003,7.21428
jor,2004,6.69157
jor,2005,6.9513
jor,2006,7.54527
jor,2007,7.97007
jor,2008,8.88268
jor,2009,8.89687
jor,2010,9.67353
jor,2011,10.19697
jor,2012,9.41262
jor,2013,10.15249
jor,2014,9.82898
jpn,1990,5.60465
jpn,1991,5.93946
jpn,1992,5.9892
jpn,1993,6.06367
jpn,1994,5.93698
jpn,1995,6.06336
jpn,1996,6.23692
jpn,1997,6.33977
jpn,1998,6.44901
jpn,1999,6.41599
jpn,2000,6.68178
jpn,2001,6.97118
jpn,2002,7.17028
jpn,2003,7.43508
jpn,2004,7.55985
jpn,2005,7.9178
jpn,2006,8.29689
jpn,2007,8.72639
jpn,2008,9.142
jpn,2009,9.1198
jpn,2010,9.07602
jpn,2011,10.02944
jpn,2012,10.63108
jpn,2013,11.04432
jpn,2014,11.39675
jpn,2015,11.93114
kaz,1990,1.83902
kaz,1991,1.65826
kaz,1992,1.52677
kaz,1993,1.70508
kaz,1994,1.71802
kaz,1995,1.7919
kaz,1996,2.11245
kaz,1997,2.50956
kaz,1998,2.4995
kaz,1999,2.85086
kaz,2000,3.2229
kaz,2001,3.86384
kaz,2002,3.74486
kaz,2003,3.84792
kaz,2004,3.67531
kaz,2005,4.15101
kaz,2006,3.92336
kaz,2007,4.07897
kaz,2008,4.06268
kaz,2009,4.55304
kaz,2010,4.54088
kaz,2011,4.44878
kaz,2012,5.00604
kaz,2013,5.1144
kaz,2014,5.56749
ken,1990,3.69566
ken,1991,3.80418
ken,1992,3.7608
ken,1993,3.76952
ken,1994,3.90833
ken,1995,3.97609
ken,1996,4.06816
ken,1997,4.10901
ken,1998,4.1373
ken,1999,4.20041
ken,2000,4.17396
ken,2001,4.36978
ken,2002,4.40336
ken,2003,4.52286
ken,2004,4.64322
ken,2005,4.89599
ken,2006,5.15388
ken,2007,5.53543
ken,2008,5.46271
ken,2009,5.36199
ken,2010,5.61526
ken,2011,5.90195
ken,2012,6.19574
ken,2013,6.55093
ken,2014,6.54714
kgz,1990,1.4921
kgz,1991,1.56622
kgz,1992,1.88142
kgz,1993,2.09484
kgz,1994,2.3683
kgz,1995,2.68015
kgz,1996,2.52716
kgz,1997,3.00426
kgz,1998,2.91416
kgz,1999,3.50579
kgz,2000,3.93311
kgz,2001,4.55669
kgz,2002,4.11763
kgz,2003,4.2214
kgz,2004,4.70694
kgz,2005,4.78517
kgz,2006,5.16744
kgz,2007,4.94077
kgz,2008,5.10401
kgz,2009,5.78665
kgz,2010,6.10688
kgz,2011,5.493
kgz,2012,4.90677
kgz,2013,5.85415
kgz,2014,6.57927
khm,1995,3.55255
khm,1996,3.66278
khm,1997,3.81347
khm,1998,3.5461
khm,1999,4.04817
khm,2000,4.58573
khm,2001,5.00938
khm,2002,4.64225
khm,2003,5.06801
khm,2004,6.91597
khm,2005,7.972
khm,2006,9.13458
khm,2007,10.21256
khm,2008,11.1536
khm,2009,8.0199
khm,2010,8.17768
khm,2011,8.55953
khm,2012,9.27197
khm,2013,9.89688
khm,2014,9.9577
kir,1990,12.5399
kir,2004,18.96284
kir,2005,19.81017
kir,2006,17.28064
kir,2007,16.62823
kna,1990,16.8151
kna,2004,10.52805
kna,2005,11.46249
kna,2006,12.18822
kna,2007,11.9867
kor,1990,3.85511
kor,1991,4.10755
kor,1992,4.01874
kor,1993,3.91968
kor,1994,4.11953
kor,1995,4.20624
kor,1996,4.25317
kor,1997,4.21928
kor,1998,4.43347
kor,1999,4.53181
kor,2000,4.63162
kor,2001,4.89037
kor,2002,5.13055
kor,2003,5.21931
kor,2004,5.48711
kor,2005,5.77122
kor,2006,6.09271
kor,2007,6.36692
kor,2008,6.46815
kor,2009,6.34621
kor,2010,6.2901
kor,2011,6.23909
kor,2012,6.39364
kor,2013,6.54557
kor,2014,6.67851
kor,2015,7.0026
kos,2008,5.16435
kos,2009,4.9667
kos,2010,5.14721
kos,2011,5.51239
kos,2012,6.0269
kos,2013,6.23953
kos,2014,6.72548
kwt,1990,5.68988
kwt,1991,11.74386
kwt,1992,6.69856
kwt,1993,6.59119
kwt,1994,6.2226
kwt,1995,6.49818
kwt,1996,6.76921
kwt,1997,6.98541
kwt,1998,6.40922
kwt,1999,5.94805
kwt,2000,6.13066
kwt,2001,5.88618
kwt,2002,5.98793
kwt,2003,6.71993
kwt,2004,7.12937
kwt,2005,7.23148
kwt,2006,8.20785
kwt,2007,8.73065
kwt,2008,8.34177
kwt,2009,7.12974
kwt,2010,6.89877
kwt,2011,7.64662
kwt,2012,7.36557
kwt,2013,7.71299
kwt,2014,7.39442
lbn,1990,5.50223
lbn,1991,6.86842
lbn,1992,8.07208
lbn,1993,6.38971
lbn,1994,6.43917
lbn,1995,6.10434
lbn,1996,6.56005
lbn,1997,5.97163
lbn,1998,6.37084
lbn,1999,6.14287
lbn,2000,7.00341
lbn,2001,6.93639
lbn,2002,7.33215
lbn,2003,7.71001
lbn,2004,8.35911
lbn,2005,9.28243
lbn,2006,10.21966
lbn,2007,13.01934
lbn,2008,11.2606
lbn,2009,10.20187
lbn,2010,11.62123
lbn,2011,12.02418
lbn,2012,11.7705
lbn,2013,13.25168
lbn,2014,13.67021
lby,1990,6.83556
lby,1991,8.05636
lby,1992,8.05698
lby,1993,7.64761
lby,1994,7.05148
lby,1995,6.64899
lby,1996,6.51
lby,1997,6.85423
lby,1998,6.60492
lby,1999,6.83905
lby,2000,6.91028
lby,2001,6.73718
lby,2002,6.51573
lby,2003,7.29843
lby,2004,7.61565
lby,2005,8.86843
lby,2006,9.62987
lby,2007,11.29995
lby,2008,10.79469
lby,2009,9.57615
lby,2010,9.45227
lby,2011,7.27524
lby,2012,9.61069
lby,2013,6.86836
lby,2014,6.29805
lca,1990,17.13569
lca,2004,14.52187
lca,2005,14.55195
lca,2006,16.4655
lca,2007,15.98846
lka,1990,7.49248
lka,1991,7.9815
lka,1992,8.30568
lka,1993,8.62138
lka,1994,9.68314
lka,1995,10.10319
lka,1996,9.54292
lka,1997,9.96708
lka,1998,10.38058
lka,1999,10.28254
lka,2000,10.12051
lka,2001,10.53908
lka,2002,10.92598
lka,2003,11.14522
lka,2004,11.90887
lka,2005,12.75514
lka,2006,14.02911
lka,2007,15.09296
lka,2008,16.55991
lka,2009,17.38239
lka,2010,17.64765
lka,2011,18.23207
lka,2012,19.27828
lka,2013,23.08808
lka,2014,22.73588
lso,2004,109.87276
lso,2005,99.48103
lso,2006,185.64545
lso,2007,198.66038
ltu,1990,2.05951
ltu,1991,1.8927
ltu,1992,2.35763
ltu,1993,2.44743
ltu,1994,2.52884
ltu,1995,2.48517
ltu,1996,2.4596
ltu,1997,2.85216
ltu,1998,2.96089
ltu,1999,3.47695
ltu,2000,4.15482
ltu,2001,3.96557
ltu,2002,4.07763
ltu,2003,4.461
ltu,2004,4.71267
ltu,2005,5.45095
ltu,2006,6.16913
ltu,2007,6.52969
ltu,2008,6.96785
ltu,2009,6.55674
ltu,2010,8.71267
ltu,2011,9.41005
ltu,2012,9.9547
ltu,2013,11.28526
ltu,2014,11.75083
lux,1990,3.37263
lux,1991,3.54613
lux,1992,3.68015
lux,1993,3.87126
lux,1994,4.25311
lux,1995,4.9731
lux,1996,5.14934
lux,1997,5.7326
lux,1998,6.26403
lux,1999,6.85907
lux,2000,7.1806
lux,2001,7.0328
lux,2002,7.13926
lux,2003,7.04133
lux,2004,6.8916
lux,2005,7.2955
lux,2006,8.60125
lux,2007,9.70255
lux,2008,10.56296
lux,2009,10.92508
lux,2010,10.84655
lux,2011,11.7267
lux,2012,12.51412
lux,2013,13.80236
lux,2014,15.34684
lux,2015,16.47555
lva,1990,2.52534
lva,1991,2.42218
lva,1992,2.03809
lva,1993,2.29374
lva,1994,2.64611
lva,1995,2.88797
lva,1996,3.06313
lva,1997,3.46387
lva,1998,3.82959
lva,1999,4.32703
lva,2000,4.84466
lva,2001,5.03743
lva,2002,5.53311
lva,2003,5.59047
lva,2004,5.99729
lva,2005,6.59751
lva,2006,7.10818
lva,2007,7.92776
lva,2008,8.84687
lva,2009,8.05493
lva,2010,8.07178
lva,2011,9.00918
lva,2012,9.44171
lva,2013,10.13381
lva,2014,10.55367
mar,1990,8.94997
mar,1991,9.44007
mar,1992,8.92398
mar,1993,8.73786
mar,1994,9.21563
mar,1995,8.98313
mar,1996,9.78087
mar,1997,9.50166
mar,1998,10.11007
mar,1999,9.80731
mar,2000,10.23511
mar,2001,10.6348
mar,2002,11.02182
mar,2003,11.98571
mar,2004,10.84868
mar,2005,10.90786
mar,2006,11.91849
mar,2007,12.27737
mar,2008,12.73697
mar,2009,13.2004
mar,2010,13.18226
mar,2011,13.17627
mar,2012,13.23206
mar,2013,13.77943
mar,2014,13.22183
mda,1990,2.07544
mda,1991,2.16094
mda,1992,1.88859
mda,1993,2.14489
mda,1994,1.81324
mda,1995,1.96915
mda,1996,2.196
mda,1997,2.37876
mda,1998,2.43529
mda,1999,2.73707
mda,2000,3.08875
mda,2001,3.16526
mda,2002,3.41643
mda,2003,3.42151
mda,2004,3.75485
mda,2005,4.01969
mda,2006,4.40146
mda,2007,4.78545
mda,2008,5.27762
mda,2009,5.25521
mda,2010,5.16037
mda,2011,5.66245
mda,2012,6.07545
mda,2013,7.66864
mda,2014,7.48147
mdv,1990,20.01062
mdv,2004,12.98211
mdv,2005,13.20719
mdv,2006,13.1471
mdv,2007,13.93302
mex,1990,5.74418
mex,1991,5.90326
mex,1992,6.22337
mex,1993,5.95235
mex,1994,6.20691
mex,1995,6.1594
mex,1996,6.5185
mex,1997,6.75502
mex,1998,7.05675
mex,1999,7.14705
mex,2000,7.69593
mex,2001,7.56656
mex,2002,7.6536
mex,2003,7.51536
mex,2004,7.90614
mex,2005,7.85473
mex,2006,8.53665
mex,2007,9.00836
mex,2008,9.63333
mex,2009,9.45906
mex,2010,10.34332
mex,2011,10.83716
mex,2012,10.97132
mex,2013,11.19397
mex,2014,11.99299
mex,2015,12.32862
mhl,2004,5.14321
mhl,2005,5.39948
mhl,2006,5.38993
mhl,2007,5.38139
mkd,1990,4.45406
mkd,1991,4.40903
mkd,1992,3.78682
mkd,1993,3.49388
mkd,1994,3.93011
mkd,1995,3.92619
mkd,1996,3.42279
mkd,1997,3.88397
mkd,1998,3.78571
mkd,1999,4.26081
mkd,2000,4.67341
mkd,2001,4.77926
mkd,2002,5.11187
mkd,2003,4.79208
mkd,2004,5.30795
mkd,2005,5.70828
mkd,2006,6.04622
mkd,2007,6.31796
mkd,2008,7.13024
mkd,2009,8.01951
mkd,2010,8.1068
mkd,2011,7.70965
mkd,2012,8.29327
mkd,2013,9.72739
mkd,2014,10.5896
mlt,1990,5.13792
mlt,1991,5.83651
mlt,1992,6.3204
mlt,1993,5.28372
mlt,1994,6.28756
mlt,1995,7.41856
mlt,1996,7.9793
mlt,1997,7.55184
mlt,1998,9.04594
mlt,1999,8.69523
mlt,2000,10.51598
mlt,2001,9.21239
mlt,2002,10.54695
mlt,2003,10.04848
mlt,2004,10.43688
mlt,2005,10.19072
mlt,2006,11.29745
mlt,2007,11.59839
mlt,2008,13.04309
mlt,2009,14.18394
mlt,2010,14.36771
mlt,2011,14.76226
mlt,2012,14.69397
mlt,2013,18.3274
mlt,2014,19.71285
mmr,1990,1.64462
mmr,1991,1.71779
mmr,1992,1.86869
mmr,1993,2.04492
mmr,1994,2.11172
mmr,1995,2.22932
mmr,1996,2.41179
mmr,1997,2.5387
mmr,1998,2.64605
mmr,1999,2.96687
mmr,2000,3.34596
mmr,2001,3.89821
mmr,2002,4.28995
mmr,2003,4.59174
mmr,2004,5.07551
mmr,2005,5.92484
mmr,2006,6.80976
mmr,2007,7.54943
mmr,2008,8.80056
mmr,2009,10.33246
mmr,2010,11.70663
mmr,2011,12.34941
mmr,2012,12.23964
mmr,2013,12.53738
mmr,2014,11.48701
mne,2005,4.76161
mne,2006,5.46556
mne,2007,6.46387
mne,2008,6.68123
mne,2009,7.90965
mne,2010,7.1821
mne,2011,7.97147
mne,2012,8.09904
mne,2013,9.40902
mne,2014,9.99253
mng,1990,2.14241
mng,1991,1.80648
mng,1992,1.91546
mng,1993,2.0301
mng,1994,2.4489
mng,1995,2.666
mng,1996,3.29513
mng,1997,3.55553
mng,1998,3.68616
mng,1999,3.84786
mng,2000,3.72676
mng,2001,3.8937
mng,2002,3.86765
mng,2003,4.32095
mng,2004,4.76686
mng,2005,4.57754
mng,2006,4.50235
mng,2007,4.86673
mng,2008,5.38154
mng,2009,5.14593
mng,2010,5.23189
mng,2011,5.72431
mng,2012,6.04022
mng,2013,5.75601
mng,2014,6.00924
moz,1990,0.65459
moz,1991,0.71338
moz,1992,0.66587
moz,1993,0.7417
moz,1994,0.79792
moz,1995,0.81424
moz,1996,0.90102
moz,1997,0.99524
moz,1998,1.09987
moz,1999,1.22312
moz,2000,1.19294
moz,2001,1.30835
moz,2002,1.43837
moz,2003,1.49123
moz,2004,1.59521
moz,2005,1.72557
moz,2006,1.89838
moz,2007,2.01251
moz,2008,2.15066
moz,2009,2.21059
moz,2010,2.30968
moz,2011,2.42788
moz,2012,2.48091
moz,2013,2.55237
moz,2014,2.58379
mus,1990,7.95712
mus,1991,8.43133
mus,1992,8.74304
mus,1993,9.00602
mus,1994,9.75035
mus,1995,9.7112
mus,1996,10.25834
mus,1997,10.73351
mus,1998,10.81784
mus,1999,10.75776
mus,2000,10.73716
mus,2001,10.80597
mus,2002,11.24603
mus,2003,11.58418
mus,2004,12.18925
mus,2005,12.37068
mus,2006,12.50666
mus,2007,13.50503
mus,2008,14.1786
mus,2009,15.1071
mus,2010,15.10643
mus,2011,16.02022
mus,2012,16.15491
mus,2013,16.65184
mus,2014,17.15872
mys,1990,5.62486
mys,1991,5.16313
mys,1992,5.21515
mys,1993,5.42567
mys,1994,6.08323
mys,1995,6.30461
mys,1996,6.38219
mys,1997,5.98674
mys,1998,5.90005
mys,1999,6.26933
mys,2000,6.12013
mys,2001,6.04433
mys,2002,6.25855
mys,2003,6.30165
mys,2004,6.42543
mys,2005,6.43508
mys,2006,6.96577
mys,2007,6.94507
mys,2008,7.09906
mys,2009,7.40368
mys,2010,7.88558
mys,2011,8.12713
mys,2012,8.62475
mys,2013,7.95909
mys,2014,8.31764
nam,1991,8.54339
nam,1992,8.80067
nam,1993,8.23667
nam,1994,7.94144
nam,1995,7.69255
nam,1996,7.52445
nam,1997,7.8037
nam,1998,7.81195
nam,1999,8.21755
nam,2000,9.14683
nam,2001,7.98125
nam,2002,9.17458
nam,2003,9.35764
nam,2004,10.28932
nam,2005,10.03835
nam,2006,11.06022
nam,2007,11.63183
nam,2008,11.42715
nam,2009,11.32747
nam,2010,11.70897
nam,2011,12.16451
nam,2012,12.48525
nam,2013,12.57922
nam,2014,13.27182
ner,2000,5.98761
ner,2001,6.37865
ner,2002,6.54606
ner,2003,6.53077
ner,2004,6.43656
ner,2005,7.04938
ner,2006,7.50613
ner,2007,7.60026
ner,2008,7.97069
ner,2009,7.71323
ner,2010,7.85303
ner,2011,9.44593
ner,2012,9.10421
ner,2013,7.34787
ner,2014,7.7317
nga,1990,2.94871
nga,1991,2.91941
nga,1992,3.00541
nga,1993,2.96637
nga,1994,3.04951
nga,1995,3.02775
nga,1996,3.08161
nga,1997,3.12111
nga,1998,3.21561
nga,1999,3.1668
nga,2000,3.2741
nga,2001,3.37731
nga,2002,3.83278
nga,2003,3.96997
nga,2004,4.33128
nga,2005,4.57457
nga,2006,4.96029
nga,2007,5.24548
nga,2008,5.54366
nga,2009,6.12333
nga,2010,6.21989
nga,2011,6.32053
nga,2012,6.24977
nga,2013,6.72009
nga,2014,7.24794
nic,1990,4.07897
nic,1991,3.96632
nic,1992,3.95131
nic,1993,4.09452
nic,1994,4.27602
nic,1995,4.49482
nic,1996,4.77959
nic,1997,4.8297
nic,1998,5.03726
nic,1999,5.39071
nic,2000,5.60062
nic,2001,5.84529
nic,2002,5.77066
nic,2003,5.8947
nic,2004,6.09633
nic,2005,6.45205
nic,2006,6.99253
nic,2007,7.42316
nic,2008,7.73964
nic,2009,7.48709
nic,2010,7.84529
nic,2011,8.22831
nic,2012,8.09351
nic,2013,8.00964
nic,2014,8.39396
nld,1990,4.36683
nld,1991,4.37983
nld,1992,4.62338
nld,1993,4.75071
nld,1994,4.96447
nld,1995,4.90852
nld,1996,4.89631
nld,1997,5.38811
nld,1998,5.72996
nld,1999,6.19764
nld,2000,6.72872
nld,2001,6.87328
nld,2002,7.0935
nld,2003,6.83031
nld,2004,7.07164
nld,2005,7.57165
nld,2006,8.36872
nld,2007,9.00508
nld,2008,9.63577
nld,2009,9.51604
nld,2010,9.0156
nld,2011,10.13741
nld,2012,10.25629
nld,2013,10.78697
nld,2014,11.5018
nld,2015,12.04106
nld_curacao,2000,1.39255
nld_curacao,2001,1.35678
nld_curacao,2002,1.4091
nld_curacao,2003,1.51106
nld_curacao,2004,1.47033
nld_curacao,2005,1.5865
nld_curacao,2006,1.68644
nld_curacao,2007,1.56414
nld_curacao,2008,1.70283
nld_curacao,2009,1.66258
nld_curacao,2010,1.89326
nld_curacao,2011,1.63417
nld_curacao,2012,1.87423
nld_curacao,2013,2.11654
nld_curacao,2014,1.92459
nor,1990,3.7143
nor,1991,3.83288
nor,1992,3.99431
nor,1993,3.95068
nor,1994,4.32945
nor,1995,4.51538
nor,1996,5.15495
nor,1997,5.22418
nor,1998,4.96033
nor,1999,5.17033
nor,2000,6.34844
nor,2001,6.35425
nor,2002,6.91791
nor,2003,6.52002
nor,2004,7.39652
nor,2005,8.26628
nor,2006,9.31973
nor,2007,9.58363
nor,2008,9.19227
nor,2009,8.57767
nor,2010,8.39554
nor,2011,11.05547
nor,2012,11.1366
nor,2013,10.50156
nor,2014,11.85428
nor,2015,10.4431
npl,1990,2.79776
npl,1991,2.98004
npl,1992,3.09764
npl,1993,3.20843
npl,1994,3.42469
npl,1995,3.50735
npl,1996,3.67353
npl,1997,3.80259
npl,1998,3.86102
npl,1999,3.87521
npl,2000,3.98677
npl,2001,4.13607
npl,2002,4.15927
npl,2003,4.28742
npl,2004,4.5434
npl,2005,4.69003
npl,2006,4.99768
npl,2007,5.20722
npl,2008,5.4412
npl,2009,5.55849
npl,2010,5.72842
npl,2011,5.84193
npl,2012,6.72094
npl,2013,6.5288
npl,2014,6.86784
nzl,1990,3.85834
nzl,1991,3.86854
nzl,1992,3.92216
nzl,1993,4.02338
nzl,1994,4.21956
nzl,1995,4.41212
nzl,1996,4.46395
nzl,1997,4.49129
nzl,1998,4.64103
nzl,1999,4.77709
nzl,2000,4.85317
nzl,2001,5.10957
nzl,2002,5.37335
nzl,2003,5.71455
nzl,2004,5.91952
nzl,2005,6.27021
nzl,2006,6.85493
nzl,2007,7.23974
nzl,2008,7.3057
nzl,2009,7.53282
nzl,2010,7.38778
nzl,2011,7.82905
nzl,2012,7.57017
nzl,2013,8.31209
nzl,2014,8.19187
nzl,2015,8.47402
omn,1990,11.24784
omn,1991,8.91159
omn,1992,10.57391
omn,1993,10.55825
omn,1994,11.00473
omn,1995,11.67847
omn,1996,11.92103
omn,1997,11.95531
omn,1998,11.99611
omn,1999,11.77317
omn,2000,11.89266
omn,2001,12.54121
omn,2002,12.01745
omn,2003,11.2496
omn,2004,11.50643
omn,2005,10.84517
omn,2006,7.51177
omn,2007,7.06195
omn,2008,8.86634
omn,2009,9.35709
omn,2010,8.20047
omn,2011,7.32274
omn,2012,7.49019
omn,2013,7.37671
omn,2014,7.27794
pak,1990,5.13162
pak,1991,5.43557
pak,1992,5.62158
pak,1993,5.57283
pak,1994,5.67152
pak,1995,5.81915
pak,1996,5.90346
pak,1997,5.90908
pak,1998,5.99805
pak,1999,5.97193
pak,2000,6.20166
pak,2001,6.46733
pak,2002,6.6634
pak,2003,6.85105
pak,2004,7.07628
pak,2005,7.55045
pak,2006,7.92357
pak,2007,8.06765
pak,2008,8.54082
pak,2009,8.76019
pak,2010,8.87152
pak,2011,9.2278
pak,2012,9.69807
pak,2013,9.9265
pak,2014,10.28092
pan,1990,8.46023
pan,1991,8.82816
pan,1992,8.57056
pan,1993,9.12083
pan,1994,9.09845
pan,1995,9.31548
pan,1996,8.36294
pan,1997,8.81515
pan,1998,8.33147
pan,1999,9.01888
pan,2000,9.48847
pan,2001,8.63926
pan,2002,9.89813
pan,2003,10.59593
pan,2004,11.93288
pan,2005,11.94893
pan,2006,12.66449
pan,2007,15.03699
pan,2008,16.84691
pan,2009,15.60648
pan,2010,15.65812
pan,2011,16.48187
pan,2012,18.10684
pan,2013,21.11466
pan,2014,22.51987
per,1990,7.61395
per,1991,8.20239
per,1992,8.5796
per,1993,8.65869
per,1994,9.58783
per,1995,9.84209
per,1996,10.00325
per,1997,11.19322
per,1998,10.71879
per,1999,10.35617
per,2000,10.90763
per,2001,11.62803
per,2002,12.37065
per,2003,13.40616
per,2004,13.06108
per,2005,13.50932
per,2006,15.42213
per,2007,15.8864
per,2008,16.84763
per,2009,16.34713
per,2010,15.13513
per,2011,16.13661
per,2012,15.54654
per,2013,16.52729
per,2014,14.58774
phl,1990,5.70979
phl,1991,5.8856
phl,1992,5.78185
phl,1993,6.05257
phl,1994,6.02104
phl,1995,6.13934
phl,1996,6.39938
phl,1997,6.50631
phl,1998,6.36261
phl,1999,6.49645
phl,2000,6.70127
phl,2001,7.37438
phl,2002,7.66254
phl,2003,8.19038
phl,2004,8.99188
phl,2005,9.71609
phl,2006,10.62593
phl,2007,11.60202
phl,2008,11.89065
phl,2009,12.74703
phl,2010,13.09046
phl,2011,13.78403
phl,2012,14.11398
phl,2013,14.52214
phl,2014,14.55895
plw,1990,1.99491
pol,1990,2.28451
pol,1991,2.24181
pol,1992,2.4089
pol,1993,2.49776
pol,1994,2.81842
pol,1995,2.99104
pol,1996,3.09959
pol,1997,3.39183
pol,1998,3.87021
pol,1999,4.20608
pol,2000,4.61947
pol,2001,4.78354
pol,2002,5.11678
pol,2003,5.19176
pol,2004,5.62927
pol,2005,5.77242
pol,2006,5.99458
pol,2007,6.66052
pol,2008,7.16335
pol,2009,7.82077
pol,2010,7.95127
pol,2011,8.59594
pol,2012,9.24506
pol,2013,9.52339
pol,2014,10.29339
pol,2015,10.8406
prt,1990,7.00308
prt,1991,7.47421
prt,1992,7.2624
prt,1993,7.38544
prt,1994,7.42406
prt,1995,7.14831
prt,1996,7.50763
prt,1997,7.57662
prt,1998,7.4493
prt,1999,7.41192
prt,2000,7.89886
prt,2001,8.16763
prt,2002,8.21664
prt,2003,8.68566
prt,2004,8.72049
prt,2005,9.02153
prt,2006,10.32603
prt,2007,10.71373
prt,2008,11.40896
prt,2009,11.48342
prt,2010,12.28054
prt,2011,12.38607
prt,2012,12.98483
prt,2013,13.58988
prt,2014,14.13829
prt,2015,13.89323
pry,1990,7.40337
pry,1991,7.6728
pry,1992,8.01367
pry,1993,8.29074
pry,1994,8.15946
pry,1995,8.12742
pry,1996,8.21485
pry,1997,8.01139
pry,1998,8.21301
pry,1999,8.60972
pry,2000,9.18822
pry,2001,9.15415
pry,2002,9.37487
pry,2003,9.77264
pry,2004,10.34413
pry,2005,11.01692
pry,2006,11.55068
pry,2007,12.06734
pry,2008,12.49851
pry,2009,12.38081
pry,2010,13.00082
pry,2011,13.64481
pry,2012,12.92725
pry,2013,14.69621
pry,2014,14.80712
qat,1990,3.75388
qat,1991,3.44887
qat,1992,3.75575
qat,1993,3.65629
qat,1994,3.77321
qat,1995,3.80719
qat,1996,3.81349
qat,1997,4.2862
qat,1998,4.59591
qat,1999,4.58325
qat,2000,5.24769
qat,2001,5.04496
qat,2002,4.85455
qat,2003,4.95962
qat,2004,5.14925
qat,2005,5.70836
qat,2006,6.31549
qat,2007,6.77326
qat,2008,7.90557
qat,2009,8.35844
qat,2010,8.87022
qat,2011,9.06654
qat,2012,8.18222
qat,2013,8.0376
qat,2014,7.24428
rou,1990,1.96661
rou,1991,2.14711
rou,1992,2.19781
rou,1993,2.34364
rou,1994,2.63757
rou,1995,2.64147
rou,1996,2.72234
rou,1997,2.79552
rou,1998,3.04053
rou,1999,3.46792
rou,2000,3.62335
rou,2001,3.91924
rou,2002,4.08079
rou,2003,4.12621
rou,2004,4.98515
rou,2005,5.30409
rou,2006,6.13229
rou,2007,7.19669
rou,2008,8.70006
rou,2009,9.71205
rou,2010,10.03224
rou,2011,10.5812
rou,2012,11.37234
rou,2013,12.32974
rou,2014,12.96314
rus,1990,1.35112
rus,1991,1.33859
rus,1992,1.28114
rus,1993,1.26872
rus,1994,1.29543
rus,1995,1.30825
rus,1996,1.29752
rus,1997,1.40059
rus,1998,1.37261
rus,1999,1.4297
rus,2000,1.61575
rus,2001,1.71658
rus,2002,1.87433
rus,2003,2.0744
rus,2004,2.27581
rus,2005,2.60352
rus,2006,3.18067
rus,2007,3.53477
rus,2008,4.18061
rus,2009,4.27912
rus,2010,4.25191
rus,2011,4.5151
rus,2012,4.70359
rus,2013,5.13404
rus,2014,5.29417
sau,1990,8.48576
sau,1991,8.15582
sau,1992,7.65714
sau,1993,7.57951
sau,1994,7.4273
sau,1995,7.56367
sau,1996,7.43314
sau,1997,8.13887
sau,1998,7.93957
sau,1999,7.85905
sau,2000,8.04931
sau,2001,8.04577
sau,2002,7.32667
sau,2003,8.03098
sau,2004,8.41818
sau,2005,8.99216
sau,2006,8.6424
sau,2007,8.78041
sau,2008,8.52277
sau,2009,7.96952
sau,2010,7.61201
sau,2011,8.9798
sau,2012,8.38069
sau,2013,8.75642
sau,2014,8.08082
sdn,1990,3.69562
sdn,1991,4.11549
sdn,1992,4.48918
sdn,1993,4.94818
sdn,1994,4.40395
sdn,1995,4.74816
sdn,1996,4.99941
sdn,1997,5.88972
sdn,1998,6.14332
sdn,1999,5.78555
sdn,2000,6.65624
sdn,2001,6.91963
sdn,2002,6.86181
sdn,2003,7.65075
sdn,2004,8.26341
sdn,2005,8.83815
sdn,2006,9.03589
sdn,2007,10.14736
sdn,2008,10.57067
sdn,2009,9.99734
sdn,2010,10.28559
sdn,2011,10.19204
sdn,2012,9.5667
sdn,2013,9.62131
sdn,2014,11.03651
sen,1990,6.92705
sen,1991,7.40795
sen,1992,7.22197
sen,1993,7.51928
sen,1994,7.7286
sen,1995,7.85851
sen,1996,7.97153
sen,1997,7.88042
sen,1998,7.99213
sen,1999,8.17119
sen,2000,8.16165
sen,2001,8.05397
sen,2002,8.06012
sen,2003,8.93308
sen,2004,8.97025
sen,2005,9.45879
sen,2006,9.95239
sen,2007,9.79699
sen,2008,9.92031
sen,2009,8.55162
sen,2010,8.78091
sen,2011,8.57641
sen,2012,9.14142
sen,2013,10.22756
sen,2014,10.20466
sgp,1990,6.29578
sgp,1991,6.12626
sgp,1992,5.88859
sgp,1993,5.47819
sgp,1994,5.11688
sgp,1995,6.56272
sgp,1996,6.87999
sgp,1997,6.75216
sgp,1998,7.3889
sgp,1999,8.70819
sgp,2000,9.44636
sgp,2001,8.37738
sgp,2002,8.89921
sgp,2003,7.84628
sgp,2004,7.37842
sgp,2005,11.63411
sgp,2006,12.16864
sgp,2007,14.71071
sgp,2008,13.29673
sgp,2009,15.55107
sgp,2010,15.06017
sgp,2011,15.79201
sgp,2012,16.76239
sgp,2013,17.02488
sgp,2014,16.50888
slb,1990,7.87238
slb,2004,12.73658
slb,2005,14.10245
slb,2006,14.88235
slb,2007,14.60425
slv,1990,6.24757
slv,1991,5.96216
slv,1992,6.25215
slv,1993,6.43404
slv,1994,6.49572
slv,1995,6.53224
slv,1996,7.0166
slv,1997,6.65184
slv,1998,6.71254
slv,1999,6.70241
slv,2000,6.62549
slv,2001,6.53241
slv,2002,6.6091
slv,2003,6.55725
slv,2004,6.84922
slv,2005,7.05022
slv,2006,7.22005
slv,2007,7.9836
slv,2008,8.27744
slv,2009,8.70453
slv,2010,8.92075
slv,2011,9.35797
slv,2012,9.7074
slv,2013,10.91559
slv,2014,11.37395
srb,1995,2.77719
srb,1996,2.49826
srb,1997,2.62631
srb,1998,2.8046
srb,1999,3.49469
srb,2000,3.51209
srb,2001,3.41119
srb,2002,3.56936
srb,2003,3.60825
srb,2004,3.59523
srb,2005,4.35161
srb,2006,4.54879
srb,2007,5.19796
srb,2008,5.73036
srb,2009,6.29458
srb,2010,6.22194
srb,2011,6.39256
srb,2012,7.18229
srb,2013,7.32933
srb,2014,8.22767
ssd,2012,23.67597
ssd,2013,31.60912
ssd,2014,22.02558
stp,1990,7.88768
stp,2004,9.00969
stp,2005,8.75487
stp,2006,9.60172
stp,2007,10.22097
sur,2000,5.69498
sur,2001,5.66651
sur,2002,8.46541
sur,2003,8.60149
sur,2004,8.74674
sur,2005,8.22758
sur,2006,9.44042
sur,2007,10.77204
sur,2008,10.82563
sur,2009,11.17376
sur,2010,9.9967
sur,2011,11.08731
sur,2012,10.95871
sur,2013,13.30023
sur,2014,13.83809
svk,1990,2.14494
svk,1991,2.11226
svk,1992,2.13022
svk,1993,2.26826
svk,1994,2.50652
svk,1995,2.65638
svk,1996,2.82263
svk,1997,3.0146
svk,1998,3.2752
svk,1999,3.2786
svk,2000,3.45245
svk,2001,3.57816
svk,2002,3.81524
svk,2003,4.06196
svk,2004,4.43994
svk,2005,4.72831
svk,2006,5.45062
svk,2007,6.39462
svk,2008,6.96309
svk,2009,7.42443
svk,2010,7.67644
svk,2011,8.15248
svk,2012,8.77156
svk,2013,8.96713
svk,2014,9.88998
svk,2015,10.03975
svn,1990,4.71794
svn,1991,4.56625
svn,1992,4.7546
svn,1993,4.77547
svn,1994,4.93858
svn,1995,4.46916
svn,1996,4.48997
svn,1997,4.60769
svn,1998,4.91499
svn,1999,5.24497
svn,2000,5.54767
svn,2001,5.55008
svn,2002,5.8416
svn,2003,6.03958
svn,2004,6.32584
svn,2005,6.49573
svn,2006,7.00922
svn,2007,7.56189
svn,2008,7.67888
svn,2009,7.78395
svn,2010,7.70661
svn,2011,8.04814
svn,2012,8.40724
svn,2013,8.89647
svn,2014,9.44677
svn,2015,9.87272
swe,1990,3.696
swe,1991,3.66126
swe,1992,3.87235
swe,1993,3.88525
swe,1994,3.85899
swe,1995,4.04563
swe,1996,4.11029
swe,1997,4.37429
swe,1998,4.48817
swe,1999,4.85675
swe,2000,5.52782
swe,2001,5.27249
swe,2002,5.34069
swe,2003,5.62639
swe,2004,5.78201
swe,2005,5.98803
swe,2006,6.81483
swe,2007,7.45857
swe,2008,7.78941
swe,2009,8.20633
swe,2010,7.72968
swe,2011,8.40484
swe,2012,8.57901
swe,2013,8.95714
swe,2014,9.43159
swe,2015,9.56049
swz,1990,8.99648
swz,2004,13.8609
swz,2005,15.4189
swz,2006,16.55635
swz,2007,17.04541
syc,1990,16.55843
syc,2004,4.56203
syc,2005,5.75865
syc,2006,6.09371
syc,2007,8.07748
tgo,1990,3.51422
tgo,1991,3.52233
tgo,1992,3.41741
tgo,1993,2.95632
tgo,1994,3.06997
tgo,1995,3.21155
tgo,1996,3.1744
tgo,1997,3.74748
tgo,1998,3.46376
tgo,1999,3.14872
tgo,2000,3.20163
tgo,2001,3.3085
tgo,2002,3.3688
tgo,2003,3.47161
tgo,2004,3.49327
tgo,2005,3.36991
tgo,2006,3.57336
tgo,2007,3.49389
tgo,2008,3.5536
tgo,2009,3.10006
tgo,2010,3.32185
tgo,2011,3.56726
tgo,2012,3.74094
tgo,2013,3.89702
tgo,2014,4.08146
tha,1990,5.8081
tha,1991,6.00262
tha,1992,6.22821
tha,1993,6.54094
tha,1994,6.52461
tha,1995,6.58584
tha,1996,6.33667
tha,1997,6.15377
tha,1998,6.13026
tha,1999,6.08963
tha,2000,6.35358
tha,2001,6.53043
tha,2002,6.36601
tha,2003,6.42345
tha,2004,6.48798
tha,2005,6.78078
tha,2006,7.19536
tha,2007,7.47519
tha,2008,7.54514
tha,2009,7.56726
tha,2010,7.52619
tha,2011,7.75517
tha,2012,8.04241
tha,2013,7.83075
tha,2014,8.0063
tjk,1990,2.62703
tjk,1991,2.64098
tjk,1992,2.34718
tjk,1993,2.56545
tjk,1994,2.68869
tjk,1995,2.68843
tjk,1996,2.36203
tjk,1997,2.4514
tjk,1998,2.48326
tjk,1999,2.62613
tjk,2000,3.03063
tjk,2001,3.44038
tjk,2002,3.85922
tjk,2003,4.28638
tjk,2004,4.48934
tjk,2005,4.94989
tjk,2006,5.29508
tjk,2007,5.48544
tjk,2008,6.34012
tjk,2009,7.62742
tjk,2010,8.05695
tjk,2011,8.8065
tjk,2012,9.14887
tjk,2013,9.21926
tjk,2014,9.4679
tkm,1990,1.14218
tkm,1991,1.29816
tkm,1992,1.65289
tkm,1993,1.69904
tkm,1994,1.13208
tkm,1995,1.04228
tkm,1996,1.29629
tkm,1997,1.16682
tkm,1998,1.20828
tkm,1999,1.2057
tkm,2000,1.2962
tkm,2001,1.35722
tkm,2002,1.3244
tkm,2003,1.25092
tkm,2004,1.29188
tkm,2005,1.44632
tkm,2006,1.61548
tkm,2007,1.61718
tkm,2008,1.86855
tkm,2009,2.27162
tkm,2010,2.20062
tkm,2011,2.36801
tkm,2012,2.51003
tkm,2013,2.65699
tkm,2014,2.8337
tls,2004,22.0872
tls,2005,23.45961
tls,2006,22.79466
tls,2007,24.96917
ton,1990,9.50269
ton,2004,7.80681
ton,2005,7.99864
ton,2006,8.06674
ton,2007,7.94178
tto,1990,1.43841
tto,1991,1.54279
tto,1992,1.58024
tto,1993,1.67903
tto,1994,1.76577
tto,1995,1.91642
tto,1996,1.76787
tto,1997,2.05126
tto,1998,1.9316
tto,1999,1.81237
tto,2000,1.87159
tto,2001,1.78509
tto,2002,1.79822
tto,2003,1.87642
tto,2004,1.98153
tto,2005,1.89047
tto,2006,1.97727
tto,2007,2.00016
tto,2008,2.171
tto,2009,2.066
tto,2010,2.02113
tto,2011,2.09042
tto,2012,2.22698
tto,2013,2.18264
tto,2014,2.21859
tun,1990,6.36031
tun,1991,6.89889
tun,1992,6.84057
tun,1993,7.35206
tun,1994,7.16858
tun,1995,7.39642
tun,1996,7.72057
tun,1997,8.02882
tun,1998,7.80548
tun,1999,8.12191
tun,2000,8.39237
tun,2001,8.43905
tun,2002,8.56961
tun,2003,8.90588
tun,2004,9.21608
tun,2005,10.0119
tun,2006,10.31914
tun,2007,10.95063
tun,2008,11.15561
tun,2009,11.90587
tun,2010,11.05221
tun,2011,11.57661
tun,2012,11.40773
tun,2013,11.41836
tun,2014,11.73684
tur,1990,8.71863
tur,1991,9.22787
tur,1992,9.69673
tur,1993,10.10982
tur,1994,9.88122
tur,1995,9.87243
tur,1996,9.88279
tur,1997,10.2569
tur,1998,7.78081
tur,1999,7.75742
tur,2000,8.01787
tur,2001,8.48393
tur,2002,8.25138
tur,2003,8.23202
tur,2004,9.11463
tur,2005,9.67923
tur,2006,10.14782
tur,2007,10.42995
tur,2008,11.54427
tur,2009,11.37567
tur,2010,11.89362
tur,2011,12.81088
tur,2012,13.11663
tur,2013,14.56907
tur,2014,15.30734
tur,2015,15.59942
tza,1990,2.41353
tza,1991,2.4957
tza,1992,2.53476
tza,1993,2.55679
tza,1994,2.60546
tza,1995,2.62948
tza,1996,2.7651
tza,1997,2.88417
tza,1998,2.84049
tza,1999,2.84158
tza,2000,2.8774
tza,2001,2.95518
tza,2002,3.05875
tza,2003,3.20085
tza,2004,3.33215
tza,2005,3.52723
tza,2006,3.73892
tza,2007,3.96008
tza,2008,4.12662
tza,2009,4.25141
tza,2010,4.35311
tza,2011,4.5253
tza,2012,4.13437
tza,2013,4.29453
tza,2014,4.37145
ukr,1990,1.56782
ukr,1991,1.47798
ukr,1992,1.5655
ukr,1993,1.55158
ukr,1994,1.43396
ukr,1995,1.3017
ukr,1996,1.30218
ukr,1997,1.34286
ukr,1998,1.40872
ukr,1999,1.4325
ukr,2000,1.56608
ukr,2001,1.73833
ukr,2002,1.83896
ukr,2003,1.92539
ukr,2004,2.22253
ukr,2005,2.37867
ukr,2006,2.74413
ukr,2007,3.00592
ukr,2008,3.24215
ukr,2009,3.25433
ukr,2010,2.96542
ukr,2011,3.33948
ukr,2012,3.60302
ukr,2013,4.33061
ukr,2014,4.33931
ury,1990,9.21612
ury,1991,9.09709
ury,1992,9.08712
ury,1993,10.23319
ury,1994,11.73833
ury,1995,11.04353
ury,1996,10.77069
ury,1997,11.70574
ury,1998,12.02045
ury,1999,10.99857
ury,2000,11.54548
ury,2001,12.94376
ury,2002,12.95759
ury,2003,13.39957
ury,2004,12.70574
ury,2005,13.66206
ury,2006,13.62179
ury,2007,14.9867
ury,2008,12.47852
ury,2009,13.16135
ury,2010,14.5121
ury,2011,14.40821
ury,2012,14.02216
ury,2013,15.01846
ury,2014,15.5728
usa,1990,3.11383
usa,1991,3.18972
usa,1992,3.31088
usa,1993,3.4227
usa,1994,3.56992
usa,1995,3.69549
usa,1996,3.82024
usa,1997,4.0185
usa,1998,4.21001
usa,1999,4.35623
usa,2000,4.5092
usa,2001,4.74376
usa,2002,4.84458
usa,2003,5.0666
usa,2004,5.29394
usa,2005,5.62332
usa,2006,6.01508
usa,2007,6.1935
usa,2008,6.48632
usa,2009,6.68788
usa,2010,6.79343
usa,2011,7.12181
usa,2012,7.53554
usa,2013,7.73427
usa,2014,7.94524
usa,2015,8.38334
uzb,1990,1.17607
uzb,1991,1.16676
uzb,1992,1.12555
uzb,1993,1.08213
uzb,1994,1.05899
uzb,1995,1.16789
uzb,1996,1.16963
uzb,1997,1.23062
uzb,1998,1.16783
uzb,1999,1.20295
uzb,2000,1.2885
uzb,2001,1.36394
uzb,2002,1.38279
uzb,2003,1.5202
uzb,2004,1.70171
uzb,2005,2.02518
uzb,2006,2.1958
uzb,2007,2.48611
uzb,2008,2.65112
uzb,2009,3.24579
uzb,2010,3.61626
uzb,2011,3.62174
uzb,2012,3.72816
uzb,2013,4.44012
vct,1990,15.04448
vct,2004,14.48385
vct,2005,15.08122
vct,2006,15.92117
vct,2007,16.89591
ven,1990,4.7566
ven,1991,5.1661
ven,1992,5.01005
ven,1993,5.52223
ven,1994,4.7516
ven,1995,5.37547
ven,1996,5.1254
ven,1997,5.57077
ven,1998,5.36588
ven,1999,5.36719
ven,2000,5.53803
ven,2001,5.65775
ven,2002,4.82495
ven,2003,4.93536
ven,2004,5.62729
ven,2005,6.41556
ven,2006,6.52243
ven,2007,7.87681
ven,2008,7.5576
ven,2009,7.3453
ven,2010,6.57934
ven,2011,7.53506
vnm,1990,4.43523
vnm,1991,4.79348
vnm,1992,5.10322
vnm,1993,5.20358
vnm,1994,5.78032
vnm,1995,6.06204
vnm,1996,6.39127
vnm,1997,6.52519
vnm,1998,6.54874
vnm,1999,6.76164
vnm,2000,7.0187
vnm,2001,7.14632
vnm,2002,7.071
vnm,2003,7.34159
vnm,2004,7.30474
vnm,2005,7.65375
vnm,2006,8.23678
vnm,2007,8.42274
vnm,2008,8.48353
vnm,2009,8.24584
vnm,2010,8.00033
vnm,2011,8.69339
vnm,2012,9.52475
vnm,2013,10.21448
vut,1990,10.60337
vut,2004,14.79367
vut,2005,16.06698
vut,2006,17.38429
vut,2007,16.26948
wsm,1990,8.39917
wsm,2004,13.29267
wsm,2005,14.36317
wsm,2006,15.12179
wsm,2007,15.33788
yem,1990,9.62794
yem,1991,8.69352
yem,1992,8.80919
yem,1993,10.83511
yem,1994,11.31176
yem,1995,10.78245
yem,1996,11.25219
yem,1997,11.33565
yem,1998,11.37317
yem,1999,10.60453
yem,2000,10.84655
yem,2001,10.37985
yem,2002,11.31007
yem,2003,10.76947
yem,2004,10.53476
yem,2005,10.77136
yem,2006,10.7006
yem,2007,11.60578
yem,2008,11.62709
yem,2009,10.95042
yem,2010,12.30752
yem,2011,12.98292
yem,2012,14.28259
yem,2013,11.22191
zaf,1990,2.85885
zaf,1991,2.80147
zaf,1992,3.0065
zaf,1993,2.90727
zaf,1994,2.96352
zaf,1995,2.95751
zaf,1996,3.07389
zaf,1997,3.12376
zaf,1998,3.19554
zaf,1999,3.27891
zaf,2000,3.50116
zaf,2001,3.57468
zaf,2002,3.83717
zaf,2003,3.76727
zaf,2004,3.7046
zaf,2005,4.02888
zaf,2006,4.4178
zaf,2007,4.46464
zaf,2008,4.3595
zaf,2009,4.40568
zaf,2010,4.6658
zaf,2011,4.93019
zaf,2012,5.01398
zaf,2013,5.23135
zaf,2014,5.05147
zmb,1990,2.17415
zmb,1991,2.18659
zmb,1992,2.16499
zmb,1993,2.3645
zmb,1994,2.19147
zmb,1995,2.26336
zmb,1996,2.46915
zmb,1997,2.50026
zmb,1998,2.49392
zmb,1999,2.64225
zmb,2000,2.73848
zmb,2001,2.85832
zmb,2002,2.93364
zmb,2003,3.09639
zmb,2004,3.3079
zmb,2005,3.54075
zmb,2006,3.85202
zmb,2007,4.28537
zmb,2008,4.54954
zmb,2009,4.88059
zmb,2010,5.2606
zmb,2011,5.36638
zmb,2012,5.43633
zmb,2013,5.56197
zwe,1990,1.95192
zwe,1991,2.00898
zwe,1992,1.81048
zwe,1993,1.95767
zwe,1994,2.1999
zwe,1995,2.20956
zwe,1996,2.49361
zwe,1997,2.63078
zwe,1998,2.67486
zwe,1999,2.52288
zwe,2000,2.64584
zwe,2001,2.75178
zwe,2002,2.59148
zwe,2003,2.29365
zwe,2004,2.27067
zwe,2005,2.10406
zwe,2006,2.04504
zwe,2007,2.06477
zwe,2008,1.86479
zwe,2009,2.0626
zwe,2010,2.44919
zwe,2011,2.64362
zwe,2012,2.9036
zwe,2013,3.0736
