geo,time,sl_tlf_acti_1524_ne_zs
abw,1991,48.01
abw,2007,44.73
afg,1979,48.34
afg,2008,54.865
afg,2012,38.773
afg,2014,48.459
afg,2017,39.265
afg,2020,33.956
afg,2021,39.275
ago,1960,47.8
ago,2004,47.238
ago,2009,42.361
ago,2010,57.24
ago,2011,74.99
ago,2014,26.099
ago,2019,54.388
ago,2021,54.555
alb,2002,50.16
alb,2007,30.153
alb,2008,33.069
alb,2009,34.629
alb,2010,33.635
alb,2011,44.102
alb,2012,36.214
alb,2013,27.569
alb,2014,28.958
alb,2015,31.299
alb,2016,31.648
alb,2017,31.615
alb,2018,35.686
alb,2019,36.592
and,2006,58.03
and,2007,52.85
and,2008,46.14
are,1975,65.86
are,2005,49.8
are,2008,44.77
are,2017,52.83
are,2018,54.623
are,2019,49.363
are,2020,39.839
are,2021,44.744
are,2022,42.048
arg,1960,58.42
arg,1970,55.1
arg,1977,52.6
arg,1978,52.04
arg,1979,51.47
arg,1980,51.36
arg,1983,57.45
arg,1985,54.22
arg,1987,53.93
arg,1989,53.84
arg,1990,54.2
arg,1991,48.08
arg,1992,52.7
arg,1993,53.1
arg,1994,54.1
arg,1995,52.26
arg,1996,55.7
arg,1997,53.1
arg,1998,50
arg,1999,49.4
arg,2004,47.274
arg,2005,45.26
arg,2006,45.504
arg,2007,44.6
arg,2008,42.552
arg,2009,42.386
arg,2010,41.054
arg,2011,40.917
arg,2012,40.522
arg,2013,40.101
arg,2014,38.603
arg,2017,38.956
arg,2018,39.406
arg,2019,39.004
arg,2020,33.099
arg,2021,37.006
arg,2022,38.024
arm,1997,27.25
arm,2007,21.551
arm,2008,33.259
arm,2011,40.25
arm,2012,38.096
arm,2013,39.393
arm,2014,37.574
arm,2015,39.471
arm,2016,34.652
arm,2017,35.118
arm,2018,41.086
arm,2019,43.764
arm,2020,37.907
arm,2021,34.481
asm,1960,39.36
asm,1974,27.9
asm,1980,23.28
asm,1990,30.77
atg,1970,62.71
atg,2001,51.01
aus,1961,70.14
aus,1966,69.84
aus,1971,63.98
aus,1976,64.68
aus,1979,70.474
aus,1980,72.175
aus,1981,69.36
aus,1982,71.753
aus,1983,71.29
aus,1984,71.02
aus,1985,71.217
aus,1986,64.36
aus,1987,71.295
aus,1988,71.038
aus,1989,72.094
aus,1990,72.104
aus,1991,64.76
aus,1992,69.386
aus,1993,68.725
aus,1994,70.576
aus,1995,71.64
aus,1996,71.664
aus,1997,70.06
aus,1998,69.87
aus,1999,69.924
aus,2000,70.182
aus,2001,70.671
aus,2002,69.976
aus,2003,70.222
aus,2004,70.14
aus,2005,70.81
aus,2006,70.802
aus,2007,70.76
aus,2008,70.747
aus,2009,69.1
aus,2010,68.425
aus,2011,68.139
aus,2012,67.52
aus,2013,66.823
aus,2014,66.563
aus,2015,67.264
aus,2016,66.786
aus,2017,66.894
aus,2018,67.85
aus,2019,68.115
aus,2020,66.236
aus,2021,68.575
aus,2022,71.546
aut,1961,80.31
aut,1971,70.59
aut,1980,59.11
aut,1981,68.55
aut,1982,60.78
aut,1983,61.57
aut,1984,64.42
aut,1985,63.42
aut,1986,64.09
aut,1987,65.68
aut,1988,64.44
aut,1989,63.58
aut,1990,63.21
aut,1991,67.12
aut,1992,64.36
aut,1993,61.71
aut,1994,62.252
aut,1995,61.743
aut,1996,59.619
aut,1997,58.412
aut,1998,58.549
aut,1999,58.367
aut,2000,56.075
aut,2001,61.18
aut,2002,55.743
aut,2003,54.706
aut,2004,55.74
aut,2005,56.965
aut,2006,56.83
aut,2007,58.376
aut,2008,58.605
aut,2009,58.475
aut,2010,57.216
aut,2011,58.005
aut,2012,58.152
aut,2013,57.742
aut,2014,57.075
aut,2015,56.495
aut,2016,56.66
aut,2017,54.936
aut,2018,55.813
aut,2019,55.479
aut,2020,55.557
aut,2021,55.699
aut,2022,56.612
aze,1999,51.37
aze,2006,44.01
aze,2007,39.5
aze,2008,36.05
aze,2009,35.39
aze,2010,33.36
bdi,1979,91.47
bdi,1986,78.16
bdi,1990,81.63
bdi,1998,70.68
bdi,2006,65.047
bdi,2008,49.76
bdi,2014,52.9
bdi,2020,56.406
bel,1961,57.16
bel,1970,55.1
bel,1981,22.19
bel,1983,43.869
bel,1984,42.24
bel,1985,42.325
bel,1986,42.715
bel,1987,41.504
bel,1988,37.675
bel,1989,35.994
bel,1990,35.543
bel,1991,36.481
bel,1992,36.214
bel,1993,34.408
bel,1994,35.193
bel,1995,33.879
bel,1996,32.766
bel,1997,32.033
bel,1998,32.634
bel,1999,32.87
bel,2000,35.731
bel,2001,33.611
bel,2002,33.834
bel,2003,33.507
bel,2004,34.027
bel,2005,35.016
bel,2006,34.695
bel,2007,33.867
bel,2008,33.403
bel,2009,32.443
bel,2010,32.51
bel,2011,31.982
bel,2012,31.479
bel,2013,30.989
bel,2014,30.195
bel,2015,30.002
bel,2016,28.458
bel,2017,28.081
bel,2018,29.626
bel,2019,30.983
bel,2020,28.431
bel,2021,30.258
bel,2022,31.063
ben,1975,73.61
ben,1979,50.1
ben,1986,52.75
ben,1992,66.26
ben,2001,45.34
ben,2002,58.12
ben,2003,53.91
ben,2010,40.58
ben,2011,43.04
ben,2018,32.754
bfa,1985,82.2
bfa,1991,79.01
bfa,2006,65.94
bfa,2014,51.644
bfa,2018,25.545
bgd,1961,50.66
bgd,1974,40.38
bgd,1981,37.9
bgd,1984,42.37
bgd,1985,42.97
bgd,1986,43.28
bgd,1989,67.99
bgd,1991,69.22
bgd,1996,62.63
bgd,2000,61.95
bgd,2003,51.61
bgd,2006,46.62
bgd,2010,46.467
bgd,2013,45.417
bgd,2016,38.04
bgd,2017,40.465
bgd,2022,35.822
bgr,1965,52.71
bgr,1975,51.43
bgr,1992,47.13
bgr,1997,31.1
bgr,2000,30.675
bgr,2001,49.87
bgr,2002,31.837
bgr,2003,29.228
bgr,2004,29.504
bgr,2005,27.869
bgr,2006,28.867
bgr,2007,28.893
bgr,2008,30.132
bgr,2009,29.537
bgr,2010,31.16
bgr,2011,29.454
bgr,2012,30.433
bgr,2013,29.644
bgr,2014,27.214
bgr,2015,25.96
bgr,2016,23.887
bgr,2017,26.299
bgr,2018,23.688
bgr,2019,23.913
bgr,2020,21.887
bgr,2021,19.978
bgr,2022,22.24
bhr,1971,37.67
bhr,1981,44.48
bhr,1985,35.13
bhr,1987,35.33
bhr,1991,43.3
bhr,2001,41.54
bhr,2004,38.98
bhr,2010,41.02
bhr,2011,39.34
bhr,2015,43.14
bhs,1963,70.95
bhs,1970,65.89
bhs,1980,57.94
bhs,1990,57.73
bhs,1994,57.77
bhs,1998,54.84
bih,2001,30.588
bih,2006,33.093
bih,2007,33.061
bih,2008,32.854
bih,2009,32.269
bih,2010,32.686
bih,2011,31.202
bih,2012,29.245
bih,2013,28.117
bih,2014,29.004
bih,2015,32.103
bih,2016,30.207
bih,2017,32.189
bih,2018,32.114
bih,2019,34.879
bih,2020,33.182
bih,2021,32.84
bih,2022,29.229
blr,1989,54.01
blr,1999,44.74
blr,2009,48.2
blr,2016,47.849
blr,2017,48.374
blr,2018,45.97
blr,2019,44.821
blr,2020,44.759
blr,2021,42.568
blr,2022,41.974
blz,1960,51.73
blz,1970,14.42
blz,1994,46.77
blz,2012,53.18
blz,2013,46.016
blz,2014,47.941
blz,2015,46.13
blz,2016,46.372
blz,2017,46.931
blz,2019,54.027
blz,2021,50.275
bmu,1970,68.07
bmu,1976,88.03
bmu,1980,71.52
bmu,1991,55.36
bmu,2000,50.41
bmu,2010,47.78
bol,1976,45.36
bol,1980,46.62
bol,1981,46.38
bol,1982,46.17
bol,1985,44.66
bol,1986,45
bol,1987,44.97
bol,1990,42.859
bol,1992,49.45
bol,1995,45.41
bol,1996,44.1
bol,1997,52.76
bol,1999,54.517
bol,2000,51.6
bol,2005,49.315
bol,2006,54.776
bol,2008,51.082
bol,2009,50.797
bol,2011,52.598
bol,2012,44.868
bol,2013,46.093
bol,2014,51.413
bol,2015,44.082
bol,2016,43.539
bol,2017,44.536
bol,2018,49.606
bol,2019,53.704
bol,2020,49.699
bol,2021,62.055
bol,2022,61.529
bra,1960,51.24
bra,1970,49.53
bra,1973,61.94
bra,1976,58.28
bra,1980,55.33
bra,1985,63.78
bra,1986,63.99
bra,1987,64.84
bra,1988,64.28
bra,1989,65.654
bra,1990,65.339
bra,1991,63.95
bra,1992,68.189
bra,1993,66.38
bra,1995,65.112
bra,1996,62.678
bra,1997,63.421
bra,1998,63.307
bra,1999,63.772
bra,2001,62.986
bra,2002,64.475
bra,2003,64.037
bra,2004,65.005
bra,2005,66.482
bra,2006,65.067
bra,2007,64.785
bra,2008,64.276
bra,2009,63.777
bra,2011,59.788
bra,2012,57.066
bra,2013,55.931
bra,2014,55.088
bra,2015,54.935
bra,2016,55.155
bra,2017,56.026
bra,2018,56.144
bra,2019,57.043
bra,2020,51.436
bra,2021,54.83
bra,2022,56.389
brb,1970,64.41
brb,1980,67.31
brb,1983,63.53
brb,1986,60.51
brb,1987,61.28
brb,1988,62.77
brb,1989,66.51
brb,1990,65.07
brb,1991,60.62
brb,1992,62.14
brb,1994,62.89
brb,1995,64.65
brb,1996,64.35
brb,1997,61.86
brb,2003,57.06
brb,2004,57.66
brb,2011,52.96
brb,2012,47.17
brb,2013,47.2
brb,2014,46.32
brb,2015,42.403
brb,2016,43.768
brb,2017,41.369
brb,2018,44.204
brb,2019,44.401
brn,1960,42.9
brn,1971,40.01
brn,1978,44.54
brn,1981,49.38
brn,1986,43.88
brn,1991,47.03
brn,2001,49.25
brn,2014,36.501
brn,2017,39.291
brn,2018,40.659
brn,2019,39.283
brn,2020,41.895
brn,2021,38.247
brn,2022,37.632
btn,2005,47.71
btn,2006,40.6
btn,2009,48.6
btn,2010,40.38
btn,2011,37.97
btn,2012,32.31
btn,2014,26.91
btn,2015,29.62
btn,2018,26.118
btn,2019,26.596
btn,2020,27.183
btn,2021,27.337
btn,2022,29.338
bwa,1981,59.36
bwa,1985,61.33
bwa,1991,45.61
bwa,1994,46
bwa,1996,34.394
bwa,1998,41.2
bwa,2000,38.93
bwa,2001,37.63
bwa,2006,41.789
bwa,2009,39.336
bwa,2010,38.43
bwa,2013,46.2
bwa,2019,35.629
bwa,2020,37.596
bwa,2021,37.96
bwa,2022,38.808
caf,1988,64.27
can,1961,51.58
can,1971,57.34
can,1976,63.553
can,1977,64.624
can,1978,65.625
can,1979,67.433
can,1980,68.562
can,1981,69.253
can,1982,67.319
can,1983,67.608
can,1984,67.967
can,1985,68.602
can,1986,69.744
can,1987,70.308
can,1988,70.59
can,1989,71.163
can,1990,69.917
can,1991,68.125
can,1992,66.156
can,1993,64.43
can,1994,63.919
can,1995,63.159
can,1996,62.242
can,1997,61.47
can,1998,61.811
can,1999,63.463
can,2000,64.392
can,2001,64.663
can,2002,66.531
can,2003,67.334
can,2004,66.844
can,2005,65.87
can,2006,67.149
can,2007,67.985
can,2008,68.267
can,2009,66.425
can,2010,65.58
can,2011,65.606
can,2012,65.036
can,2013,65.311
can,2014,65.374
can,2015,65.479
can,2016,64.776
can,2017,65.273
can,2018,64.836
can,2019,65.766
can,2020,62.204
can,2021,64.184
can,2022,65.274
can,2023,64.965
che,1960,73.37
che,1970,70.72
che,1980,66.95
che,1990,69.15
che,1991,68.624
che,1992,68.56
che,1993,69.343
che,1994,65.094
che,1995,63.842
che,1996,66.428
che,1997,66.958
che,1998,67.217
che,1999,68.598
che,2000,68.283
che,2001,67.766
che,2002,69.263
che,2003,69.353
che,2004,67.057
che,2005,65.656
che,2006,68.618
che,2007,67.374
che,2008,67.132
che,2009,67.268
che,2010,68.111
che,2011,68.559
che,2012,67.584
che,2013,68.011
che,2014,67.904
che,2015,67.519
che,2016,68.355
che,2017,68.669
che,2018,67.99
che,2019,66.478
che,2020,65.016
che,2021,65.383
che,2022,65.018
chl,1960,50.63
chl,1970,42.86
chl,1980,38.54
chl,1981,37.77
chl,1982,39.61
chl,1983,37.38
chl,1984,38.89
chl,1985,40.74
chl,1986,39.44
chl,1988,39.27
chl,1989,38.86
chl,1990,39
chl,1991,37.69
chl,1992,38.62
chl,1993,41.18
chl,1994,41.68
chl,1995,39.08
chl,1996,43.596
chl,1997,42.946
chl,1998,41.353
chl,1999,40.359
chl,2000,38.557
chl,2001,37.063
chl,2002,36.311
chl,2003,36.084
chl,2004,36.351
chl,2005,36.2
chl,2006,36.618
chl,2007,37.145
chl,2008,39.537
chl,2009,38.429
chl,2010,37.769
chl,2011,38.731
chl,2012,37.535
chl,2013,36.697
chl,2014,36.926
chl,2015,36.315
chl,2016,35.24
chl,2017,35.306
chl,2018,34.568
chl,2019,32.794
chl,2020,26.649
chl,2021,26.856
chl,2022,29.718
chn,1982,82.84
chn,1990,78.29
chn,2000,65.803
chn,2010,57.38
civ,1988,55.58
civ,1998,51.57
civ,2012,50.986
civ,2013,50.871
civ,2016,48.024
civ,2017,29.251
civ,2019,43.677
cmr,1976,49.69
cmr,1980,53.38
cmr,1982,51.48
cmr,1985,48.09
cmr,1996,47.6
cmr,2001,49.3
cmr,2007,67.212
cmr,2010,56.92
cmr,2014,48.515
cmr,2021,24.71
cod,2005,45.256
cod,2012,35.943
cod,2020,43.65
cog,1974,44.52
cog,1984,29.21
cog,2005,42.498
cog,2009,52.071
col,1964,48.88
col,1973,45.49
col,1985,36.79
col,1993,43.74
col,2001,57.128
col,2002,56.257
col,2003,56.748
col,2004,54.798
col,2005,52.413
col,2007,48.808
col,2008,48.327
col,2009,52.137
col,2010,51.658
col,2011,52.656
col,2012,53.596
col,2013,52.093
col,2014,51.549
col,2015,51.4
col,2016,50.06
col,2017,49.225
col,2018,48.117
col,2019,46.743
col,2020,46.942
col,2021,48.352
col,2022,44.452
com,1980,39.38
com,2004,15.706
com,2014,14.678
com,2021,21.401
cpv,1980,30.31
cpv,1990,63.5
cpv,2009,39.326
cpv,2015,45.372
cpv,2017,35.78
cpv,2018,32.6
cpv,2019,31.79
cri,1963,52.75
cri,1973,45.66
cri,1984,45.49
cri,2000,62.06
cri,2001,51.384
cri,2002,49.737
cri,2003,50.625
cri,2004,47.659
cri,2005,49.044
cri,2006,49.5
cri,2007,51.414
cri,2008,49.098
cri,2009,47.368
cri,2010,44.647
cri,2011,43.615
cri,2012,48.164
cri,2013,47.735
cri,2014,48.212
cri,2015,45.728
cri,2016,42.608
cri,2017,42.632
cri,2018,45.627
cri,2019,45.31
cri,2020,43.932
cri,2021,45.396
cri,2022,42.964
cub,1970,44.6
cub,1981,37.25
cub,2008,38.46
cym,1960,63.46
cym,1989,73.75
cym,1991,73.64
cym,2005,53.69
cym,2006,56.29
cym,2007,54.59
cym,2008,57.8
cym,2010,52.35
cym,2011,52.37
cym,2012,58.13
cym,2013,55.15
cym,2014,48.29
cym,2015,55.39
cyp,1960,59.85
cyp,1976,42.99
cyp,1988,57.94
cyp,1989,62.41
cyp,1990,61.76
cyp,1991,62.42
cyp,1992,51.7
cyp,1995,55.06
cyp,1999,41.156
cyp,2000,40.412
cyp,2001,33.12
cyp,2002,39.807
cyp,2003,41.232
cyp,2004,41.804
cyp,2005,42.936
cyp,2006,41.721
cyp,2007,41.718
cyp,2008,41.776
cyp,2009,40.461
cyp,2010,40.615
cyp,2011,38.856
cyp,2012,39.184
cyp,2013,38.524
cyp,2014,40.367
cyp,2015,37.976
cyp,2016,37.221
cyp,2017,36.807
cyp,2018,39.431
cyp,2019,38.951
cyp,2020,38.432
cyp,2021,41.96
cyp,2022,42.325
cze,1991,58.12
cze,1993,51.109
cze,1994,52.112
cze,1995,50.649
cze,1996,49.444
cze,1997,48.347
cze,1998,49.05
cze,1999,48.278
cze,2000,46.097
cze,2001,43.125
cze,2002,40.063
cze,2003,38.127
cze,2004,35.844
cze,2005,33.864
cze,2006,33.53
cze,2007,31.92
cze,2008,31.143
cze,2009,31.844
cze,2010,30.879
cze,2011,29.929
cze,2012,31.27
cze,2013,31.547
cze,2014,32.199
cze,2015,32.478
cze,2016,31.98
cze,2017,31.652
cze,2018,30.406
cze,2019,29.713
cze,2020,27.305
cze,2021,27.041
cze,2022,27.675
deu,1983,50.408
deu,1984,57.175
deu,1985,58.326
deu,1986,59.305
deu,1987,59.465
deu,1988,60.582
deu,1989,59.517
deu,1990,60.669
deu,1991,60.456
deu,1992,58.299
deu,1993,56.221
deu,1994,54.907
deu,1995,52.465
deu,1996,50.375
deu,1997,49.666
deu,1998,50.003
deu,1999,50.757
deu,2000,50.406
deu,2002,50.011
deu,2003,49.46
deu,2004,47.457
deu,2005,49.628
deu,2006,50.449
deu,2007,51.543
deu,2008,52.157
deu,2009,51.763
deu,2010,51.279
deu,2011,52.411
deu,2012,50.699
deu,2013,50.845
deu,2014,49.924
deu,2015,48.823
deu,2016,49.216
deu,2017,49.865
deu,2018,50.276
deu,2019,51.436
deu,2020,51.837
deu,2021,52.039
deu,2022,53.629
dji,2017,14.782
dma,1981,58.45
dma,1989,57.14
dma,1997,58.63
dma,1999,56.67
dma,2001,43.16
dnk,1960,72.83
dnk,1965,70.08
dnk,1970,64.13
dnk,1974,61.89
dnk,1976,58.64
dnk,1977,61.58
dnk,1978,61.54
dnk,1979,60.97
dnk,1981,68.5
dnk,1983,65.268
dnk,1984,74.07
dnk,1985,71.31
dnk,1986,75.219
dnk,1987,75.56
dnk,1988,75.97
dnk,1989,75.345
dnk,1990,73.478
dnk,1991,75.43
dnk,1992,72.012
dnk,1993,70.528
dnk,1994,69.1
dnk,1995,73.211
dnk,1996,73.762
dnk,1997,74.238
dnk,1998,71.557
dnk,1999,73.339
dnk,2000,71.892
dnk,2001,67.214
dnk,2002,68.819
dnk,2003,65.16
dnk,2004,66.432
dnk,2005,68.135
dnk,2006,69.938
dnk,2007,70.611
dnk,2008,69.079
dnk,2009,67.857
dnk,2010,63.973
dnk,2011,63.358
dnk,2012,60.99
dnk,2013,58.123
dnk,2014,58.269
dnk,2015,58.454
dnk,2016,59.537
dnk,2017,60.381
dnk,2018,60.068
dnk,2019,61.128
dnk,2020,60.22
dnk,2021,60.41
dnk,2022,62.779
dom,1960,44.04
dom,1970,45.06
dom,1979,43.46
dom,1981,41.81
dom,1991,60.6
dom,1992,66.6
dom,1993,44.89
dom,1994,55.2
dom,1996,53.39
dom,1997,54.93
dom,1998,52.19
dom,2000,45.233
dom,2001,43.706
dom,2002,50.21
dom,2003,41.169
dom,2004,41.78
dom,2005,41.166
dom,2006,41.087
dom,2007,41.56
dom,2008,41.998
dom,2009,37.423
dom,2010,38.575
dom,2011,40.536
dom,2012,41.184
dom,2013,41.047
dom,2014,40.866
dom,2015,44.046
dom,2016,44.722
dom,2017,43.6
dom,2018,44.669
dom,2019,45.473
dom,2020,39.179
dom,2021,45.532
dom,2022,45.796
dza,1966,38.55
dza,1975,39.07
dza,1977,29.05
dza,1985,26.92
dza,1987,34.56
dza,1996,40.69
dza,2009,28.25
dza,2010,28.19
dza,2011,26.78
dza,2014,25.285
dza,2015,25.191
dza,2016,24.613
dza,2017,26.42
ecu,1962,52.69
ecu,1974,45.2
ecu,1980,50.92
ecu,1981,50.64
ecu,1982,39.22
ecu,1988,45.46
ecu,1989,45.34
ecu,1990,43.88
ecu,1996,47.96
ecu,1997,47.8
ecu,1998,52.43
ecu,2000,51.821
ecu,2001,59.223
ecu,2002,49.98
ecu,2003,52.728
ecu,2004,54.025
ecu,2005,52.48
ecu,2006,54.337
ecu,2007,50.9
ecu,2008,50.782
ecu,2009,47.656
ecu,2010,44.69
ecu,2011,41.751
ecu,2012,43.003
ecu,2013,41.111
ecu,2014,40.154
ecu,2015,42.777
ecu,2016,44.807
ecu,2017,45.24
ecu,2018,43.997
ecu,2019,43.955
ecu,2020,39.696
ecu,2021,45.543
ecu,2022,45.292
egy,1960,43.42
egy,1973,31.67
egy,1975,31.32
egy,1976,35.28
egy,1977,30.93
egy,1978,31.78
egy,1979,30.8
egy,1980,30.44
egy,1983,37.78
egy,1984,36.43
egy,1986,35.76
egy,1989,35.7
egy,1990,33.24
egy,1991,30.43
egy,1992,31.84
egy,1993,32.65
egy,1994,33.28
egy,1995,33.54
egy,1998,30.32
egy,1999,34.03
egy,2001,28.21
egy,2002,29.9
egy,2005,36.27
egy,2006,33.76
egy,2007,33.64
egy,2008,35.487
egy,2009,35.347
egy,2010,34.735
egy,2011,33.475
egy,2012,33.569
egy,2013,34.463
egy,2014,33.787
egy,2015,32.033
egy,2016,31.356
egy,2017,28.956
egy,2018,24.458
egy,2019,22.8
egy,2020,22.772
egy,2021,24.111
esp,1960,54.77
esp,1970,55.85
esp,1977,56.34
esp,1978,55.47
esp,1979,54.42
esp,1980,53.39
esp,1981,52.75
esp,1982,52.45
esp,1983,51.72
esp,1984,51.53
esp,1985,50.26
esp,1986,46.604
esp,1987,49.396
esp,1988,49.679
esp,1989,47.624
esp,1990,47.043
esp,1991,49.65
esp,1992,44.508
esp,1993,43.056
esp,1994,43.241
esp,1995,41.575
esp,1996,40.58
esp,1997,40.77
esp,1998,41.06
esp,1999,42.019
esp,2000,43.113
esp,2001,42.385
esp,2002,43.634
esp,2003,44.375
esp,2004,44.883
esp,2005,47.916
esp,2006,48.17
esp,2007,47.887
esp,2008,47.696
esp,2009,45.039
esp,2010,42.66
esp,2011,40.915
esp,2012,39.028
esp,2013,37.776
esp,2014,35.713
esp,2015,34.717
esp,2016,33.049
esp,2017,33.33
esp,2018,32.985
esp,2019,32.987
esp,2020,29.905
esp,2021,31.545
esp,2022,32.726
est,1989,53.31
est,1990,52.579
est,1991,51.835
est,1992,50.923
est,1993,50.529
est,1994,53.248
est,1995,49.127
est,1996,46.94
est,1997,44.274
est,1998,40.984
est,1999,37.015
est,2000,36.15
est,2001,36.254
est,2002,31.851
est,2003,39.423
est,2004,39.877
est,2005,36.199
est,2006,35.728
est,2007,37.936
est,2008,40.844
est,2009,39.035
est,2010,37.774
est,2011,40.036
est,2012,40.778
est,2013,39.809
est,2014,39.201
est,2015,40.854
est,2016,42.386
est,2017,44.014
est,2018,46.219
est,2019,43.431
est,2020,41.971
est,2021,40.28
est,2022,44.826
eth,1994,72.95
eth,1999,62.917
eth,2005,75.531
eth,2013,74.897
eth,2021,54.236
fin,1960,60.86
fin,1970,55.03
fin,1976,45.14
fin,1979,52.83
fin,1980,23.71
fin,1981,53.79
fin,1982,57.96
fin,1984,58.27
fin,1990,60.615
fin,1991,57.143
fin,1992,52.344
fin,1993,49.685
fin,1994,46.276
fin,1995,35.71
fin,1996,47.451
fin,1997,48.445
fin,1998,49.749
fin,1999,63.016
fin,2000,41.34
fin,2001,62.898
fin,2002,62.347
fin,2003,61.39
fin,2004,59.757
fin,2005,50.668
fin,2006,51.803
fin,2007,53.421
fin,2008,53.474
fin,2009,50.441
fin,2010,49.376
fin,2011,50.518
fin,2012,51.599
fin,2013,51.831
fin,2014,52.063
fin,2015,52.208
fin,2016,52.188
fin,2017,53.237
fin,2018,53.085
fin,2019,53.889
fin,2020,52.216
fin,2021,52.894
fin,2022,53.931
fji,1966,45.66
fji,1976,45.29
fji,1982,50.04
fji,1986,49.87
fji,1996,44.38
fji,2005,36.854
fji,2011,38.855
fji,2014,38.07
fji,2016,39.424
fra,1962,48.33
fra,1968,51.07
fra,1975,46.1
fra,1979,47.59
fra,1980,47.05
fra,1981,46.12
fra,1982,43.57
fra,1983,53.219
fra,1984,52.015
fra,1985,51.406
fra,1986,51.282
fra,1987,49.58
fra,1988,46.415
fra,1989,45.247
fra,1990,38.22
fra,1991,39.915
fra,1992,39.48
fra,1993,38.033
fra,1994,36.393
fra,1995,35.49
fra,1996,34.963
fra,1997,33.914
fra,1998,33.947
fra,1999,35.81
fra,2000,35.481
fra,2001,35.753
fra,2002,36.888
fra,2003,37.143
fra,2004,36.695
fra,2005,34.059
fra,2006,34.116
fra,2007,34.627
fra,2008,34.732
fra,2009,35.597
fra,2010,35.017
fra,2011,33.985
fra,2012,33.375
fra,2013,35.318
fra,2014,34.38
fra,2015,34.882
fra,2016,34.915
fra,2017,34.982
fra,2018,35.671
fra,2019,34.885
fra,2020,33.859
fra,2021,37.974
fra,2022,40.345
fro,1960,80.69
fro,1966,26.45
fro,1970,66.58
fro,1977,58.32
fsm,2014,40.747
gab,1993,34.87
gab,2010,18.26
gbm,1971,69.67
gbm,1976,60.32
gbm,1981,64.92
gbm,1991,63.15
gbm,1996,56.34
gbm,2001,58.58
gbm,2006,52.19
gbm,2011,55.49
gbm,2016,55.44
gbr,1961,75.39
gbr,1966,72.21
gbr,1971,67.12
gbr,1981,62.83
gbr,1983,64.308
gbr,1984,66.208
gbr,1985,69.591
gbr,1986,69.767
gbr,1987,70.764
gbr,1988,71.123
gbr,1989,72.649
gbr,1990,71.788
gbr,1991,70.12
gbr,1992,67.896
gbr,1993,66.007
gbr,1994,64.628
gbr,1995,63.654
gbr,1996,64.389
gbr,1997,64.309
gbr,1998,63.848
gbr,1999,63.005
gbr,2000,63.407
gbr,2001,61.89
gbr,2002,62.386
gbr,2003,61.179
gbr,2004,61.56
gbr,2005,62.217
gbr,2006,62.305
gbr,2007,61.392
gbr,2008,61.241
gbr,2009,59.218
gbr,2010,58.444
gbr,2011,58.213
gbr,2012,58.637
gbr,2013,58.321
gbr,2014,57.81
gbr,2015,58.525
gbr,2016,58.336
gbr,2017,57.484
gbr,2018,57.092
gbr,2019,56.64
geo,1999,37.16
geo,2000,37.05
geo,2001,36.38
geo,2002,34.78
geo,2003,38.22
geo,2004,32.21
geo,2005,33.81
geo,2006,30.7
geo,2007,31.2
geo,2008,36.16
geo,2009,38.521
geo,2010,39.439
geo,2011,41.227
geo,2012,41.704
geo,2013,40.749
geo,2014,41.446
geo,2015,42.373
geo,2016,39.885
geo,2017,44.438
geo,2018,40.443
geo,2019,38.078
geo,2020,38.869
gha,1960,63.89
gha,1970,54.87
gha,1989,41.7
gha,1991,59.152
gha,1992,46.7
gha,1998,68.14
gha,1999,68.1
gha,2000,53.676
gha,2006,31.68
gha,2010,44.273
gha,2013,53.908
gha,2015,43.427
gha,2017,46.358
gib,1970,74.54
gib,1981,69.88
gin,1983,51.31
gin,2002,47.213
gin,2019,26.491
gmb,1983,66.36
gmb,1993,40.65
gmb,2012,42.259
gmb,2018,41.372
gmb,2023,30.912
gnb,1979,32.07
gnb,2018,35.273
gnq,1983,63.04
grc,1961,55.08
grc,1971,39.89
grc,1981,37.93
grc,1982,31.71
grc,1983,42.713
grc,1984,41.513
grc,1985,40.559
grc,1986,38.922
grc,1987,38.216
grc,1988,39.171
grc,1989,39.833
grc,1990,39.451
grc,1991,39.43
grc,1992,39.119
grc,1993,38.267
grc,1994,37.659
grc,1995,37.158
grc,1996,37.716
grc,1997,36.403
grc,1998,41.6
grc,1999,39.776
grc,2000,38.731
grc,2001,39.21
grc,2002,35.917
grc,2003,34.079
grc,2004,36.212
grc,2005,33.42
grc,2006,31.848
grc,2007,30.763
grc,2008,29.815
grc,2009,30.487
grc,2010,29.935
grc,2011,29.13
grc,2012,29.307
grc,2013,28.514
grc,2014,27.931
grc,2015,25.788
grc,2016,24.523
grc,2017,24.894
grc,2018,23.147
grc,2019,22.242
grc,2020,20.914
grc,2021,20.721
grc,2022,23.425
grd,1988,62.59
grd,1998,60.5
grd,2018,51.866
grd,2019,49.683
grd,2020,34.405
grl,1960,23.83
grl,1970,74.5
grl,1976,48.41
gtm,1964,50.76
gtm,1973,47.58
gtm,1978,42.22
gtm,1979,46.8
gtm,1980,49.3
gtm,1981,43.18
gtm,1985,45.03
gtm,1987,54.01
gtm,1989,53.49
gtm,1994,44.69
gtm,1999,52.55
gtm,2003,62.942
gtm,2004,55.114
gtm,2006,59.13
gtm,2010,51.03
gtm,2011,53.262
gtm,2012,57.916
gtm,2013,49.842
gtm,2014,51.611
gtm,2015,52.241
gtm,2016,52.516
gtm,2017,52.477
gtm,2018,52.406
gtm,2019,51.414
gtm,2021,55.012
gtm,2022,51.612
gum,1960,54.83
gum,1970,62.5
gum,1980,58.92
gum,1983,38.27
gum,1986,46.61
gum,1988,48.13
gum,1990,66.92
gum,2002,43.6
gum,2004,47.1
gum,2005,51.4
gum,2006,51.7
gum,2007,44.8
gum,2009,44.4
gum,2011,46.1
guy,1980,52.66
guy,1987,53.15
guy,1993,51.46
guy,2002,48.83
guy,2018,48.647
guy,2019,43.809
hkg,1961,62.78
hkg,1966,60.65
hkg,1971,65.15
hkg,1975,65.01
hkg,1976,66.48
hkg,1979,61.14
hkg,1980,63.3
hkg,1981,65.14
hkg,1982,63.74
hkg,1983,65.22
hkg,1984,65.91
hkg,1985,62.38
hkg,1986,63.67
hkg,1987,61.12
hkg,1988,59.71
hkg,1989,57.95
hkg,1990,56.77
hkg,1991,58.59
hkg,1992,54.65
hkg,1993,53.69
hkg,1994,52.46
hkg,1995,50.27
hkg,1996,50.25
hkg,1997,49.49
hkg,1998,49.28
hkg,1999,47.5
hkg,2000,45.6
hkg,2001,48.26
hkg,2002,44.86
hkg,2003,44.43
hkg,2004,44.29
hkg,2005,43.87
hkg,2006,42.89
hkg,2007,42.71
hkg,2008,40.7
hkg,2009,39.22
hkg,2010,36.048
hkg,2011,36.391
hkg,2012,36.95
hkg,2013,38.875
hkg,2014,38.508
hkg,2015,40.24
hkg,2016,40.684
hkg,2017,39.799
hkg,2018,40.045
hkg,2019,39.809
hkg,2020,35.974
hkg,2021,34.867
hkg,2022,31.938
hnd,1974,47.88
hnd,1993,48.6
hnd,1994,51.8
hnd,1999,58.78
hnd,2001,53.93
hnd,2002,52
hnd,2003,52.2
hnd,2005,52.707
hnd,2006,49.804
hnd,2007,48.329
hnd,2008,49.44
hnd,2009,50.429
hnd,2010,51.467
hnd,2011,49.888
hnd,2012,48.11
hnd,2013,53.182
hnd,2014,53.797
hnd,2015,54.585
hnd,2016,53.379
hnd,2017,54.97
hnd,2018,57.827
hnd,2019,55.182
hnd,2020,54.376
hnd,2021,57.4
hnd,2022,58.252
hrv,1991,45.23
hrv,2001,42.14
hrv,2002,40.383
hrv,2003,38.432
hrv,2004,40.03
hrv,2005,38.136
hrv,2006,35.907
hrv,2007,36.614
hrv,2008,36.635
hrv,2009,36.293
hrv,2010,35.852
hrv,2011,32.463
hrv,2012,30.087
hrv,2013,29.866
hrv,2014,33.631
hrv,2015,33.191
hrv,2016,37.237
hrv,2017,35.684
hrv,2018,33.494
hrv,2019,33.204
hrv,2020,32.467
hrv,2021,32.96
hrv,2022,35.001
hti,1971,71.73
hti,1980,58.58
hti,1982,51.25
hti,1985,52.5
hti,1990,46.15
hti,1995,39.73
hti,2000,33.94
hti,2003,25
hti,2005,36.07
hun,1960,62.89
hun,1970,61.91
hun,1980,61.48
hun,1990,51.53
hun,1992,43.579
hun,1993,40.859
hun,1994,38.965
hun,1995,38.413
hun,1996,33.938
hun,1997,34.394
hun,1998,39.63
hun,1999,39.785
hun,2000,37.754
hun,2001,38.8
hun,2002,32.324
hun,2003,30.583
hun,2004,27.25
hun,2005,27.073
hun,2006,26.722
hun,2007,25.729
hun,2008,25.128
hun,2009,24.659
hun,2010,24.804
hun,2011,24.288
hun,2012,25.694
hun,2013,27.386
hun,2014,29.523
hun,2015,31.018
hun,2016,32.29
hun,2017,32.438
hun,2018,32.263
hun,2019,32.19
hun,2020,31.199
hun,2021,31.773
hun,2022,30.834
idn,1961,51.22
idn,1971,46.75
idn,1980,46.53
idn,1990,50.03
idn,1991,51.379
idn,1992,51.467
idn,1993,50.067
idn,1994,52.975
idn,1996,52.129
idn,1997,50.66
idn,1998,50.281
idn,1999,51.603
idn,2000,50.46
idn,2001,50.667
idn,2002,50.052
idn,2003,49.277
idn,2004,50.412
idn,2005,47.614
idn,2006,48.614
idn,2007,50.566
idn,2008,49.367
idn,2009,48.051
idn,2010,47.126
idn,2011,46.769
idn,2012,48.069
idn,2013,47.057
idn,2014,45.879
idn,2015,46.301
idn,2016,46.264
idn,2017,46.441
idn,2018,47.609
idn,2019,48.09
idn,2020,47.076
idn,2021,44.752
idn,2022,45.287
ind,1971,42.81
ind,1981,54.65
ind,1991,44.64
ind,1994,43.462
ind,2000,44.3
ind,2001,42.43
ind,2005,42.104
ind,2010,36.744
ind,2012,34.273
ind,2018,26.743
ind,2019,28.175
ind,2020,28.582
ind,2021,28.433
ind,2022,28.932
irl,1961,71.06
irl,1966,69.47
irl,1971,63.2
irl,1975,64.5
irl,1977,60.14
irl,1981,60.59
irl,1983,60.422
irl,1984,59.046
irl,1985,57.737
irl,1986,56.49
irl,1987,54.378
irl,1988,52.231
irl,1989,50.84
irl,1990,49.944
irl,1991,49.038
irl,1992,46.039
irl,1993,46.687
irl,1994,46.376
irl,1995,44.956
irl,1996,43.469
irl,1997,45.572
irl,1998,48.502
irl,1999,50.594
irl,2000,51.431
irl,2001,49.86
irl,2002,45.3
irl,2003,49.418
irl,2004,48.88
irl,2005,53.283
irl,2006,54.99
irl,2007,69.372
irl,2008,65.964
irl,2009,60.059
irl,2010,53.862
irl,2011,51.369
irl,2012,50.273
irl,2013,49.89
irl,2014,48.055
irl,2015,47.423
irl,2016,50.462
irl,2017,46.686
irl,2018,46.721
irl,2019,47.062
irl,2020,43.681
irl,2021,50.199
irl,2022,53.077
irn,1966,45.47
irn,1972,33.4
irn,1976,41.76
irn,1986,38.85
irn,1991,37.27
irn,1996,30.73
irn,2005,34.636
irn,2006,33.036
irn,2007,31.4
irn,2008,29.048
irn,2009,29.517
irn,2010,29.18
irn,2011,27.047
irn,2012,27.873
irn,2013,25.884
irn,2014,24.568
irn,2015,24.991
irn,2016,26.481
irn,2017,27.702
irn,2018,27.19
irn,2019,26.155
irn,2020,22.542
irn,2021,22.058
irn,2022,22.643
irq,1977,39.61
irq,1987,35
irq,1997,36.04
irq,2007,31.444
irq,2012,29.963
irq,2014,31.06
irq,2016,29.12
irq,2017,27.4
irq,2021,26.629
isl,1960,62.4
isl,1975,67.25
isl,1976,67.36
isl,1977,67.44
isl,1979,72.12
isl,1981,72.09
isl,1982,72.22
isl,1983,74.71
isl,1991,59.486
isl,1992,60.486
isl,1993,58.161
isl,1994,58.477
isl,1995,70.339
isl,1996,65.841
isl,1997,65.915
isl,1998,72.094
isl,1999,71.772
isl,2000,77.297
isl,2001,79.919
isl,2002,71.379
isl,2003,80.4
isl,2004,79.326
isl,2005,76.094
isl,2006,78.627
isl,2007,79.875
isl,2008,78.149
isl,2009,73.11
isl,2010,73.669
isl,2011,73.079
isl,2012,75.68
isl,2013,78.009
isl,2014,78.186
isl,2015,80.182
isl,2016,83.021
isl,2017,82.269
isl,2018,80.302
isl,2019,78.553
isl,2020,72.855
isl,2021,74.605
isl,2022,77.918
isr,1972,36.91
isr,1974,31.81
isr,1976,30.4
isr,1978,31.77
isr,1979,30.56
isr,1980,30.25
isr,1981,30.01
isr,1982,29.43
isr,1983,32.78
isr,1986,31.3
isr,1987,30.15
isr,1988,31.64
isr,1989,31.72
isr,1990,53.781
isr,1991,55.182
isr,1992,56.181
isr,1993,60.194
isr,1994,61.837
isr,1995,61.688
isr,1996,60.262
isr,1997,59.216
isr,1998,57.22
isr,1999,57.023
isr,2000,58.344
isr,2001,57.432
isr,2002,53.428
isr,2003,53.596
isr,2004,54.445
isr,2005,55.77
isr,2006,56.224
isr,2007,55.573
isr,2008,53.969
isr,2009,52.739
isr,2010,52.682
isr,2011,50.435
isr,2012,52.456
isr,2013,52.51
isr,2014,52.531
isr,2015,51.761
isr,2016,51.288
isr,2017,51.118
isr,2018,49.883
isr,2019,48.69
isr,2020,44.928
isr,2021,45.747
isr,2022,47.371
ita,1961,59.83
ita,1971,53.81
ita,1977,44.45
ita,1978,43.53
ita,1979,44.28
ita,1980,45.3
ita,1981,55.47
ita,1982,45.78
ita,1983,48.312
ita,1984,48.4
ita,1985,47.641
ita,1986,48.219
ita,1987,47.91
ita,1988,48.844
ita,1989,48.631
ita,1990,46.836
ita,1991,46.134
ita,1992,42.094
ita,1993,41.093
ita,1994,38.989
ita,1995,38.726
ita,1996,38.656
ita,1997,38.302
ita,1998,38.41
ita,1999,38.092
ita,2000,38.065
ita,2001,36.283
ita,2002,35.27
ita,2003,34.634
ita,2004,36.707
ita,2005,33.846
ita,2006,32.348
ita,2007,30.824
ita,2008,30.746
ita,2009,28.845
ita,2010,28.085
ita,2011,27.111
ita,2012,28.556
ita,2013,27.141
ita,2014,27.142
ita,2015,26.187
ita,2016,26.607
ita,2017,26.177
ita,2018,26.076
ita,2019,26.083
ita,2020,23.825
ita,2021,24.924
ita,2022,25.974
jam,1960,71.75
jam,1970,56.12
jam,1974,56.65
jam,1975,57.46
jam,1976,56.66
jam,1978,56.63
jam,1980,29.44
jam,1981,59.28
jam,1982,46.89
jam,1985,32.77
jam,1988,38.73
jam,1990,54.35
jam,1991,45.09
jam,1994,49.77
jam,1995,54.6
jam,1996,52.4
jam,1997,50.5
jam,1998,46.79
jam,1999,44.6
jam,2001,41.7
jam,2002,44.4
jam,2003,40.21
jam,2004,39.44
jam,2008,38.349
jam,2009,34.317
jam,2010,31.001
jam,2011,33.187
jam,2012,30.923
jam,2013,32.438
jam,2014,32.768
jam,2015,34.045
jam,2016,36.322
jam,2017,36.478
jam,2018,34.315
jam,2019,35.675
jam,2020,34.442
jam,2021,34.57
jor,1961,36.27
jor,1975,31.28
jor,1979,32.99
jor,2017,29.146
jor,2018,26.384
jor,2019,25.689
jor,2020,24.791
jor,2021,23.804
jpn,1960,63.5
jpn,1965,56.37
jpn,1968,55.8
jpn,1969,55
jpn,1970,58.24
jpn,1971,56.1
jpn,1972,54.3
jpn,1973,52.7
jpn,1974,50
jpn,1975,49.62
jpn,1976,46.1
jpn,1977,45.1
jpn,1978,44.7
jpn,1979,44
jpn,1980,45.54
jpn,1981,43.6
jpn,1982,43.4
jpn,1983,44.2
jpn,1984,43.7
jpn,1985,44.89
jpn,1986,43.1
jpn,1987,42.6
jpn,1988,42.6
jpn,1989,43.2
jpn,1990,45.25
jpn,1991,45.426
jpn,1992,46.59
jpn,1993,47.173
jpn,1994,47.591
jpn,1995,48.22
jpn,1996,48.266
jpn,1997,48.557
jpn,1998,48.31
jpn,1999,47.239
jpn,2000,46.985
jpn,2001,46.19
jpn,2002,45.39
jpn,2003,44.68
jpn,2004,43.976
jpn,2005,44.519
jpn,2006,44.851
jpn,2007,44.67
jpn,2008,44.434
jpn,2009,43.53
jpn,2010,43.018
jpn,2011,42.623
jpn,2012,41.498
jpn,2013,42.467
jpn,2014,42.956
jpn,2015,42.919
jpn,2016,44.8
jpn,2017,44.594
jpn,2018,47.393
jpn,2019,49.085
jpn,2020,48.551
jpn,2021,48.87
jpn,2022,48.7
jpn,2023,49.9
kaz,2002,51.09
kaz,2003,50.57
kaz,2004,49.49
kaz,2008,46.93
ken,1989,58.06
ken,1999,72.21
ken,2005,39.408
ken,2016,45.084
ken,2019,37.65
ken,2021,36.178
kgz,1989,50.48
kgz,2002,47.95
kgz,2004,45.42
kgz,2006,46.51
kgz,2009,47.94
kgz,2010,54.707
kgz,2011,53.414
kgz,2012,48.846
kgz,2013,50.131
kgz,2014,46.911
kgz,2015,46.211
kgz,2016,44.938
kgz,2017,42.257
kgz,2018,44.053
kgz,2019,41.664
kgz,2020,44.632
kgz,2021,44.156
khm,1962,68.6
khm,1996,70.285
khm,1997,63.753
khm,1998,60.7
khm,1999,69.989
khm,2000,67.994
khm,2001,77.157
khm,2003,77.742
khm,2004,77.74
khm,2007,77.629
khm,2008,60.12
khm,2009,76.506
khm,2010,79.001
khm,2011,78.798
khm,2012,61.655
khm,2013,71.885
khm,2014,72.011
khm,2015,71.862
khm,2016,72.933
khm,2017,71.623
khm,2019,59.673
khm,2020,71.122
khm,2021,67.147
kir,1978,69.39
kir,2005,17.16
kir,2010,53.67
kir,2015,25.155
kir,2019,21.041
kir,2020,33.102
kna,1980,65.89
kna,1991,60.89
kor,1960,38.4
kor,1966,41.44
kor,1970,44.98
kor,1975,51.06
kor,1980,40.6
kor,1981,42.59
kor,1982,42.449
kor,1983,39.841
kor,1984,36.399
kor,1985,35.556
kor,1986,35.444
kor,1987,35.458
kor,1988,33.963
kor,1989,34.305
kor,1990,28.19
kor,1991,37.267
kor,1992,37.394
kor,1993,36.89
kor,1994,37.205
kor,1995,36.934
kor,1996,35.934
kor,1997,34.83
kor,1998,32.209
kor,1999,32.146
kor,2000,25.15
kor,2001,32.096
kor,2002,32.76
kor,2003,32.652
kor,2004,33.148
kor,2005,31.328
kor,2006,28.716
kor,2007,26.302
kor,2008,24.135
kor,2009,23.101
kor,2010,23.232
kor,2011,23.796
kor,2012,24.538
kor,2013,24.735
kor,2014,26.631
kor,2015,28.175
kor,2016,28.305
kor,2017,28.055
kor,2018,27.328
kor,2019,27.596
kor,2020,26.256
kor,2021,27.558
kor,2022,28.899
kos,2000,30.152
kos,2012,21.862
kos,2013,22.759
kos,2014,23.043
kos,2015,20.198
kos,2016,21.247
kos,2017,23.701
kos,2018,22.793
kos,2019,26.051
kos,2020,22.523
kos,2021,21.687
kos,2022,19.701
kwt,1965,52.36
kwt,1970,40.91
kwt,1975,34.53
kwt,1980,40.4
kwt,1983,28.12
kwt,1985,34.96
kwt,1988,30.45
kwt,1995,32.84
kwt,2003,32.3
kwt,2005,36.98
kwt,2015,24.46
kwt,2016,25.56
lao,1995,73.56
lao,2003,94.9
lao,2010,63.246
lao,2017,49.451
lao,2022,54.529
lbn,1975,36.05
lbn,1997,32.24
lbn,2004,30.81
lbn,2007,30.73
lbn,2019,39.196
lbr,1962,47.74
lbr,1974,25.37
lbr,1984,31.57
lbr,2010,31.791
lbr,2014,55.318
lbr,2016,56.944
lbr,2017,22.71
lby,1964,32.92
lby,1973,26.79
lby,2012,17.69
lca,2003,59.41
lca,2004,57.3
lca,2005,57.4
lca,2006,58.2
lca,2007,52.3
lca,2017,60.529
lca,2018,61.93
lca,2019,55.984
lca,2020,45.71
lca,2021,55.711
lca,2022,58.994
lie,1960,85.08
lie,1970,80.2
lie,1980,76.44
lie,2000,57.24
lie,2001,55.48
lie,2002,54.88
lie,2003,55.59
lie,2004,53.72
lie,2005,53.84
lie,2006,53.09
lie,2007,53.97
lie,2008,52.63
lie,2009,52.12
lie,2010,50.42
lie,2011,53.68
lie,2012,53.02
lie,2013,52.22
lie,2014,51.95
lie,2015,50.64
lka,1963,44.7
lka,1971,51.41
lka,1981,43.51
lka,1985,50.25
lka,1986,48.93
lka,1990,52.28
lka,1992,47.96
lka,1993,47.29
lka,1994,49.9
lka,1995,43.17
lka,1996,43.86
lka,1997,43.8
lka,1998,49.02
lka,1999,47.32
lka,2000,43.46
lka,2003,45.65
lka,2004,44.28
lka,2005,41.77
lka,2007,40.94
lka,2010,34.786
lka,2011,33.738
lka,2012,33.39
lka,2013,32.876
lka,2014,31.341
lka,2015,33.391
lka,2016,32.511
lka,2017,32.766
lka,2018,29.894
lka,2019,30.496
lka,2020,28.912
lso,1997,50.5
lso,1999,64.75
lso,2006,29.06
lso,2008,31.95
lso,2013,45.12
lso,2019,35.344
ltu,1989,49.98
ltu,1997,43.34
ltu,1998,44.143
ltu,1999,43.065
ltu,2000,37.314
ltu,2001,34.83
ltu,2002,31.726
ltu,2003,32.248
ltu,2004,25.78
ltu,2005,25.184
ltu,2006,26.292
ltu,2007,27.06
ltu,2008,30.021
ltu,2009,29.312
ltu,2010,28.424
ltu,2011,28.164
ltu,2012,29.293
ltu,2013,31.514
ltu,2014,34.22
ltu,2015,33.827
ltu,2016,35.341
ltu,2017,35.046
ltu,2018,36.484
ltu,2019,37.318
ltu,2020,36.588
ltu,2021,36.303
ltu,2022,36.304
lux,1960,61.4
lux,1966,60.37
lux,1970,61.86
lux,1981,60.81
lux,1983,60.367
lux,1984,58.347
lux,1985,58.582
lux,1986,58.014
lux,1987,56.323
lux,1988,52.462
lux,1989,52.51
lux,1990,44.92
lux,1991,53.44
lux,1992,51.313
lux,1993,47.796
lux,1994,46.484
lux,1995,41.212
lux,1996,40.674
lux,1997,37.394
lux,1998,35.319
lux,1999,33.956
lux,2000,34.02
lux,2001,74.62
lux,2002,34.702
lux,2003,30.351
lux,2004,28.008
lux,2005,28.832
lux,2006,27.817
lux,2007,26.495
lux,2008,29.022
lux,2009,32.262
lux,2010,24.725
lux,2011,24.873
lux,2012,26.768
lux,2013,25.9
lux,2014,26.323
lux,2015,35.184
lux,2016,30.703
lux,2017,30.454
lux,2018,33.116
lux,2019,34.621
lux,2020,32.36
lux,2021,35.378
lux,2022,33.442
lva,1989,56.26
lva,1996,49.07
lva,1997,45.73
lva,1998,45.095
lva,1999,42.316
lva,2000,39.78
lva,2001,37.362
lva,2002,37.825
lva,2003,38.818
lva,2004,36.933
lva,2005,38.005
lva,2006,40.859
lva,2007,42.613
lva,2008,42.848
lva,2009,41.229
lva,2010,39.743
lva,2011,37.456
lva,2012,40.143
lva,2013,39.364
lva,2014,40.405
lva,2015,41.275
lva,2016,39.684
lva,2017,39.742
lva,2018,37.71
lva,2019,36.287
lva,2020,34.83
lva,2021,32.707
lva,2022,36.123
mac,1960,29.38
mac,1991,75.52
mac,1992,47.54
mac,1993,53.5
mac,1994,53.39
mac,1995,53.18
mac,1996,55.98
mac,1997,45.96
mac,1998,43.14
mac,2000,42
mac,2001,51.38
mac,2002,37.73
mac,2003,30.58
mac,2004,31.63
mac,2005,35.31
mac,2006,38.22
mac,2007,44.29
mac,2008,46.05
mac,2009,52.66
mac,2010,51.35
mac,2011,51.89
mac,2012,49.69
mac,2013,50.2
mac,2014,49.44
mac,2015,47.65
mac,2016,46.72
mar,1960,40.2
mar,1971,42.24
mar,1982,42.08
mar,1990,35.7
mar,1994,45.45
mar,1995,42.62
mar,1998,36.74
mar,1999,48.01
mar,2000,46.5
mar,2001,42.52
mar,2002,41.66
mar,2003,43.09
mar,2004,43.99
mar,2005,42.56
mar,2006,39.82
mar,2007,43.71
mar,2008,38.94
mar,2009,39.83
mar,2010,36.27
mar,2011,34.99
mar,2012,33.5
mar,2013,32.23
mar,2014,32.31
mar,2015,30.37
mar,2016,28.7
mda,1989,54.33
mda,2000,36.424
mda,2001,33.311
mda,2002,31.634
mda,2003,27.449
mda,2004,25.242
mda,2005,24.023
mda,2006,31.381
mda,2007,29.395
mda,2008,30.859
mda,2009,34.712
mda,2010,40.833
mda,2011,41.511
mda,2012,41.497
mda,2013,42.554
mda,2014,43.872
mda,2015,47.164
mda,2016,43.595
mda,2017,41.51
mda,2018,36.606
mda,2019,38.749
mda,2020,38.303
mda,2021,38.985
mda,2022,36.91
mdg,1975,72.24
mdg,1993,65.01
mdg,2001,72.576
mdg,2003,67.58
mdg,2005,73.34
mdg,2012,90.018
mdg,2015,74.692
mdv,1977,70.57
mdv,1985,45.22
mdv,1990,40.2
mdv,1995,37.39
mdv,2000,39.03
mdv,2009,41.866
mdv,2014,57.389
mdv,2016,49.661
mdv,2019,52.632
mex,1960,50.57
mex,1970,42.07
mex,1978,46.32
mex,1979,46.92
mex,1980,49.35
mex,1990,41.11
mex,1991,52.176
mex,1992,53.336
mex,1993,54.535
mex,1994,54.126
mex,1995,54.357
mex,1996,53.072
mex,1997,53.114
mex,1998,53.771
mex,1999,52.425
mex,2000,51.521
mex,2001,49.561
mex,2002,47.24
mex,2003,47.149
mex,2004,46.958
mex,2005,47.887
mex,2006,48.381
mex,2007,48.354
mex,2008,47.723
mex,2009,46.922
mex,2010,47.066
mex,2011,46.86
mex,2012,47.228
mex,2013,46.349
mex,2014,45.563
mex,2015,44.827
mex,2016,44.233
mex,2017,43.808
mex,2018,43.786
mex,2019,44.879
mex,2020,39.995
mex,2021,44.475
mex,2022,44.249
mhl,2019,16.245
mhl,2021,23.642
mkd,1991,44.74
mkd,1994,46.69
mkd,1997,43
mkd,1998,43.5
mkd,1999,38.8
mkd,2000,37.6
mkd,2001,39.9
mkd,2002,35.62
mkd,2003,35.29
mkd,2005,33.347
mkd,2006,35.736
mkd,2007,35.981
mkd,2008,35.862
mkd,2009,34.979
mkd,2010,32.364
mkd,2011,32.18
mkd,2012,33.333
mkd,2013,33.243
mkd,2014,32.351
mkd,2015,33.063
mkd,2016,31.503
mkd,2017,32.774
mkd,2018,31.471
mkd,2019,32.046
mkd,2020,30.918
mkd,2021,28.069
mkd,2022,28.424
mli,1976,49.67
mli,1987,61.82
mli,2004,38.33
mli,2006,67.4
mli,2010,56.32
mli,2013,68.799
mli,2014,59.632
mli,2015,59.93
mli,2016,44.085
mli,2017,58.805
mli,2018,47.909
mli,2020,50.621
mlt,1994,61.43
mlt,1995,68.8
mlt,1996,65.27
mlt,1997,59.42
mlt,1998,56.97
mlt,2000,59.416
mlt,2001,64.31
mlt,2002,60.341
mlt,2003,60.036
mlt,2004,55.336
mlt,2005,53.614
mlt,2006,53.035
mlt,2007,54.074
mlt,2008,52.697
mlt,2009,51.555
mlt,2010,50.938
mlt,2011,51.908
mlt,2012,51.707
mlt,2013,53.489
mlt,2014,52.895
mlt,2015,51.632
mlt,2016,51.751
mlt,2017,52.907
mlt,2018,55.99
mlt,2019,55.896
mlt,2020,53.931
mlt,2021,53.694
mlt,2022,56.547
mmr,1983,49.09
mmr,2015,59.856
mmr,2017,51.599
mmr,2018,49.697
mmr,2019,46.542
mmr,2020,45.281
mne,2007,32.6
mne,2008,33.7
mne,2011,20.808
mne,2012,24.086
mne,2013,23.221
mne,2014,29.226
mne,2015,30.181
mne,2016,32.748
mne,2017,31.205
mne,2018,32.856
mne,2019,36.538
mne,2020,30.853
mne,2021,29.73
mng,1998,52.82
mng,2000,53.7
mng,2003,39.168
mng,2004,47.32
mng,2005,45.54
mng,2006,36.519
mng,2007,36.5
mng,2008,33.614
mng,2009,31.955
mng,2010,31.823
mng,2011,32.597
mng,2012,38.331
mng,2013,31.815
mng,2014,30.605
mng,2015,29.329
mng,2016,27.91
mng,2017,26.926
mng,2018,28.893
mng,2019,34.863
mng,2020,33.376
mng,2021,28.381
mng,2022,30.413
mnp,1985,49.94
mnp,1990,74.45
mnp,1995,68.4
mnp,2003,69.75
moz,1970,63.87
moz,1980,73.53
moz,1997,75.08
moz,2003,68.43
moz,2015,62.55
mrt,1975,47.72
mrt,2012,24.613
mrt,2017,20.613
mrt,2019,25.363
mus,1962,36.51
mus,1972,48.1
mus,1983,50.86
mus,1984,55.35
mus,1987,60.31
mus,1989,61.01
mus,1990,53.35
mus,1991,56.87
mus,1992,57.03
mus,1993,56.89
mus,1994,57.29
mus,1995,50.29
mus,2000,49.38
mus,2001,51.238
mus,2002,50.904
mus,2003,52.45
mus,2004,50.108
mus,2005,48.663
mus,2006,47.755
mus,2007,44.977
mus,2008,42.496
mus,2009,41.586
mus,2010,42.91
mus,2011,46.1
mus,2012,42.707
mus,2013,43.216
mus,2014,44.085
mus,2015,45.99
mus,2016,45.101
mus,2017,44.786
mus,2018,45.641
mus,2019,43.934
mus,2020,69.507
mus,2021,32.975
mus,2022,35.562
mwi,1975,53.54
mwi,1983,81.74
mwi,1987,56.59
mwi,1998,53.84
mwi,2004,80.3
mwi,2005,68.628
mwi,2011,59.706
mwi,2013,64.993
mwi,2017,53.627
mwi,2020,56.859
mys,1980,54.22
mys,1991,44.86
mys,2011,41.75
mys,2014,43.36
mys,2015,42.67
mys,2016,42.94
mys,2017,43.02
mys,2018,43.77
mys,2019,45.78
mys,2020,42.85
mys,2021,48.65
mys,2022,46.06
nam,1991,40.07
nam,1994,35.95
nam,1997,30.63
nam,2000,29.67
nam,2001,41.67
nam,2004,30.66
nam,2008,36.4
nam,2010,39.597
nam,2012,31.114
nam,2013,34.24
nam,2014,32.654
nam,2016,36.586
nam,2018,29.228
ncl,2014,44.05
ncl,2017,39.129
ncl,2018,35.805
ncl,2019,33.855
ncl,2020,37.731
ner,1977,40.61
ner,2001,53.87
ner,2005,55.72
ner,2011,70.977
ner,2012,30.262
ner,2014,62.116
ner,2017,13.929
ner,2019,61.151
nga,1963,45.99
nga,1983,32.56
nga,1986,30.35
nga,1991,32
nga,2004,36.49
nga,2011,30.787
nga,2013,26.174
nga,2019,24.84
nga,2022,64.174
nic,1963,51.23
nic,1971,42.45
nic,1977,47.01
nic,1989,47.55
nic,1990,48.76
nic,1991,49.17
nic,1995,48.16
nic,1996,48.68
nic,1998,49.5
nic,1999,59.51
nic,2000,50
nic,2001,50.672
nic,2006,47.74
nic,2012,70.401
nic,2014,51.663
nld,1960,66.41
nld,1977,48.18
nld,1979,47.43
nld,1980,49.29
nld,1981,48.54
nld,1982,49.28
nld,1983,48.744
nld,1985,46.903
nld,1986,48.55
nld,1987,60.001
nld,1988,56.966
nld,1989,57.526
nld,1990,59.588
nld,1991,60.345
nld,1992,60.915
nld,1993,60.484
nld,1994,60.587
nld,1995,62.004
nld,1996,61.11
nld,1997,63.077
nld,1998,66.106
nld,1999,67.702
nld,2000,72.155
nld,2001,73.575
nld,2002,73.919
nld,2003,73.567
nld,2004,71.997
nld,2005,67.319
nld,2006,67.188
nld,2007,69.577
nld,2008,70.317
nld,2009,70.033
nld,2010,68.26
nld,2011,68.085
nld,2012,69.214
nld,2013,69.198
nld,2014,67.354
nld,2015,68.467
nld,2016,68.198
nld,2017,68.346
nld,2018,68.874
nld,2019,70.01
nld,2020,68.738
nld,2021,79.058
nld,2022,81.756
nld_curacao,2011,30.51
nld_curacao,2013,37.24
nld_curacao,2014,24.98
nld_curacao,2015,28.73
nld_curacao,2018,29.84
nld_curacao,2020,30.1
nor,1960,55.7
nor,1970,50.44
nor,1980,60.71
nor,1981,59.5
nor,1982,60.04
nor,1983,60.91
nor,1984,58.79
nor,1985,60.31
nor,1986,64.35
nor,1987,65.94
nor,1988,67.11
nor,1989,62.27
nor,1990,60.508
nor,1991,57.659
nor,1992,56.743
nor,1993,55.476
nor,1994,55.433
nor,1995,54.839
nor,1996,60.842
nor,1997,63.704
nor,1998,65.802
nor,1999,64.734
nor,2000,65.992
nor,2001,65.45
nor,2002,65.534
nor,2003,63.657
nor,2004,62.959
nor,2005,60.312
nor,2006,57.439
nor,2007,58.824
nor,2008,61.977
nor,2009,57.895
nor,2010,56.715
nor,2011,55.617
nor,2012,57.025
nor,2013,57.023
nor,2014,54.414
nor,2015,55.903
nor,2016,54.561
nor,2017,53.743
nor,2018,54.347
nor,2019,55.481
nor,2020,55.599
nor,2021,61.051
nor,2022,64.306
npl,1961,83.38
npl,1971,62.51
npl,1981,63.39
npl,1991,57.02
npl,1999,81.54
npl,2003,90.6
npl,2008,75.92
npl,2017,29.503
nru,1966,67.42
nru,2002,76.39
nru,2013,52.29
nru,2021,45.966
nzl,1986,74.491
nzl,1987,73.485
nzl,1988,69.961
nzl,1989,67.712
nzl,1990,68.472
nzl,1991,67.392
nzl,1992,65.529
nzl,1993,64.672
nzl,1994,66.029
nzl,1995,67.109
nzl,1996,66.966
nzl,1997,66.71
nzl,1998,64.969
nzl,1999,62.959
nzl,2000,62.674
nzl,2001,62.969
nzl,2002,63.625
nzl,2003,62.405
nzl,2004,62.192
nzl,2005,62.358
nzl,2006,64.42
nzl,2007,64.506
nzl,2008,63.034
nzl,2009,61.373
nzl,2010,59.86
nzl,2011,59.631
nzl,2012,59.274
nzl,2013,57.89
nzl,2014,60.05
nzl,2015,61.398
nzl,2016,62.371
nzl,2017,63.195
nzl,2018,63.724
nzl,2019,63.534
nzl,2020,62.876
nzl,2021,64.85
nzl,2022,67.503
omn,2003,35.79
omn,2017,40.01
omn,2018,35.2
omn,2019,35.34
omn,2020,25.45
omn,2021,23.39
omn,2022,33.51
pak,1972,46.16
pak,1976,42.42
pak,1977,42.5
pak,1978,42.5
pak,1979,42.5
pak,1980,42.49
pak,1981,38.09
pak,1982,45.7
pak,1983,44.75
pak,1984,44.73
pak,1985,43.08
pak,1986,42.42
pak,1988,41.87
pak,1989,17.9
pak,1990,41.86
pak,1991,41.76
pak,1992,41.75
pak,1993,40.3
pak,1994,39.51
pak,1995,39.06
pak,1997,41.19
pak,1998,29.4
pak,2000,40.54
pak,2002,43.42
pak,2004,43.58
pak,2005,37.652
pak,2006,42.349
pak,2007,41.273
pak,2008,40.731
pak,2009,41.077
pak,2010,41.583
pak,2011,40.248
pak,2012,38.731
pak,2013,41.404
pak,2014,40.05
pak,2015,40.294
pak,2016,38.43
pak,2018,40.039
pak,2019,39.962
pak,2021,43.737
pan,1960,51.75
pan,1970,55.42
pan,1979,48.38
pan,1980,41.32
pan,1983,43.93
pan,1984,45.24
pan,1985,45.92
pan,1986,44.99
pan,1988,47.61
pan,1989,48.66
pan,1990,43.61
pan,1991,48.36
pan,1993,51.75
pan,1994,51.03
pan,1995,50.94
pan,1996,47.4
pan,1997,50.46
pan,1998,50.53
pan,1999,50.67
pan,2000,47.3
pan,2002,49.06
pan,2003,49.51
pan,2004,49.27
pan,2005,48.92
pan,2006,47
pan,2007,47.13
pan,2008,49.75
pan,2009,49.79
pan,2010,46.99
pan,2011,43.394
pan,2012,45.921
pan,2013,46.45
pan,2014,44.695
pan,2015,43.177
pan,2016,43.553
pan,2017,43.632
pan,2018,45.602
pan,2019,46.438
pan,2020,49.994
pan,2021,40.47
pan,2022,45.79
pan,2023,42.74
per,1961,49.74
per,1972,39.63
per,1979,41.93
per,1980,41.92
per,1981,38.78
per,1982,42.04
per,1984,41.83
per,1986,48.41
per,1987,48.32
per,1989,48.6
per,1990,48.3
per,1991,42.64
per,1992,45
per,1993,45.23
per,1994,47.88
per,1995,51.59
per,1997,52.81
per,1998,63.579
per,1999,62.388
per,2000,62.568
per,2001,58.988
per,2002,79.677
per,2003,65.487
per,2004,67.529
per,2005,62.967
per,2006,66.024
per,2007,67.814
per,2008,68.485
per,2009,68.639
per,2010,69.114
per,2011,67.716
per,2012,67.245
per,2013,65.787
per,2014,64.133
per,2015,60.655
per,2016,60.541
per,2017,62.189
per,2018,62.053
per,2019,62.215
per,2020,55.936
per,2021,57.792
per,2022,59.25
phl,1960,47.89
phl,1970,47.11
phl,1975,39.24
phl,1978,52.25
phl,1983,50.07
phl,1985,49.46
phl,1987,52.33
phl,1988,51.44
phl,1989,49.4
phl,1990,45.93
phl,1991,49.94
phl,1992,50.39
phl,1993,49.74
phl,1994,49.06
phl,1995,50.08
phl,1996,50.16
phl,1997,48.56
phl,1998,50.02
phl,1999,49.11
phl,2000,47.28
phl,2001,44.48
phl,2002,49.08
phl,2003,43.054
phl,2004,43.769
phl,2005,43.384
phl,2006,42.758
phl,2007,41.971
phl,2008,41.471
phl,2009,41.844
phl,2010,41.432
phl,2011,43.142
phl,2012,42.626
phl,2013,41.831
phl,2014,42.556
phl,2015,40.46
phl,2016,39.972
phl,2017,37.104
phl,2018,35.701
phl,2019,34.754
phl,2020,30.126
phl,2021,31.171
phl,2022,32.539
plw,1995,52.42
plw,2000,27.095
plw,2005,31.5
plw,2014,29.37
plw,2020,28.454
png,1966,87.74
png,1971,68.41
png,2000,59.19
png,2010,37.265
pol,1960,60.44
pol,1970,52.03
pol,1978,52.44
pol,1988,44.34
pol,1992,44.782
pol,1993,42.218
pol,1994,41.521
pol,1995,39.681
pol,1996,38.961
pol,1997,36.012
pol,1998,35.319
pol,1999,34.498
pol,2000,37.517
pol,2001,39.787
pol,2002,38.01
pol,2003,36.168
pol,2004,35.143
pol,2005,35.692
pol,2006,34.168
pol,2007,32.978
pol,2008,33.069
pol,2009,33.767
pol,2010,34.58
pol,2011,33.53
pol,2012,33.581
pol,2013,33.296
pol,2014,33.861
pol,2015,32.831
pol,2016,34.509
pol,2017,34.804
pol,2018,35.086
pol,2019,35.188
pol,2020,31.843
pol,2021,31.034
pol,2022,31.142
pri,1960,28.96
pri,1970,28.49
pri,1976,35.02
pri,1977,32.97
pri,1978,32.76
pri,1979,33.58
pri,1980,28
pri,1981,32.79
pri,1982,32.5
pri,1983,29.51
pri,1984,31.26
pri,1985,31.59
pri,1986,27.66
pri,1987,28.31
pri,1988,31.05
pri,1990,32.05
pri,1991,33.72
pri,1992,32.47
pri,1993,36.7
pri,1995,34.96
pri,1996,35.93
pri,1997,38.11
pri,1998,38.41
pri,1999,38.16
pri,2000,36.04
pri,2002,37
pri,2003,38.5
pri,2004,38.13
pri,2005,39.89
pri,2006,35.74
pri,2007,31.81
pri,2008,30.75
pri,2010,25
pri,2011,24.5
pri,2012,26.4
prt,1960,57.69
prt,1970,64.49
prt,1978,69.95
prt,1979,70.99
prt,1980,71.29
prt,1981,71.52
prt,1982,70.42
prt,1984,62.29
prt,1985,61.05
prt,1986,61.3
prt,1987,61.487
prt,1988,60.57
prt,1989,59.467
prt,1990,58.416
prt,1991,55.41
prt,1992,50.951
prt,1993,47.5
prt,1994,45.228
prt,1995,43.136
prt,1996,42.312
prt,1997,44.161
prt,1998,47.086
prt,1999,46.332
prt,2000,44.788
prt,2001,49.35
prt,2002,47.115
prt,2003,44.852
prt,2004,42.637
prt,2005,42.119
prt,2006,41.653
prt,2007,41.329
prt,2008,40.891
prt,2009,38.697
prt,2010,36.119
prt,2011,38.151
prt,2012,37.076
prt,2013,35.002
prt,2014,34.303
prt,2015,33.527
prt,2016,33.167
prt,2017,33.984
prt,2018,34.18
prt,2019,34.279
prt,2020,30.164
prt,2021,29.74
prt,2022,31.092
pry,1962,56.58
pry,1972,55.09
pry,1982,53.08
pry,1989,63.69
pry,1990,59.25
pry,1991,57.97
pry,1992,49.98
pry,1993,61.54
pry,1994,62.75
pry,1995,71.5
pry,1996,65.2
pry,1998,60.507
pry,1999,55.109
pry,2001,59.515
pry,2002,49.47
pry,2003,57.646
pry,2004,61.467
pry,2005,58.775
pry,2006,58.966
pry,2007,57.282
pry,2008,58.58
pry,2009,62.645
pry,2010,56.991
pry,2011,56.829
pry,2012,59.006
pry,2013,58.004
pry,2014,56.041
pry,2015,54.063
pry,2016,57.667
pry,2017,58.42
pry,2018,58.55
pry,2019,59.282
pry,2020,56.132
pry,2021,59.413
pry,2022,55.918
pse,2000,27.64
pse,2001,23.997
pse,2002,21.76
pse,2003,23.971
pse,2004,22.995
pse,2005,23.211
pse,2006,23.513
pse,2007,24.734
pse,2008,25.174
pse,2009,24.945
pse,2010,24.872
pse,2011,26.838
pse,2012,27.94
pse,2013,27.692
pse,2014,28.016
pse,2015,30.878
pse,2016,30.974
pse,2017,31.442
pse,2018,30.502
pse,2019,30.266
pse,2020,26.227
pse,2021,28.841
pse,2022,30.811
pyf,1962,48.23
pyf,1983,29.72
pyf,1988,51.07
pyf,1996,42.83
pyf,2002,40.08
pyf,2007,36.92
pyf,2012,40.28
qat,1986,45.47
qat,1997,33.47
qat,2004,42.22
qat,2006,54.79
qat,2007,67.54
qat,2008,71.36
qat,2009,71.02
qat,2011,68.75
qat,2012,69.24
qat,2013,64.18
qat,2014,67.41
qat,2015,69.16
qat,2016,72.3
qat,2017,67.77
qat,2018,72.84
qat,2019,67.41
qat,2020,66.41
qat,2021,56.56
qat,2022,59.07
rou,1966,64.27
rou,1977,58.92
rou,1992,59.51
rou,1995,53.25
rou,1996,49.95
rou,1997,46.158
rou,1998,44.938
rou,1999,42.707
rou,2000,41.322
rou,2001,39.645
rou,2002,39.86
rou,2003,33.936
rou,2004,36.078
rou,2005,31.243
rou,2006,30.563
rou,2007,30.524
rou,2008,30.408
rou,2009,30.93
rou,2010,31.208
rou,2011,30.712
rou,2012,30.541
rou,2013,30.07
rou,2014,29.561
rou,2015,31.274
rou,2016,28.031
rou,2017,29.952
rou,2018,29.501
rou,2019,29.633
rou,2020,29.735
rou,2021,26.831
rou,2022,25.484
rus,1989,53.8
rus,1992,54.665
rus,1993,52.532
rus,1994,50.869
rus,1995,50.415
rus,1996,47.069
rus,1997,43.215
rus,1998,40.538
rus,1999,45.171
rus,2000,43.641
rus,2001,40.835
rus,2002,40.509
rus,2003,39.174
rus,2004,39.373
rus,2005,39.201
rus,2006,38.892
rus,2007,39.406
rus,2008,41.838
rus,2009,42.1
rus,2010,41.232
rus,2011,41.392
rus,2012,39.575
rus,2013,39.874
rus,2014,38.788
rus,2015,37.921
rus,2016,37.668
rus,2017,35.372
rus,2018,34.128
rus,2019,33.106
rus,2020,32.094
rus,2021,31.56
rus,2022,29.152
rwa,1978,91.47
rwa,1996,78.99
rwa,2014,65.452
rwa,2017,43.31
rwa,2018,42.62
rwa,2019,41.85
rwa,2020,47.759
rwa,2021,38.703
rwa,2022,39.892
sau,1992,29.04
sau,2009,15.666
sau,2013,17.874
sau,2017,16.852
sau,2018,18.576
sau,2019,19.842
sau,2020,23.646
sau,2021,25.217
sau,2022,27.672
sdn,1973,44.25
sdn,1983,47.84
sdn,1990,34.6
sdn,1993,38.13
sdn,1996,35.37
sdn,2008,35.6
sdn,2011,30.306
sen,1988,44.55
sen,2002,57.12
sen,2006,38.49
sen,2011,39.634
sen,2015,28.041
sen,2016,33.878
sen,2017,26.256
sen,2018,26.1
sen,2019,30.424
sgp,1970,60.37
sgp,1975,58.83
sgp,1976,59.73
sgp,1977,60.04
sgp,1978,61.43
sgp,1979,63.34
sgp,1980,66.45
sgp,1982,65.09
sgp,1983,64.75
sgp,1984,62.38
sgp,1985,60.19
sgp,1986,58.66
sgp,1987,56.86
sgp,1988,55.83
sgp,1989,56.19
sgp,1992,45.24
sgp,1993,43.79
sgp,1994,42.62
sgp,1995,36.85
sgp,1996,38.55
sgp,1997,35.67
sgp,1998,31.43
sgp,2000,39.33
sgp,2006,38.9
sgp,2007,36.87
sgp,2008,37.15
sgp,2009,35.58
sgp,2010,39.16
sgp,2011,36.71
sgp,2012,37.78
sgp,2013,36.18
sgp,2014,37.55
sgp,2015,40.59
sgp,2016,39.37
sgp,2017,38.24
sgp,2018,38.13
sgp,2019,38.26
sgp,2020,36.05
sgp,2021,41.346
sgp,2022,37.697
slb,1999,15.604
slb,2005,62.931
slb,2013,70.784
sle,1963,56.54
sle,2003,39.21
sle,2004,42.25
sle,2009,37.89
sle,2010,36.16
sle,2014,28.779
sle,2018,32.129
slv,1961,52.1
slv,1971,55.35
slv,1978,50.37
slv,1979,53.08
slv,1980,53.18
slv,1990,51.01
slv,1991,47.28
slv,1992,43.39
slv,1993,51.97
slv,1994,51.36
slv,1995,50.18
slv,1996,47.74
slv,1997,46.73
slv,1998,50.91
slv,1999,49.32
slv,2002,45.71
slv,2003,48.72
slv,2004,46.99
slv,2006,47.54
slv,2007,47.08
slv,2009,50.44
slv,2010,47.526
slv,2011,47.767
slv,2012,48.188
slv,2013,47.542
slv,2014,46.306
slv,2015,45.723
slv,2016,46.195
slv,2017,46.59
slv,2018,46.328
slv,2019,47.302
slv,2020,45.931
slv,2021,46.683
slv,2022,47.284
smr,1976,61.95
smr,1985,64.4
smr,1986,61.45
smr,1987,63.61
smr,1988,61.81
smr,1989,59.4
smr,1990,59.3
smr,1991,58.72
smr,1992,58.32
smr,1993,55.37
smr,1995,52.74
smr,1996,52.74
smr,1997,51.76
smr,1998,51.18
smr,1999,49.61
smr,2016,34.09
smr,2019,29.91
smr,2021,28.94
smr,2022,27.89
som,2019,15.96
srb,2006,37.39
srb,2007,33.28
srb,2008,32.469
srb,2009,28.875
srb,2010,28.206
srb,2011,28.478
srb,2012,29.631
srb,2013,28.702
srb,2014,28.46
srb,2015,29.212
srb,2016,30.31
srb,2017,30.639
srb,2018,30.002
srb,2019,29.637
srb,2020,28.297
srb,2021,33.698
srb,2022,32.711
ssd,2008,64.48
stp,1981,48.78
stp,1991,43.35
sur,1964,29.85
sur,1980,22.17
sur,1989,21.95
sur,1990,36.29
sur,1992,35.82
sur,1993,33.27
sur,1994,30.58
sur,1995,28.82
sur,1999,25.5
sur,2009,33.41
sur,2010,33.94
sur,2011,32.66
sur,2012,30.96
sur,2013,31.43
sur,2014,32.07
sur,2015,31.12
sur,2016,37.583
svk,1991,58.59
svk,1993,52.09
svk,1994,47.358
svk,1995,46.279
svk,1996,46.621
svk,1997,47.02
svk,1998,45.19
svk,1999,45.446
svk,2000,44.731
svk,2001,49.19
svk,2002,42.771
svk,2003,40.811
svk,2004,39.226
svk,2005,36.584
svk,2006,35.222
svk,2007,34.647
svk,2008,32.401
svk,2009,31.311
svk,2010,30.962
svk,2011,30.078
svk,2012,30.488
svk,2013,30.789
svk,2014,31.661
svk,2015,31.783
svk,2016,32.417
svk,2017,33.183
svk,2018,32.288
svk,2019,29.683
svk,2020,28.141
svk,2021,26.252
svk,2022,26.576
svn,1991,48.53
svn,1993,31.29
svn,1994,39.46
svn,1995,41.64
svn,1996,42.635
svn,1997,46.064
svn,1998,43.961
svn,1999,40.408
svn,2000,37.295
svn,2001,35.975
svn,2002,36.566
svn,2003,33.751
svn,2004,39.332
svn,2005,40.519
svn,2006,40.615
svn,2007,41.83
svn,2008,42.884
svn,2009,40.881
svn,2010,39.926
svn,2011,37.422
svn,2012,34.373
svn,2013,33.834
svn,2014,33.597
svn,2015,35.345
svn,2016,33.745
svn,2017,39.125
svn,2018,38.556
svn,2019,36.218
svn,2020,31.453
svn,2021,33.865
svn,2022,35.881
swe,1965,52.28
swe,1975,66.73
swe,1976,67.68
swe,1982,66.7
swe,1983,65.38
swe,1984,64.73
swe,1985,65.97
swe,1986,67.3
swe,1987,66.32
swe,1989,69.29
swe,1990,69.086
swe,1991,65.84
swe,1992,60.37
swe,1993,54.906
swe,1994,53.554
swe,1995,45.458
swe,1996,43.129
swe,1997,41.078
swe,1998,40.617
swe,1999,42.302
swe,2000,40.713
swe,2001,52.358
swe,2002,50.513
swe,2003,50.623
swe,2004,48.554
swe,2005,49.889
swe,2006,51.339
swe,2007,52.241
swe,2008,52.844
swe,2009,51.024
swe,2010,51.631
swe,2011,52.983
swe,2012,52.584
swe,2013,54.497
swe,2014,55.448
swe,2015,55.134
swe,2016,54.839
swe,2017,54.7
swe,2018,54.091
swe,2019,55.016
swe,2020,52.059
swe,2021,54.046
swe,2022,56.91
swz,1966,55.37
swz,1976,29.91
swz,1986,36.31
swz,1995,44.5
swz,1997,30.5
swz,2016,24.898
swz,2021,25.924
syc,1960,70.71
syc,1971,72.07
syc,1977,74.58
syc,1994,56.52
syc,2002,61.91
syc,2011,51.96
syc,2014,56.961
syc,2015,55.574
syc,2016,55.245
syc,2017,55.209
syc,2018,54.818
syc,2019,47.697
syc,2020,52.623
syr,1960,43.19
syr,1970,39.14
syr,1981,37.38
syr,1983,31.55
syr,1984,39.17
syr,1998,42.77
syr,1999,43.45
syr,2000,40.98
syr,2001,47.21
syr,2002,52.06
syr,2003,40.61
syr,2006,34.41
syr,2007,32.94
syr,2008,32.29
syr,2009,29.65
tca,1960,69.17
tca,1980,55.99
tcd,1980,52.38
tcd,1988,52.7
tcd,1993,56.52
tcd,2018,38.509
tgo,1980,62.3
tgo,1981,45.14
tgo,2006,65.755
tgo,2011,64.783
tgo,2015,54.877
tgo,2017,25.165
tgo,2019,49.381
tha,1976,47.8
tha,1978,76.54
tha,1979,72.8
tha,1980,76.55
tha,1982,78.17
tha,1984,77.33
tha,1987,77.63
tha,1988,78.44
tha,1989,79.68
tha,1990,77.53
tha,1994,63.79
tha,1996,60.6
tha,1997,59.24
tha,1998,56.72
tha,1999,53.35
tha,2000,53.36
tha,2001,54.18
tha,2003,51.39
tha,2004,52.21
tha,2005,51.64
tha,2006,48.85
tha,2007,49.47
tha,2008,48.99
tha,2009,48.83
tha,2010,46.73
tha,2011,47.95
tha,2012,47.5
tha,2013,44.13
tha,2014,42.944
tha,2015,42.06
tha,2016,41.582
tha,2017,40.835
tha,2018,41.629
tha,2019,40.415
tha,2020,40.183
tha,2021,39.37
tha,2022,39.141
tjk,2003,42.99
tjk,2004,54.92
tjk,2009,26.248
tjk,2016,26.36
tls,2001,42.706
tls,2007,41
tls,2010,13.646
tls,2013,27.837
tls,2016,39.728
tls,2021,10.742
ton,1966,36.97
ton,1976,37.52
ton,1990,42.97
ton,1994,39.99
ton,2018,28.305
ton,2021,32.377
tto,1970,50.19
tto,1979,53.21
tto,1980,46.83
tto,1981,53.62
tto,1983,55.48
tto,1985,55.58
tto,1986,54.53
tto,1987,47.95
tto,1988,52.19
tto,1989,49.27
tto,1990,50.22
tto,1991,51.51
tto,1993,48.88
tto,1995,51.22
tto,1996,52.06
tto,1997,49.9
tto,1998,51.22
tto,1999,51.15
tto,2000,51.68
tto,2002,49.65
tto,2005,53.82
tto,2006,54.44
tto,2007,53.74
tto,2008,52.13
tto,2009,50.45
tto,2010,46.431
tto,2011,44.892
tto,2012,45.272
tto,2013,45.247
tto,2014,44.288
tto,2015,43.605
tto,2016,41.542
tto,2019,38.652
tto,2020,34.788
tto,2021,36.583
tto,2022,35.248
tun,1966,38.23
tun,1975,51
tun,1980,47.03
tun,1984,49.09
tun,1989,41.85
tun,1997,38.83
tun,2005,31.868
tun,2006,30.608
tun,2007,31.008
tun,2008,30.761
tun,2009,29.599
tun,2010,31.186
tun,2011,31.988
tun,2012,35.152
tun,2013,33.247
tun,2014,29.031
tun,2015,28.88
tun,2016,30.998
tun,2017,30.32
tun,2019,36.578
tur,1960,76.72
tur,1965,72.01
tur,1970,63.92
tur,1975,62.71
tur,1980,65.21
tur,1985,64.05
tur,1988,57.09
tur,1989,56.25
tur,1990,54.67
tur,1991,55.348
tur,1992,52.978
tur,1993,48.079
tur,1994,51.139
tur,1995,48.599
tur,1996,48.53
tur,1997,47.019
tur,1998,46.002
tur,1999,46.636
tur,2000,55.14
tur,2001,42.109
tur,2002,40.858
tur,2003,38.399
tur,2004,37.787
tur,2005,37.731
tur,2006,37.409
tur,2007,37.676
tur,2008,38.138
tur,2009,38.69
tur,2010,38.33
tur,2011,39.258
tur,2012,38.206
tur,2013,39.644
tur,2014,40.848
tur,2015,42.017
tur,2016,42.431
tur,2017,43.331
tur,2018,43.98
tur,2019,44.424
tur,2020,39.052
tur,2021,41.686
tur,2022,43.844
tuv,2016,40.528
tuv,2017,44.004
tuv,2022,17.467
tza,1978,61.64
tza,2001,77.963
tza,2006,79.641
tza,2008,84.171
tza,2010,70.049
tza,2011,66.19
tza,2012,30.077
tza,2013,64.81
tza,2014,72.371
tza,2020,66.09
uga,2010,59.252
uga,2011,70.86
uga,2012,53.695
uga,2013,75.82
uga,2014,61.331
uga,2017,55.616
uga,2019,59.964
uga,2021,69.833
ukr,1979,37.58
ukr,1989,34.49
ukr,1995,45.54
ukr,1998,51.02
ukr,1999,42.12
ukr,2001,39.31
ukr,2002,39.6
ukr,2003,38.55
ukr,2014,38.42
ukr,2015,36.29
ukr,2016,35.07
ukr,2017,34.39
ukr,2018,33.664
ukr,2019,36.225
ukr,2020,31.904
ukr,2021,30.639
ury,1963,57.77
ury,1975,54.15
ury,1984,54
ury,1985,41.17
ury,1990,32.16
ury,1991,53.87
ury,1992,54.24
ury,1993,54.12
ury,1994,57.55
ury,1995,58.38
ury,1996,57.41
ury,1998,59.557
ury,1999,57.522
ury,2000,57.967
ury,2001,59.529
ury,2002,55.122
ury,2003,52.501
ury,2004,52.694
ury,2005,53.064
ury,2006,53.403
ury,2007,55.046
ury,2008,53.888
ury,2009,54.117
ury,2010,53.649
ury,2011,54.625
ury,2012,53.426
ury,2013,53.366
ury,2014,53.075
ury,2015,50.634
ury,2016,49.461
ury,2017,48.028
ury,2018,47.737
ury,2019,47.498
ury,2020,42.754
ury,2021,44.798
ury,2022,45.075
usa,1960,48.87
usa,1961,56.3
usa,1962,55.8
usa,1963,55.2
usa,1964,55.3
usa,1965,55.8
usa,1966,57.1
usa,1967,57.7
usa,1968,57.7
usa,1969,58.9
usa,1970,59.8
usa,1971,59.9
usa,1972,61.8
usa,1973,63.7
usa,1974,64.9
usa,1975,64.6
usa,1976,65.3
usa,1977,66.7
usa,1978,68.2
usa,1979,68.6
usa,1980,63.61
usa,1981,67.7
usa,1982,67.2
usa,1983,67.1
usa,1984,67.7
usa,1985,68.3
usa,1986,68.6
usa,1987,68.4
usa,1988,68.4
usa,1989,68.6
usa,1990,67.3
usa,1991,66
usa,1992,66.1
usa,1993,66.1
usa,1994,66.547
usa,1995,66.438
usa,1996,65.705
usa,1997,65.711
usa,1998,65.872
usa,1999,65.477
usa,2000,65.806
usa,2001,64.527
usa,2002,63.285
usa,2003,61.557
usa,2004,61.144
usa,2005,60.78
usa,2006,60.617
usa,2007,59.389
usa,2008,58.777
usa,2009,56.859
usa,2010,55.166
usa,2011,54.969
usa,2012,54.881
usa,2013,55.05
usa,2014,55.008
usa,2015,54.996
usa,2016,55.165
usa,2017,55.466
usa,2018,55.216
usa,2019,55.876
usa,2020,53.907
usa,2021,55.519
usa,2022,55.57
usa,2023,56.251
uzb,2020,34.991
vct,1991,57.15
vct,2001,49.4
vct,2008,52.41
ven,1961,49.2
ven,1971,43.73
ven,1977,44.14
ven,1979,44.1
ven,1981,44.48
ven,1982,42.47
ven,1983,41.11
ven,1984,42.34
ven,1985,42.53
ven,1986,42.17
ven,1987,41.72
ven,1988,41.94
ven,1989,43.12
ven,1990,42.76
ven,1991,45.69
ven,1992,44.25
ven,1993,40.91
ven,1994,44.12
ven,1995,46.4
ven,1996,47.3
ven,1997,50.25
ven,1998,51.5
ven,2001,38.99
ven,2002,54.82
ven,2003,54.1
ven,2005,46.266
ven,2006,45.61
ven,2007,44.461
ven,2008,43.852
ven,2009,42.82
ven,2010,41.612
ven,2011,40.656
ven,2012,39.853
ven,2016,34.883
ven,2017,42.18
ven,2020,37.19
vgb,1970,71.54
vgb,1980,68.32
vgb,1991,64.52
vir,1980,37.13
vir,1990,47.11
vnm,1989,79.92
vnm,1996,69.6
vnm,1997,66.2
vnm,1998,63.2
vnm,1999,60.2
vnm,2000,56.2
vnm,2001,60.8
vnm,2002,58.7
vnm,2003,57
vnm,2004,56.14
vnm,2007,55.917
vnm,2009,59.49
vnm,2010,58.134
vnm,2011,56.344
vnm,2012,55.039
vnm,2013,57.524
vnm,2014,57.584
vnm,2015,58.914
vnm,2016,56.612
vnm,2017,56.472
vnm,2018,55.141
vnm,2019,57.341
vnm,2020,52.833
vnm,2021,45.683
vnm,2022,43.722
vut,1979,73.89
vut,1989,78.45
vut,2006,63.051
vut,2009,54.494
vut,2010,44.509
vut,2019,37.221
vut,2020,26.19
wsm,1961,41.33
wsm,1966,47.42
wsm,1971,45.22
wsm,1976,42.7
wsm,1981,38.54
wsm,1991,46.46
wsm,2001,38.88
wsm,2012,21.854
wsm,2014,21.85
wsm,2017,43.615
yem,1994,32.68
yem,1999,36.1
yem,2010,30.26
yem,2014,25.805
zaf,1960,18.4
zaf,1970,20.5
zaf,1980,15.53
zaf,1985,16.1
zaf,1991,13.04
zaf,1997,19.6
zaf,1998,22.9
zaf,1999,27.1
zaf,2000,29.373
zaf,2001,31.518
zaf,2002,32.06
zaf,2003,30.027
zaf,2004,28.288
zaf,2005,29.102
zaf,2006,30.041
zaf,2007,29.303
zaf,2008,35.262
zaf,2009,32.685
zaf,2010,28.215
zaf,2011,29.89
zaf,2012,29.412
zaf,2013,29.584
zaf,2014,28.416
zaf,2015,30.689
zaf,2016,31.007
zaf,2017,31.429
zaf,2018,29.609
zaf,2019,29.734
zaf,2020,26.145
zaf,2021,26.503
zaf,2022,29.821
zmb,1969,12.09
zmb,1980,47.8
zmb,2000,39.94
zmb,2005,68.6
zmb,2008,56.09
zmb,2017,24.621
zmb,2018,35.753
zmb,2019,36.665
zmb,2020,39.352
zmb,2021,38.244
zmb,2022,35.388
zwe,1982,55.48
zwe,1986,59.6
zwe,1987,53.06
zwe,1997,54.27
zwe,1999,52.15
zwe,2004,74.13
zwe,2011,72.651
zwe,2012,48.26
zwe,2014,75.418
zwe,2019,50.073
zwe,2021,48.886
