geo,time,gc_rev_gotr_zs
afg,2006,76.19533
afg,2007,83.23912
afg,2008,92.91623
afg,2009,88.25339
afg,2010,88.78279
afg,2011,90.15175
afg,2012,88.01647
afg,2013,88.93533
afg,2014,87.4759
afg,2015,85.39774
afg,2016,81.02652
afg,2017,78.82995
ago,1999,61.21331
ago,2000,45.62557
ago,2001,29.75182
ago,2002,41.62512
ago,2003,41.93809
ago,2004,34.74364
ago,2005,29.94931
ago,2006,45.99552
ago,2007,50.06971
ago,2008,36.58875
ago,2009,16.18501
ago,2010,49.75901
ago,2011,61.97014
ago,2012,56.67511
ago,2013,57.71099
ago,2014,54.18743
ago,2015,35.65124
ago,2016,31.99141
ago,2017,38.62005
alb,1998,34.44038
alb,2002,19.4177
alb,2003,15.70177
alb,2004,11.78905
alb,2011,9.92107
alb,2012,9.42436
alb,2013,10.46305
alb,2014,9.8067
alb,2015,10.43439
alb,2016,12.34771
alb,2017,9.88261
alb,2018,9.02078
alb,2019,8.95801
are,2011,96.28375
are,2012,95.94749
are,2013,95.53217
are,2014,95.38877
are,2015,96.97764
are,2016,98.19291
are,2017,97.88658
are,2018,97.94829
are,2019,80.91446
arg,2002,14.60663
arg,2003,14.47779
arg,2004,7.17786
arg,2005,9.12836
arg,2006,12.17797
arg,2007,11.32328
arg,2008,13.11111
arg,2009,19.91225
arg,2010,19.63918
arg,2011,11.93486
arg,2012,16.17089
arg,2013,20.88014
arg,2014,24.61566
arg,2015,23.78412
arg,2016,25.80215
arg,2017,22.05275
arg,2018,20.16547
arg,2019,24.93937
arm,2004,13.84902
arm,2005,16.32364
arm,2006,17.01745
arm,2007,17.55719
arm,2013,8.03537
arm,2014,12.14844
arm,2015,11.13461
arm,2016,9.57739
arm,2017,9.01802
arm,2018,8.02292
arm,2019,7.77491
aus,1972,12.53439
aus,1973,12.50645
aus,1974,11.04219
aus,1975,9.95677
aus,1976,10.08609
aus,1977,10.58254
aus,1978,11.46079
aus,1979,11.00455
aus,1980,10.08508
aus,1981,9.2171
aus,1982,9.31005
aus,1983,10.33528
aus,1984,10.85744
aus,1985,10.36297
aus,1986,11.34014
aus,1987,11.27648
aus,1988,9.72788
aus,1989,8.41067
aus,1990,7.60245
aus,1991,7.19757
aus,1992,8.4732
aus,1993,8.58087
aus,1994,9.23587
aus,1999,10.76096
aus,2000,11.11428
aus,2001,8.23004
aus,2002,9.4578
aus,2003,8.72461
aus,2004,8.7659
aus,2005,8.47569
aus,2006,9.14902
aus,2007,9.03645
aus,2008,9.09725
aus,2009,10.2357
aus,2010,12.29889
aus,2011,10.71662
aus,2012,10.1322
aus,2013,10.43191
aus,2014,10.25684
aus,2015,10.87574
aus,2016,10.55657
aus,2017,11.41453
aus,2018,10.88178
aus,2019,11.36823
aut,1995,12.21741
aut,1996,10.73074
aut,1997,7.51141
aut,1998,7.33382
aut,1999,8.5004
aut,2000,8.79084
aut,2001,8.97758
aut,2002,9.86378
aut,2003,9.69196
aut,2004,10.00665
aut,2005,13.08787
aut,2006,13.09386
aut,2007,12.81307
aut,2008,12.21144
aut,2009,14.25363
aut,2010,12.82955
aut,2011,13.09109
aut,2012,12.52707
aut,2013,11.88169
aut,2014,11.50395
aut,2015,11.30218
aut,2016,12.41763
aut,2017,11.25042
aut,2018,11.40974
aze,2008,64.98321
aze,2009,63.02421
aze,2010,72.37032
aze,2011,71.65227
aze,2012,66.96449
aze,2013,64.45458
aze,2014,61.5075
aze,2015,49.46096
aze,2016,54.11591
aze,2017,58.94536
aze,2018,64.36608
aze,2019,63.66833
bdi,1973,44.69167
bdi,1974,45.45776
bdi,1975,47.40792
bdi,1976,47.78897
bdi,1977,30.18023
bdi,1978,24.05652
bdi,1979,20.05453
bdi,1980,25.87707
bdi,1981,35.41252
bel,1995,3.52684
bel,1996,3.66887
bel,1997,3.86755
bel,1998,3.21818
bel,1999,2.68049
bel,2000,3.23416
bel,2001,4.64586
bel,2002,4.03946
bel,2003,3.74119
bel,2004,3.24147
bel,2005,4.13099
bel,2006,4.05269
bel,2007,3.82592
bel,2008,4.29157
bel,2009,4.47425
bel,2010,5.15036
bel,2011,5.62172
bel,2012,5.6154
bel,2013,5.73004
bel,2014,5.72789
bel,2015,5.23483
bel,2016,8.08737
bel,2017,7.76643
bel,2018,8.81185
ben,1977,38.44469
ben,1978,28.03941
ben,1979,32.88447
bfa,2002,30.30707
bfa,2003,37.71361
bfa,2004,30.66487
bfa,2005,32.02762
bfa,2006,35.04581
bfa,2007,37.32338
bfa,2008,29.50063
bfa,2009,35.89551
bfa,2010,35.72622
bfa,2011,33.57732
bfa,2012,30.20716
bfa,2013,31.14703
bfa,2014,28.79767
bfa,2015,27.29113
bfa,2016,23.76462
bfa,2017,19.58982
bfa,2018,20.59912
bgd,2001,28.1602
bgd,2002,29.58924
bgd,2003,27.93979
bgd,2004,22.23321
bgd,2005,23.81223
bgd,2006,22.57547
bgd,2007,23.96816
bgd,2008,22.68025
bgd,2009,24.19227
bgd,2010,22.79894
bgd,2011,19.05124
bgd,2012,21.42758
bgd,2013,23.62111
bgd,2014,23.6065
bgd,2015,15.04839
bgd,2016,15.18918
bgr,1990,35.19439
bgr,1991,18.65858
bgr,1992,17.14997
bgr,1993,17.03036
bgr,1994,13.45484
bhr,1990,81.95933
bhr,1991,81.2433
bhr,1992,79.28141
bhr,1993,79.74046
bhr,1994,76.81935
bhr,1995,78.89578
bhr,1996,79.6875
bhs,1990,11.92053
bhs,1991,13.53169
bhs,1992,10.23386
bhs,1993,10.44214
bhs,1994,10.58592
bhs,1995,9.91973
bhs,1996,10.26688
bhs,1997,9.59858
bhs,1998,10.35211
bhs,1999,8.64487
bhs,2000,7.97088
bhs,2001,10.81022
bhs,2002,9.95917
bhs,2003,8.56731
bhs,2004,9.60334
bhs,2005,10.95063
bhs,2006,10.68608
bhs,2007,9.72931
bhs,2008,10.69589
bhs,2009,14.6828
bhs,2010,15.98662
bhs,2011,9.76572
bhs,2012,15.06615
bhs,2013,10.84548
bhs,2014,14.4943
bhs,2015,13.18492
bhs,2016,15.59005
bhs,2017,11.0756
bhs,2018,10.11961
bhs,2019,9.37961
bih,2005,16.46695
bih,2006,14.48155
bih,2007,16.87665
bih,2008,14.91677
bih,2009,8.93017
bih,2010,15.50715
bih,2011,13.58734
bih,2012,14.42228
bih,2013,14.39222
bih,2014,17.44552
bih,2015,14.82214
bih,2016,12.19121
bih,2017,12.67988
bih,2018,12.68457
bih,2019,11.79296
blr,1992,5.17241
blr,1993,2.83619
blr,1994,2.28024
blr,1995,4.11993
blr,1996,12.27
blr,1997,7.23427
blr,1998,7.36359
blr,1999,7.96476
blr,2000,4.74513
blr,2001,5.88336
blr,2002,6.81404
blr,2003,4.54809
blr,2004,11.01967
blr,2005,10.03974
blr,2006,12.20637
blr,2007,10.45328
blr,2008,7.98585
blr,2009,17.97462
blr,2010,13.15112
blr,2011,21.30867
blr,2012,21.23431
blr,2013,22.0196
blr,2014,26.21526
blr,2015,27.46558
blr,2016,29.66491
blr,2017,38.71923
blr,2018,35.05245
blr,2019,35.53839
blz,1990,20.61128
blz,1991,18.6676
blz,1992,17.94143
blz,1993,13.34484
blz,1994,13.50531
blz,1995,10.70124
blz,1996,13.38545
blz,1997,13.1354
blz,1998,15.26618
blz,1999,27.25571
blz,2000,18.06515
blz,2001,14.3076
blz,2002,11.33015
blz,2003,12.99828
blz,2004,11.54089
blz,2005,13.93948
blz,2006,14.54356
blz,2007,19.09156
blz,2008,21.06207
blz,2009,14.99302
blz,2010,14.85932
blz,2011,18.86182
blz,2012,12.55766
blz,2013,20.06694
blz,2014,14.559
blz,2015,12.94673
blz,2016,11.77134
blz,2017,12.74939
bol,2002,33.6822
bol,2003,35.83315
bol,2004,32.36578
bol,2005,31.74576
bol,2006,54.01817
bol,2007,29.09891
bra,2001,4.94893
bra,2002,3.65171
bra,2003,2.87866
bra,2004,3.05386
bra,2005,3.04416
bra,2006,18.99542
bra,2007,17.56849
bra,2008,22.08676
bra,2009,15.74495
bra,2010,19.29191
bra,2011,17.07548
bra,2012,20.26178
bra,2013,18.42658
bra,2014,16.90788
bra,2015,21.80387
bra,2016,22.61859
bra,2017,17.4296
bra,2018,18.94762
bra,2019,21.01482
brb,2003,5.83848
brb,2004,4.36187
brb,2005,4.43653
brb,2006,4.02755
brb,2007,4.17116
brb,2008,7.16866
brb,2009,12.78797
brb,2010,7.07912
brb,2011,6.93662
brb,2012,7.01573
brb,2013,6.70031
brb,2014,7.84185
brb,2015,5.60679
brb,2016,7.51009
btn,1982,84.62621
btn,1984,82.37762
btn,1985,85.52209
btn,1986,84.42513
btn,1988,86.608
btn,1989,85.55183
btn,1990,83.63469
btn,1991,83.71407
btn,1992,82.67891
btn,1993,83.32028
btn,1994,83.32726
btn,1995,81.76972
btn,1996,80.85845
btn,1997,81.06889
btn,1998,74.45977
btn,1999,81.47574
btn,2000,74.61416
btn,2001,77.73794
btn,2002,72.53668
btn,2003,61.31966
btn,2004,76.41033
btn,2005,70.78191
btn,2006,72.37113
btn,2007,76.56985
btn,2008,74.47513
btn,2009,72.23949
btn,2010,64.21574
btn,2011,58.75937
btn,2012,56.23512
btn,2013,50.43355
btn,2014,57.33439
btn,2015,47.72677
btn,2016,52.53039
btn,2017,48.76683
btn,2018,48.38907
bwa,1990,47.57415
bwa,1991,49.42024
bwa,1992,46.65484
bwa,1993,54.711
bwa,1994,48.3196
bwa,1995,59.29991
bwa,1996,67.07609
bwa,2006,41.82668
bwa,2007,39.48806
bwa,2008,32.60137
bwa,2009,33.00339
bwa,2010,35.59847
bwa,2011,35.26279
bwa,2012,28.3701
bwa,2013,34.42812
bwa,2014,32.63023
bwa,2015,25.7308
bwa,2016,37.96753
bwa,2017,29.19873
bwa,2018,26.77392
caf,2004,33.70372
caf,2008,39.83376
caf,2009,42.60034
caf,2010,43.09863
caf,2011,29.33128
caf,2012,46.91412
caf,2014,78.5484
caf,2015,40.82059
caf,2016,56.14401
caf,2017,48.78222
caf,2018,48.69052
can,1990,8.50458
can,1991,8.81653
can,1992,8.21435
can,1993,7.42549
can,1994,7.43489
can,1995,8.55919
can,1996,8.155
can,1997,8.8774
can,1998,8.82175
can,1999,8.7402
can,2000,9.27619
can,2001,9.14961
can,2002,8.65071
can,2003,8.46338
can,2004,6.81147
can,2005,6.54651
can,2006,6.75034
can,2007,7.41313
can,2008,7.6879
can,2009,7.03444
can,2010,7.21342
can,2011,7.24818
can,2012,7.68524
can,2013,7.06394
can,2014,6.14615
can,2015,6.07121
can,2016,5.50674
can,2017,6.86645
can,2018,6.96295
can,2019,6.08986
che,1990,9.91778
che,1991,9.87254
che,1992,10.0404
che,1993,11.70322
che,1994,11.80294
che,1995,12.5212
che,1996,10.9652
che,1997,10.31231
che,1998,9.77444
che,1999,9.86164
che,2000,9.86077
che,2001,11.15716
che,2002,10.95255
che,2003,11.25368
che,2004,11.32734
che,2005,12.13042
che,2006,12.19506
che,2007,11.63981
che,2008,12.96354
che,2009,12.66233
che,2010,12.75572
che,2011,12.3401
che,2012,11.97429
che,2013,12.31561
che,2014,11.74935
che,2015,12.29277
che,2016,12.03798
che,2017,11.71043
che,2018,12.18241
che,2019,11.43792
chl,1972,14.28571
chl,1973,15.625
chl,1974,29.18288
chl,1975,28.36305
chl,1976,26.35561
chl,1977,24.86256
chl,1978,26.91784
chl,1979,26.13002
chl,1980,23.22917
chl,1981,20.63246
chl,1982,22.3432
chl,1983,21.23345
chl,1984,20.49402
chl,1985,23.45891
chl,1986,20.8229
chl,1987,20.90741
chl,1988,23.41063
chl,1989,22.27801
chl,1990,21.01552
chl,1991,17.78841
chl,1992,17.35365
chl,1993,15.14605
chl,1994,15.57859
chl,2005,15.2918
chl,2006,15.00922
chl,2007,17.0454
chl,2008,18.03449
chl,2009,16.13538
chl,2010,12.69562
chl,2011,10.558
chl,2012,7.83067
chl,2013,10.03471
chl,2014,10.6103
chl,2015,10.32506
chl,2016,9.33312
chl,2017,10.4642
chl,2018,10.43724
chn,2005,14.35297
chn,2006,13.60831
chn,2007,42.70296
chn,2008,12.88746
chn,2009,11.61761
chn,2010,9.07332
chn,2011,8.23876
chn,2012,7.91995
chn,2013,9.56993
chn,2014,10.22867
chn,2015,13.18492
chn,2016,12.29329
chn,2017,8.94153
civ,1995,4.6385
civ,2001,6.99729
civ,2002,6.28106
civ,2003,7.91551
civ,2004,11.37288
civ,2005,13.66271
civ,2006,8.65059
civ,2007,14.55011
civ,2008,18.75208
civ,2009,22.43153
civ,2010,15.89899
civ,2011,14.45198
civ,2012,15.37798
civ,2013,16.0337
civ,2014,15.32229
civ,2015,15.37362
civ,2016,10.11885
civ,2017,8.34816
civ,2018,8.31503
cmr,1990,27.47501
cmr,1991,34.98617
cmr,1992,31.39683
cmr,1993,26.1637
cmr,1994,20.77602
cmr,1995,25.20409
cmr,1998,23.00565
cmr,1999,18.18643
cmr,2012,28.74105
cmr,2013,27.04092
cmr,2014,24.55281
cmr,2015,20.57502
cmr,2016,19.69763
cmr,2017,19.37474
cmr,2018,19.15663
cod,1972,14.24419
cod,1973,15.90909
cod,1974,12.58503
cod,1975,13.84929
cod,1976,16.40489
cod,1977,18.55422
cod,1978,20.65934
cod,1979,22.23127
cod,1980,28.06452
cod,1981,29.72058
cod,1982,22.26089
cod,1988,22.38023
cod,1989,20.17392
cog,2001,70.52197
cog,2002,73.32296
cog,2003,71.36104
cog,2004,77.86324
cog,2005,84.68419
cog,2006,87.86215
cog,2007,84.28442
cog,2008,88.55944
cog,2009,72.71379
cog,2010,87.56004
cog,2011,79.26465
cog,2012,77.93272
cog,2013,75.76982
cog,2014,70.06527
cog,2015,40.40855
cog,2016,35.21605
cog,2017,36.57157
cog,2018,67.4732
col,1998,12.22001
col,1999,12.0185
col,2000,13.40031
col,2013,39.32242
col,2014,23.17726
col,2015,20.58907
col,2016,24.45868
col,2017,23.6288
col,2018,18.50915
cpv,2005,30.84523
cpv,2006,27.2354
cpv,2007,23.35464
cpv,2008,23.56531
cpv,2009,32.08907
cpv,2010,34.06958
cpv,2011,22.16307
cpv,2012,25.13949
cpv,2013,25.6782
cpv,2014,23.56234
cpv,2015,28.76437
cpv,2016,27.44971
cpv,2017,28.08486
cri,2002,6.24487
cri,2003,6.81291
cri,2004,5.87489
cri,2005,6.16497
cri,2006,6.71842
cri,2007,6.01086
cri,2008,4.81595
cri,2009,9.20525
cri,2010,6.45218
cri,2011,5.72767
cri,2012,7.2456
cri,2013,5.94035
cri,2014,5.74985
cri,2015,6.10432
cri,2016,5.14673
cri,2017,7.39156
cri,2018,15.30399
cze,1995,12.75054
cze,1996,11.57621
cze,1997,11.11081
cze,1998,12.12761
cze,1999,11.69401
cze,2000,11.2308
cze,2001,15.93722
cze,2002,14.83131
cze,2003,20.45608
cze,2004,12.96583
cze,2005,12.9003
cze,2006,13.40289
cze,2007,13.4518
cze,2008,14.7603
cze,2009,16.9986
cze,2010,17.25733
cze,2011,16.76998
cze,2012,15.71101
cze,2013,15.39491
cze,2014,15.85366
cze,2015,17.19726
cze,2016,15.05515
cze,2017,13.91119
cze,2018,14.17016
deu,1991,8.96814
deu,1992,12.54278
deu,1993,13.12205
deu,1994,13.58289
deu,1995,10.44577
deu,1996,9.51889
deu,1997,9.19342
deu,1998,8.68053
deu,1999,8.2999
deu,2000,7.94855
deu,2001,9.67916
deu,2002,9.39575
deu,2003,12.09975
deu,2004,9.2936
deu,2005,9.52545
deu,2006,9.37854
deu,2007,8.16176
deu,2008,9.31154
deu,2009,10.34517
deu,2010,10.89712
deu,2011,11.50221
deu,2012,10.58603
deu,2013,9.63096
deu,2014,10.55305
deu,2015,9.57724
deu,2016,9.66208
deu,2017,8.67995
deu,2018,9.73251
dom,2003,9.31644
dom,2004,10.38168
dom,2005,8.33675
dom,2006,8.17132
dom,2007,10.28993
dom,2008,7.58051
dom,2009,9.13147
dom,2010,12.08335
dom,2011,10.51864
dom,2012,7.29866
dom,2013,9.1983
dom,2014,8.76959
dom,2015,25.48387
dom,2016,10.71624
dom,2017,10.94414
dom,2018,10.91013
egy,2002,37.46215
egy,2003,39.97458
egy,2004,36.88574
egy,2005,33.87634
egy,2006,37.3053
egy,2007,38.12158
egy,2008,34.03712
egy,2009,33.98251
egy,2010,32.72359
egy,2011,23.24334
esp,1995,14.56742
esp,1996,13.76736
esp,1997,13.51668
esp,1998,13.29743
esp,1999,12.93377
esp,2000,11.59079
esp,2001,12.63403
esp,2002,11.15503
esp,2003,10.35263
esp,2004,9.61624
esp,2005,8.39213
esp,2006,8.43556
esp,2007,8.77055
esp,2008,10.85257
esp,2009,12.97716
esp,2010,14.15374
esp,2011,21.65556
esp,2012,27.83184
esp,2013,17.47978
esp,2014,16.22035
esp,2015,14.89487
esp,2016,13.70102
esp,2017,13.12165
esp,2018,14.12459
est,1995,15.16106
est,1996,12.98755
est,1997,13.7424
est,1998,13.61258
est,1999,13.89062
est,2000,16.72488
est,2001,14.80705
est,2002,15.37021
est,2003,17.55856
est,2004,16.37899
est,2005,15.6661
est,2006,17.08767
est,2007,16.36358
est,2008,16.63352
est,2009,21.23415
est,2010,18.94776
est,2011,18.8396
est,2012,19.42306
est,2013,18.40934
est,2014,17.44572
est,2015,17.36084
est,2016,15.01328
est,2017,16.26046
est,2018,15.97867
eth,1990,29.10927
eth,1991,22.82985
eth,1992,26.51433
eth,1993,32.83473
eth,1994,32.19454
eth,1995,36.25112
eth,1996,35.31455
eth,1997,33.5555
eth,1998,32.85343
eth,1999,35.14159
eth,2001,49.40146
eth,2002,34.04866
eth,2003,41.95605
eth,2004,47.44819
eth,2005,45.17361
eth,2006,19.6805
eth,2007,19.78079
eth,2008,46.85634
eth,2009,53.41871
eth,2010,47.8309
eth,2011,38.75778
eth,2012,19.9869
eth,2013,31.51971
eth,2014,26.06828
eth,2015,25.16878
eth,2016,27.63909
eth,2017,26.01941
eth,2018,26.00474
eth,2019,31.00015
fin,1995,18.57536
fin,1996,16.42025
fin,1997,14.80362
fin,1998,14.53784
fin,1999,12.84623
fin,2000,11.256
fin,2001,12.71299
fin,2002,11.64521
fin,2003,11.83659
fin,2004,11.85858
fin,2005,11.91125
fin,2006,10.12667
fin,2007,11.03109
fin,2008,14.53324
fin,2009,15.10031
fin,2010,15.21018
fin,2011,14.02946
fin,2012,14.0698
fin,2013,13.55168
fin,2014,13.27685
fin,2015,14.10195
fin,2016,12.75534
fin,2017,12.49021
fin,2018,12.63369
fji,1990,16.4119
fji,1991,12.47011
fji,1992,15.00812
fji,1993,16.22469
fji,1994,17.12113
fji,1995,13.32075
fji,1996,14.06752
fji,2004,10.81188
fji,2005,11.26762
fji,2006,9.29535
fji,2010,10.39164
fji,2011,10.04959
fji,2012,9.20585
fji,2013,9.35431
fji,2014,12.41877
fji,2015,13.41332
fji,2016,10.08008
fji,2017,10.37063
fji,2018,10.48988
fsm,2008,81.74564
fsm,2009,86.19106
fsm,2010,86.72149
fsm,2011,84.94376
fsm,2012,86.5411
fsm,2013,82.70351
fsm,2014,64.88744
fsm,2015,84.46775
fsm,2016,84.43474
fsm,2017,77.67552
fsm,2018,50.86968
gab,2012,52.27831
gab,2013,45.61044
gab,2014,40.49662
gab,2015,34.90321
gab,2016,32.23404
gab,2017,35.45894
gab,2018,37.45428
gab,2019,39.61118
gbr,1972,10.79799
gbr,1973,11.44969
gbr,1974,11.88146
gbr,1975,12.19707
gbr,1976,11.59039
gbr,1977,12.42746
gbr,1978,12.39432
gbr,1979,13.16886
gbr,1980,13.57826
gbr,1981,13.06198
gbr,1982,12.75518
gbr,1983,12.92462
gbr,1984,12.21661
gbr,1985,11.84515
gbr,1986,10.65022
gbr,1987,10.75446
gbr,1988,10.38669
gbr,1989,10.19908
gbr,1990,8.24803
gbr,1991,8.54023
gbr,1992,6.95685
gbr,1993,6.85752
gbr,1994,6.24342
gbr,1995,4.9458
gbr,1996,4.75028
gbr,1997,3.9351
gbr,1998,3.64695
gbr,1999,3.24945
gbr,2000,3.28909
gbr,2001,3.61942
gbr,2002,3.33292
gbr,2003,3.2474
gbr,2004,4.17088
gbr,2005,5.86318
gbr,2006,4.33865
gbr,2007,4.86384
gbr,2008,4.89984
gbr,2009,5.40184
gbr,2010,4.75076
gbr,2011,4.34725
gbr,2012,7.06977
gbr,2013,7.69134
gbr,2014,6.44665
gbr,2015,6.31397
gbr,2016,6.00178
gbr,2017,6.38385
gbr,2018,6.30144
geo,2001,18.07947
geo,2002,12.22868
geo,2003,15.15706
geo,2004,25.84962
geo,2005,17.03118
geo,2006,20.04676
geo,2007,13.06596
geo,2008,17.69034
geo,2009,15.36099
geo,2010,15.29282
geo,2011,9.18482
geo,2012,10.58485
geo,2013,8.06784
geo,2014,7.90359
geo,2015,7.59929
geo,2016,6.91375
geo,2017,7.78438
geo,2018,8.49126
geo,2019,9.45574
gha,1990,10.4073
gha,1991,9.28293
gha,1992,8.92714
gha,1993,9.20023
gha,2001,31.24843
gha,2002,17.21114
gha,2003,25.48575
gha,2004,30.34669
gha,2005,29.30384
gha,2006,26.74734
gha,2007,29.78666
gha,2008,25.57377
gha,2009,32.1465
gha,2010,30.41656
gha,2011,30.64692
gha,2014,34.4572
gha,2015,34.15778
gha,2016,23.79264
gha,2017,22.24445
gha,2018,19.89062
gin,1989,40.35884
gmb,1990,28.87025
gmb,1991,17.00345
gmb,1992,11.70177
gmb,1993,6.64357
gmb,2001,36.99215
gmb,2002,45.79403
gmb,2003,37.28773
gmb,2004,37.18249
gmb,2005,35.14749
gmb,2006,20.22954
gmb,2007,18.11828
gmb,2008,15.98387
gmb,2009,25.68182
gnb,2017,43.0476
gnb,2019,38.14348
gnq,2006,75.75967
gnq,2007,79.51992
gnq,2008,77.43506
gnq,2009,61.75568
gnq,2010,71.52968
gnq,2011,75.21566
gnq,2012,68.72078
gnq,2013,65.94964
gnq,2014,65.71581
gnq,2015,56.5451
gnq,2016,62.02309
gnq,2017,65.61505
gnq,2018,68.83983
gnq,2019,50.00304
gtm,1990,12.38965
gtm,1991,16.59839
gtm,1992,19.41169
gtm,1993,10.21298
gtm,1994,9.41589
gtm,1995,5.98435
gtm,1996,3.14044
gtm,1997,6.4162
gtm,1998,6.76854
gtm,1999,4.98531
gtm,2000,6.16956
gtm,2001,10.03172
gtm,2002,4.53895
gtm,2003,4.01962
gtm,2004,3.62737
gtm,2005,3.78742
gtm,2006,4.34945
gtm,2007,3.86707
gtm,2008,3.79651
gtm,2009,3.57995
gtm,2010,3.92916
gtm,2011,3.36108
gtm,2012,3.58067
gtm,2013,2.73863
gtm,2014,4.32402
gtm,2015,3.56508
gtm,2016,5.45911
gtm,2017,3.15198
gtm,2018,3.2496
hnd,2003,22.50749
hnd,2004,21.31267
hnd,2005,22.69961
hnd,2006,22.07497
hnd,2007,20.32869
hnd,2008,24.14271
hnd,2009,23.45962
hnd,2010,21.12452
hnd,2011,19.90016
hnd,2012,20.09077
hnd,2013,18.67264
hnd,2014,18.01178
hnd,2015,16.70093
hun,1995,14.56032
hun,1996,18.29396
hun,1997,16.26914
hun,1998,14.53206
hun,1999,13.74333
hun,2000,12.97459
hun,2001,13.38244
hun,2002,12.6219
hun,2003,13.07038
hun,2004,15.41616
hun,2005,15.43617
hun,2006,17.29814
hun,2007,15.94359
hun,2008,15.35068
hun,2009,17.75856
hun,2010,19.38917
hun,2011,20.90321
hun,2012,23.97805
hun,2013,27.4267
hun,2014,27.42302
hun,2015,28.09639
hun,2016,23.09357
hun,2017,24.13313
hun,2018,25.23952
idn,2008,32.8898
idn,2009,26.95227
idn,2010,27.30641
idn,2011,27.80668
idn,2012,26.71678
idn,2013,25.11954
idn,2014,26.08119
idn,2015,17.70817
idn,2016,17.60153
idn,2017,19.43638
idn,2018,21.87931
ind,1974,14.36107
ind,1975,17.87698
ind,1976,19.10565
ind,1977,22.61833
ind,1978,19.90677
ind,1979,18.12338
ind,1980,18.8482
ind,1981,18.91713
ind,1982,20.71087
ind,1983,18.14722
ind,1984,20.97111
ind,1985,20.651
ind,1986,20.97458
ind,1987,21.17039
ind,1988,20.2568
ind,1989,23.56946
ind,1990,20.14188
ind,1991,21.86859
ind,1992,24.17658
ind,1993,26.29977
ind,1994,25.07546
ind,1995,24.69923
ind,1996,25.06239
ind,1997,25.04453
ind,1998,26.48121
ind,1999,26.47659
ind,2000,24.91542
ind,2001,26.9304
ind,2002,25.41282
ind,2003,23.51596
ind,2004,21.07807
ind,2005,18.63988
ind,2006,16.65337
ind,2007,16.35658
ind,2008,14.08071
ind,2009,14.18263
ind,2010,21.15828
ind,2011,11.58177
ind,2012,13.94969
ind,2013,12.64724
ind,2014,13.55985
ind,2015,14.86264
ind,2016,13.22488
ind,2017,10.54501
ind,2018,8.8639
irl,1991,14.9772
irl,1992,14.28191
irl,1993,14.47609
irl,1994,10.68401
irn,1972,63.81988
irn,1973,68.83673
irn,1974,86.95256
irn,1975,80.62454
irn,1976,79.04732
irn,1977,76.35551
irn,1978,64.99712
irn,1979,73.9736
irn,1980,68.1958
irn,1981,62.85566
irn,1982,69.39555
irn,1983,65.04777
irn,1984,59.07722
irn,1985,51.38509
irn,1986,31.88082
irn,1987,41.21137
irn,1988,41.29142
irn,1989,51.47781
irn,1990,59.88061
irn,1991,51.16679
irn,1992,51.01988
irn,1993,74.72868
irn,1994,74.92569
irn,1995,66.16186
irn,1996,59.4627
irn,1997,46.50343
irn,1998,39.26419
irn,1999,51.36329
irn,2000,61.41688
irn,2001,57.19568
irn,2002,67.13482
irn,2003,64.95371
irn,2004,66.00168
irn,2005,68.02714
irn,2006,66.82516
irn,2007,66.56579
irn,2008,61.64434
irn,2009,52.31426
irq,2014,97.6093
irq,2015,95.68191
irq,2016,92.46767
irq,2017,92.2272
irq,2018,94.9193
irq,2019,96.51693
isl,1990,14.45071
isl,1991,13.90315
isl,1992,15.22312
isl,1993,15.23862
isl,1994,15.91967
isl,1995,16.34212
isl,1996,15.36992
isl,1997,15.40665
isl,1998,13.05123
isl,1999,12.89222
isl,2000,12.90928
isl,2001,15.1694
isl,2002,14.40202
isl,2003,12.83219
isl,2004,12.43257
isl,2005,11.68867
isl,2006,11.26453
isl,2007,12.67048
isl,2008,15.74754
isl,2009,17.92579
isl,2010,15.10195
isl,2011,13.51351
isl,2012,15.41575
isl,2013,14.95835
isl,2014,14.82291
isl,2015,12.76719
isl,2016,10.33072
isl,2017,15.14403
isl,2018,14.7329
isl,2019,12.68115
isr,2000,25.3949
isr,2001,25.69251
isr,2002,27.47477
isr,2003,26.68168
isr,2004,25.01465
isr,2005,23.9289
isr,2006,24.29587
isr,2007,22.82405
isr,2008,23.79019
isr,2009,23.4199
isr,2010,23.48663
isr,2011,22.89809
isr,2012,23.45441
isr,2013,21.78864
isr,2014,21.70465
isr,2015,21.56335
isr,2016,20.88999
isr,2017,19.56548
isr,2018,20.39964
isr,2019,20.16955
ita,1995,16.2785
ita,1996,16.58259
ita,1997,15.39346
ita,1998,9.31894
ita,1999,7.00165
ita,2000,6.34093
ita,2001,7.50106
ita,2002,7.62738
ita,2003,7.06068
ita,2004,7.27396
ita,2005,7.01593
ita,2006,7.23497
ita,2007,7.1696
ita,2008,7.68737
ita,2009,9.66015
ita,2010,8.65482
ita,2011,7.79254
ita,2012,7.72853
ita,2013,8.20483
ita,2014,8.81966
ita,2015,9.39314
ita,2016,9.31866
ita,2017,9.55316
ita,2018,9.67916
jor,1990,42.31113
jor,1991,46.39042
jor,1992,33.45502
jor,1993,36.64013
jor,1994,34.85307
jor,1995,35.50678
jor,1996,32.74261
jor,1997,35.45824
jor,1998,36.20829
jor,1999,39.41803
jor,2000,34.64018
jor,2001,34.71489
jor,2002,37.94743
jor,2003,43.49476
jor,2004,37.66624
jor,2005,28.28655
jor,2006,23.94299
jor,2007,24.12187
jor,2008,21.05141
jor,2009,35.84889
jor,2010,35.51805
jor,2011,43.05399
jor,2012,33.21133
jor,2013,36.1933
jor,2014,44.16038
jor,2015,39.45676
jor,2016,39.6062
jor,2017,41.34973
jor,2018,43.94773
jor,2019,39.52001
jpn,1972,2.76684
jpn,1973,3.37229
jpn,1974,1.12549
jpn,1975,1.44316
jpn,1976,4.58671
jpn,1977,4.375
jpn,1978,4.72996
jpn,1979,5.06214
jpn,1980,5.88739
jpn,1981,6.61246
jpn,1982,6.0595
jpn,1983,5.22629
jpn,1984,5.16176
jpn,1985,5.00709
jpn,1986,4.86376
jpn,1987,5.58856
jpn,1988,5.86067
jpn,1989,5.94652
jpn,1990,5.46792
jpn,1991,13.72968
jpn,1992,14.3807
jpn,1993,14.39436
jpn,1994,8.11861
jpn,1995,9.35239
jpn,1996,9.47688
jpn,1997,9.85426
jpn,1998,11.26769
jpn,1999,11.69919
jpn,2000,11.60571
jpn,2001,12.56777
jpn,2002,12.36068
jpn,2003,11.58771
jpn,2004,11.06964
jpn,2005,12.15691
jpn,2006,12.38826
jpn,2007,13.11581
jpn,2008,14.27141
jpn,2009,13.92516
jpn,2010,11.72325
jpn,2011,10.92949
jpn,2012,11.04036
jpn,2013,11.01092
jpn,2014,8.93145
jpn,2015,10.26459
jpn,2016,10.10084
jpn,2017,9.95704
jpn,2018,10.07415
kaz,2005,24.04046
kaz,2006,17.51571
kaz,2007,28.71435
kaz,2008,38.38092
kaz,2009,30.834
kaz,2010,28.29758
kaz,2011,23.40746
kaz,2012,40.32146
kaz,2013,21.23892
kaz,2014,26.21108
kaz,2015,27.0476
kaz,2016,26.4625
kaz,2017,35.26033
kaz,2018,26.02468
ken,2014,22.13647
ken,2015,22.89533
ken,2016,20.003
ken,2017,26.47609
ken,2018,20.90677
kgz,2013,30.08169
kgz,2014,33.19822
kgz,2015,36.49193
kgz,2016,30.20286
kgz,2017,31.08102
kgz,2018,24.63551
khm,2002,42.12051
khm,2003,34.17055
khm,2004,30.32052
khm,2005,35.14552
khm,2006,28.16524
khm,2007,27.30316
khm,2008,28.54811
khm,2009,36.40855
khm,2010,39.43465
khm,2011,32.849
khm,2012,39.65661
khm,2013,32.48231
khm,2014,23.58782
khm,2015,21.24279
khm,2016,25.26864
khm,2017,22.81582
khm,2018,22.69225
khm,2019,20.39544
kir,2010,75.37078
kir,2011,71.79658
kir,2012,75.92664
kir,2013,80.05913
kir,2014,83.93812
kir,2015,82.53656
kir,2016,74.72644
kir,2017,78.49014
kna,1990,19.84761
kna,1991,14.1994
kna,1992,17.77873
kna,1993,17.0141
kna,1994,20.96889
kna,2000,28.43548
kna,2001,32.76934
kna,2002,12.67093
kna,2003,15.55211
kna,2004,15.33814
kna,2005,11.78893
kna,2006,9.28905
kna,2007,13.15362
kna,2008,26.33845
kna,2009,34.686
kna,2010,38.95001
kna,2011,43.19298
kna,2012,51.97985
kna,2013,56.12081
kna,2014,50.45022
kna,2015,46.14389
kna,2016,41.68128
kna,2017,40.54154
kwt,1972,9.86842
kwt,1973,13.97695
kwt,1974,54.25844
kwt,1977,93.74373
kwt,1978,89.35961
kwt,1979,95.90996
kwt,1980,96.97802
kwt,1981,95.88198
kwt,1982,94.99064
kwt,1983,95.24729
kwt,1984,95.38779
kwt,1985,96.70532
kwt,1986,97.70236
kwt,1990,97.36842
kwt,1991,96.94656
kwt,1992,99.1453
kwt,1993,96.51522
kwt,1994,95.87426
kwt,1995,96.88547
kwt,1996,97.27136
kwt,1997,97.42182
kwt,1998,96.5896
kwt,2001,97.8833
kwt,2002,97.74225
kwt,2003,97.20827
kwt,2004,97.35401
kwt,2005,98.21232
kwt,2006,98.14117
kwt,2007,98.12261
kwt,2008,98.33029
kwt,2009,98.30799
kwt,2010,98.4773
kwt,2011,98.86716
kwt,2012,98.89919
kwt,2013,98.78126
kwt,2014,98.32622
kwt,2015,96.42482
lbn,1997,24.23857
lbn,1998,25.64603
lbn,1999,27.94704
lbn,2000,23.91648
lbn,2001,24.06451
lbn,2002,21.25005
lbn,2003,23.50381
lbn,2004,23.55185
lbn,2005,27.03913
lbn,2006,34.85267
lbn,2007,32.41248
lbn,2008,26.24486
lbn,2009,23.46042
lbn,2010,15.42121
lbn,2011,23.54643
lbn,2012,22.62554
lbn,2013,23.05477
lbn,2014,28.34641
lbn,2015,26.02821
lbn,2016,25.16556
lbn,2017,24.05311
lbn,2018,20.91462
lbr,2005,11.91906
lbr,2006,5.26197
lbr,2007,5.58703
lbr,2008,17.89643
lbr,2010,21.7143
lbr,2011,25.72594
lbr,2012,20.58375
lbr,2013,23.44809
lca,2000,13.40304
lca,2001,13.57547
lca,2002,15.18869
lca,2003,15.42336
lca,2004,8.86671
lca,2005,6.92548
lca,2006,7.25165
lca,2007,7.52404
lca,2008,9.55388
lca,2009,9.12747
lca,2010,13.24018
lca,2011,10.21572
lca,2012,11.18574
lca,2013,7.7588
lca,2014,10.96477
lca,2015,9.92022
lca,2016,6.85831
lca,2017,12.18523
lka,1990,17.14605
lka,1991,18.68275
lka,1992,18.33493
lka,1993,17.42541
lka,1994,15.35061
lka,1995,17.78441
lka,1996,14.64373
lka,1997,16.15207
lka,1998,17.54453
lka,1999,16.31681
lka,2000,14.03814
lka,2001,13.00978
lka,2002,15.94843
lka,2003,17.42724
lka,2004,10.95183
lka,2005,17.1154
lka,2006,14.21202
lka,2007,12.98961
lka,2008,13.70307
lka,2009,13.15773
lka,2010,11.78649
lka,2011,13.12525
lka,2012,13.69138
lka,2013,11.46838
lka,2014,10.25554
lka,2015,6.15415
lka,2016,12.48655
lka,2017,7.96077
lka,2018,10.08698
lka,2019,7.10438
lso,1984,20.57416
lso,1986,19.58677
lso,1987,27.78488
lso,1988,28.90024
lso,1989,34.36849
lso,1991,37.75143
lso,1992,33.69821
lso,1993,35.78626
lso,1994,38.81797
lso,1995,41.89017
lso,1996,41.1694
lso,1997,37.99147
lso,1998,39.11699
lso,1999,32.88001
lso,2000,42.34407
lso,2001,35.7622
lso,2002,38.71484
lso,2003,35.14554
lso,2004,33.15048
lso,2005,34.30469
lso,2006,37.63746
lso,2007,36.04723
lso,2008,38.59119
lso,2009,37.49808
lso,2010,45.61692
lso,2011,41.22993
lso,2012,41.05047
lso,2013,38.21571
lso,2014,34.00236
lso,2015,33.63906
lso,2016,35.17682
lso,2017,33.46112
lso,2018,33.21288
ltu,2004,14.52029
ltu,2005,16.56177
ltu,2006,15.41479
ltu,2007,17.16925
ltu,2008,17.03128
ltu,2009,23.80858
ltu,2010,30.09634
ltu,2011,29.42196
ltu,2012,28.77998
ltu,2013,28.54041
ltu,2014,29.97054
ltu,2015,26.5693
ltu,2016,22.32107
ltu,2017,20.20582
ltu,2018,20.32191
lva,1995,21.38533
lva,1996,17.93207
lva,1997,22.19882
lva,1998,18.93796
lva,1999,17.39778
lva,2000,16.65489
lva,2001,14.5018
lva,2002,17.50929
lva,2003,17.09422
lva,2004,21.88153
lva,2005,20.92449
lva,2006,22.33303
lva,2007,19.00876
lva,2008,20.18429
lva,2009,29.97299
lva,2010,33.67808
lva,2011,31.62602
lva,2012,29.66507
lva,2013,26.71899
lva,2014,26.11869
lva,2015,24.87696
lva,2016,21.27439
lva,2017,21.86032
lva,2018,24.62217
mac,1996,17.18877
mac,1997,12.68891
mac,1998,18.78892
mac,1999,29.13724
mac,2000,15.8785
mac,2001,17.80688
mac,2002,13.41189
mac,2003,12.65514
mac,2004,9.82518
mac,2005,13.70597
mac,2006,12.95899
mac,2007,11.65708
mac,2008,8.73187
mac,2009,10.57267
mac,2010,5.60328
mac,2011,5.66338
mac,2012,5.01463
mac,2013,4.49561
mac,2014,4.99731
mac,2015,7.29197
mac,2016,6.06923
mac,2017,5.17577
mac,2018,4.95111
mac,2019,4.31345
mar,1990,11.3124
mar,1991,10.27041
mar,1992,9.46201
mar,1993,15.01454
mar,1994,14.18352
mar,1995,14.26449
mar,1997,12.10973
mar,1998,11.60111
mar,1999,13.21865
mar,2002,17.82018
mar,2003,14.70178
mar,2004,17.14016
mar,2005,16.39937
mar,2006,18.02192
mar,2007,16.05496
mar,2008,15.23777
mar,2009,18.13788
mar,2010,14.89831
mar,2011,14.34421
mar,2012,14.74923
mar,2013,19.73607
mar,2014,21.40549
mar,2015,19.52076
mar,2016,17.77261
mar,2017,17.35728
mar,2018,16.32244
mar,2019,16.84399
mda,2002,27.7059
mda,2003,24.75724
mda,2004,20.06956
mda,2005,22.90455
mda,2006,21.21662
mda,2007,22.46454
mda,2008,19.48052
mda,2009,22.74127
mda,2010,23.81099
mda,2011,19.23762
mda,2012,18.12091
mda,2013,17.58458
mda,2014,19.87791
mda,2015,14.78973
mda,2016,9.53614
mda,2017,8.08869
mda,2018,6.51832
mda,2019,8.88388
mdg,1990,6.74399
mdg,1991,5.00283
mdg,1992,3.87212
mdg,1993,5.30576
mdg,1994,6.1857
mdg,1995,2.42883
mdg,2003,34.29811
mdg,2004,46.45469
mdg,2005,39.4754
mdg,2006,50.31722
mdg,2007,29.43589
mdg,2008,33.11543
mdg,2009,14.78717
mdg,2010,25.96329
mdg,2011,17.35907
mdg,2012,15.20264
mdg,2013,13.29295
mdg,2014,21.56805
mdg,2015,14.65764
mdg,2016,26.92032
mdg,2017,22.95684
mdg,2018,22.17367
mdg,2019,24.16522
mdv,1979,69.87448
mdv,1980,71.22807
mdv,1981,70.80201
mdv,1982,63.60485
mdv,1983,57.40281
mdv,1984,56.26911
mdv,1985,43.19899
mdv,1986,57.45721
mdv,1987,55.10662
mdv,1988,51.46171
mdv,1989,54.67298
mdv,1990,46.86921
mdv,1991,53.87328
mdv,1992,46.01462
mdv,1993,47.1114
mdv,1994,53.04211
mdv,1995,54.55516
mdv,1996,54.41994
mdv,1997,52.52719
mdv,1998,53.18189
mdv,1999,56.00324
mdv,2000,57.19654
mdv,2001,58.23623
mdv,2002,59.72181
mdv,2003,58.54463
mdv,2004,51.60987
mdv,2005,62.36702
mdv,2006,61.1709
mdv,2007,61.44372
mdv,2008,54.58984
mdv,2009,52.24528
mex,1991,8.29135
mex,1992,10.8891
mex,1993,7.96636
mex,1994,12.354
mex,1995,16.36777
mex,1996,16.3497
mex,1997,10.87495
mex,1998,8.43129
mex,1999,9.36105
mex,2000,8.85353
mex,2008,45.89237
mex,2009,37.39664
mex,2010,36.20305
mex,2011,39.97124
mex,2012,40.83842
mex,2013,37.62475
mex,2014,33.85634
mex,2015,23.54403
mex,2016,22.77831
mex,2017,26.47086
mex,2018,21.00249
mhl,2008,71.55838
mhl,2009,71.50698
mhl,2010,71.7432
mhl,2011,70.64936
mhl,2012,68.7599
mhl,2013,69.89414
mhl,2014,69.74265
mhl,2015,70.62814
mhl,2016,71.37324
mhl,2017,74.11648
mhl,2018,71.56368
mkd,2005,20.48117
mkd,2006,15.20951
mkd,2007,16.22586
mkd,2013,18.08718
mkd,2014,14.07785
mkd,2015,15.39746
mkd,2016,12.9709
mkd,2017,13.99839
mkd,2018,10.53333
mkd,2019,11.5039
mli,2000,29.51997
mli,2001,26.17555
mli,2002,27.39834
mli,2003,34.28151
mli,2004,29.27216
mli,2005,29.10158
mli,2006,73.15296
mli,2007,34.53635
mli,2008,30.96522
mli,2009,31.36126
mli,2010,27.2688
mli,2011,24.09271
mli,2012,7.87483
mli,2013,27.67427
mli,2014,13.03926
mli,2015,14.33481
mli,2016,14.21772
mli,2017,17.24964
mli,2018,15.83826
mli,2019,17.11955
mmr,2012,77.09472
mmr,2013,72.63666
mmr,2014,73.66195
mmr,2015,67.85617
mmr,2016,58.1289
mmr,2017,63.07804
mmr,2018,60.95597
mmr,2019,58.87284
mng,1992,28.27491
mng,1993,12.9803
mng,1994,25.86653
mng,1995,31.73114
mng,1996,30.94426
mng,1997,26.71541
mng,1998,43.37184
mng,1999,35.58614
mng,2000,31.59937
mng,2001,32.07634
mng,2002,38.37227
mng,2003,33.69056
mng,2006,16.5792
mng,2007,30.45993
mng,2008,19.23519
mng,2009,26.18231
mng,2010,26.6406
mng,2011,28.6321
mng,2012,33.02413
mng,2013,31.31861
mng,2014,38.08127
mng,2015,35.75951
mng,2016,33.47402
mng,2017,35.21376
mng,2018,29.55775
moz,2010,36.23491
moz,2011,31.85117
moz,2012,27.77052
moz,2013,26.34996
moz,2014,22.3336
moz,2015,23.75435
moz,2016,12.11894
moz,2017,11.95963
moz,2018,11.87606
mus,2002,15.01051
mus,2003,14.7892
mus,2004,14.1407
mus,2005,9.13929
mus,2006,10.2538
mus,2007,10.31174
mus,2008,11.40389
mus,2009,16.26627
mus,2010,13.35628
mus,2011,12.93653
mus,2012,12.24216
mus,2013,11.59528
mus,2014,11.71794
mus,2015,12.42991
mus,2016,12.67811
mus,2017,14.41542
mus,2018,12.7357
mwi,2009,39.17989
mwi,2010,37.19833
mwi,2011,28.87965
mwi,2012,20.92945
mwi,2013,39.72043
mwi,2014,20.46812
mwi,2015,20.38362
mwi,2016,21.04859
mwi,2017,20.45796
mwi,2018,12.5452
mwi,2019,12.8849
mys,1996,16.74625
mys,1997,15.73721
mys,1998,16.60595
mys,1999,28.2617
mys,2000,21.80411
mys,2001,21.49068
mys,2002,19.94276
mys,2003,29.92938
mys,2004,27.51263
mys,2005,24.18558
mys,2006,29.88013
mys,2007,31.96686
mys,2008,29.34795
mys,2009,32.86379
mys,2010,31.40418
mys,2011,27.25395
mys,2012,27.06385
mys,2013,26.91004
mys,2014,25.57301
mys,2015,24.48685
mys,2016,20.27949
mys,2017,19.39486
mys,2018,25.25844
mys,2019,31.7112
nam,1990,17.24378
nam,1991,15.42311
nam,1992,16.15965
nam,1993,10.29502
nam,1994,14.06062
nam,1995,11.37323
nam,1996,11.75297
nam,1997,9.55949
nam,1998,10.28522
nam,1999,9.03864
nam,2000,9.07506
nam,2001,9.35977
nam,2002,12.10865
nam,2003,11.25806
nam,2004,8.54538
nam,2005,9.04299
nam,2006,10.43339
nam,2007,7.90886
nam,2008,9.95083
nam,2009,7.75037
nam,2010,8.41736
nam,2011,9.69978
nam,2012,7.36972
nam,2013,8.56625
nam,2014,6.52947
nam,2015,6.53441
nam,2016,6.93251
nam,2017,9.86787
nam,2018,14.38883
nic,1990,20.33734
nic,1991,42.56063
nic,1992,22.10392
nic,1993,31.47945
nic,1994,24.14522
nic,1995,31.16892
nic,1996,27.53211
nic,1997,19.51268
nic,1998,17.49319
nic,1999,29.06234
nic,2000,26.67907
nic,2001,25.02939
nic,2002,23.26759
nic,2003,22.9572
nic,2004,22.95111
nic,2005,21.71992
nic,2006,23.31054
nic,2007,22.48487
nic,2008,19.64221
nic,2009,17.68272
nic,2010,15.86119
nic,2011,15.57513
nic,2012,14.91816
nic,2013,12.66782
nic,2014,12.23819
nic,2015,12.02088
nic,2016,12.68792
nic,2017,11.54953
nic,2018,10.97026
nic,2019,10.48928
nld,1995,12.43051
nld,1996,12.74178
nld,1997,11.78284
nld,1998,10.95978
nld,1999,9.58407
nld,2000,10.383
nld,2001,12.34217
nld,2002,10.74879
nld,2003,11.53165
nld,2004,12.43172
nld,2005,12.14075
nld,2006,13.28882
nld,2007,12.75136
nld,2008,15.9442
nld,2009,15.51681
nld,2010,15.25188
nld,2011,15.426
nld,2012,17.14052
nld,2013,18.15981
nld,2014,15.15469
nld,2015,11.87136
nld,2016,9.80779
nld,2017,8.96048
nld,2018,8.72006
nor,1995,21.50113
nor,1996,21.9382
nor,1997,21.49986
nor,1998,17.08827
nor,1999,18.70272
nor,2000,25.14136
nor,2001,24.3734
nor,2002,21.2916
nor,2003,22.60922
nor,2004,22.51592
nor,2005,23.65372
nor,2006,26.25239
nor,2007,26.58454
nor,2008,28.67496
nor,2009,25.29676
nor,2010,23.08421
nor,2011,24.36436
nor,2012,25.25824
nor,2013,25.44303
nor,2014,27.32913
nor,2015,28.37815
nor,2016,27.83174
nor,2017,27.92122
nor,2018,28.39718
npl,1990,31.49663
npl,1991,34.82624
npl,1992,32.37484
npl,1993,35.39456
npl,1994,27.42779
npl,1995,27.17524
npl,1996,30.93299
npl,1997,30.63972
npl,1998,29.32235
npl,1999,26.22791
npl,2000,27.95393
npl,2001,26.5298
npl,2002,28.4123
npl,2003,34.49973
npl,2004,32.21181
npl,2005,34.38359
npl,2006,31.71595
npl,2007,30.39616
npl,2008,29.41936
npl,2009,29.49749
npl,2010,26.1107
npl,2011,28.33246
npl,2012,25.72846
npl,2013,21.66746
npl,2014,22.78406
npl,2015,20.90397
npl,2016,19.65119
npl,2017,14.06379
nru,2014,80.02804
nru,2015,82.92533
nru,2016,75.33424
nru,2017,77.60755
nru,2018,74.4391
nzl,2001,30.88275
nzl,2002,34.02801
nzl,2003,33.89083
nzl,2004,34.16218
nzl,2005,34.30059
pak,1973,20.46442
pak,1974,16.5534
pak,1975,16.84088
pak,1976,23.44174
pak,1977,23.34309
pak,1978,22.47743
pak,1979,21.11038
pak,1980,21.70156
pak,1981,21.488
pak,1982,22.35216
pak,1983,22.25596
pak,1984,23.69622
pak,1985,26.3735
pak,1986,26.42901
pak,1988,28.95716
pak,1989,30.21409
pak,1997,19.4752
pak,1998,20.78172
pak,1999,16.69459
pak,2000,32.19355
per,1995,12.08588
per,1996,14.06806
per,1997,12.8002
per,1998,14.45553
per,1999,16.30657
per,2000,20.17557
per,2001,14.872
per,2002,17.78281
per,2003,14.99546
per,2004,13.00622
per,2005,15.56772
per,2006,14.44181
per,2007,15.12921
per,2008,14.65842
per,2009,14.35177
per,2010,15.38963
per,2011,15.38091
per,2012,14.53971
per,2013,14.94529
per,2014,14.25758
per,2015,12.8668
per,2016,13.00202
per,2017,15.42399
per,2018,13.90597
phl,1990,14.15799
phl,1991,15.85185
phl,1992,13.34144
phl,1993,11.03785
phl,1994,11.40946
phl,1995,8.23722
phl,1996,9.11463
phl,1997,10.86686
phl,1998,9.59488
phl,1999,8.98825
phl,2000,11.27168
phl,2001,13.8247
phl,2002,12.5212
phl,2003,14.23451
phl,2004,14.6607
phl,2005,13.48823
phl,2006,11.84545
phl,2007,10.93713
phl,2008,10.5363
phl,2009,12.59925
phl,2010,9.46282
phl,2011,11.58278
phl,2012,10.85329
phl,2013,10.36974
phl,2014,9.84749
phl,2015,11.29984
phl,2016,9.80787
phl,2017,8.96428
phl,2018,9.48014
plw,2008,62.00943
plw,2009,62.42569
plw,2010,64.31881
plw,2011,60.24872
plw,2012,60.14298
plw,2013,55.93314
plw,2014,56.54758
plw,2015,51.54391
plw,2016,52.2862
plw,2017,50.29065
plw,2018,52.35925
png,1990,37.84688
png,1991,46.90144
png,1992,30.27473
png,1993,25.70698
png,1994,18.90107
png,1995,23.09401
png,1996,16.31561
png,1997,19.54964
png,1998,20.19786
png,1999,22.44096
png,2000,32.98898
png,2001,9.30777
png,2002,7.97397
png,2014,13.83495
png,2015,16.77217
png,2016,19.68423
png,2017,20.68281
png,2018,25.62827
prt,2010,15.8473
prt,2011,15.02591
prt,2012,19.43487
prt,2013,17.22098
prt,2014,16.64685
prt,2015,16.25635
prt,2016,15.9211
prt,2017,14.87043
pry,2005,30.72066
pry,2006,30.5645
pry,2007,30.6045
pry,2008,27.72644
pry,2009,28.24654
pry,2010,25.0019
pry,2011,25.69046
pry,2012,26.67466
pry,2013,23.58336
pry,2014,20.38193
pry,2015,25.9149
pry,2016,29.21884
pry,2017,25.05689
pry,2018,17.075
pse,2005,44.3607
pse,2006,46.65091
pse,2007,51.94865
pse,2008,66.30923
pse,2009,51.80294
pse,2010,42.24131
pse,2011,37.2634
pse,2012,32.76429
pse,2013,40.53671
pse,2014,35.55315
pse,2015,26.37162
pse,2016,26.77861
pse,2017,23.45036
pse,2018,24.36383
rou,2018,18.6572
rus,2002,27.04786
rus,2003,26.12488
rus,2004,28.25337
rus,2005,32.95622
rus,2006,27.0647
rus,2007,34.65
rus,2008,42.27644
rus,2009,30.84659
rus,2010,35.86139
rus,2011,40.0222
rus,2012,37.2214
rus,2013,34.72999
rus,2014,33.51026
rus,2015,39.93758
rus,2016,43.13844
rus,2017,41.0721
rus,2018,43.77996
rus,2019,45.89527
rwa,1973,8.10252
rwa,1974,8.31107
rwa,1975,15.88822
rwa,1976,5.58519
rwa,1977,5.18212
rwa,1978,8.061
rwa,1979,6.45135
rwa,1980,13.98044
rwa,1989,28.32342
rwa,2014,47.47244
rwa,2015,43.78914
rwa,2016,37.13835
rwa,2017,37.41913
rwa,2018,36.1132
sau,2010,93.23676
sau,2011,94.74734
sau,2012,94.37979
sau,2013,93.35872
sau,2014,92.44276
sau,2015,86.64749
sau,2016,84.21654
sau,2017,87.36046
sau,2018,70.93678
sdn,1998,13.6577
sdn,1999,20.52924
sdn,2009,56.68376
sdn,2010,51.66145
sdn,2011,67.55693
sdn,2012,29.77567
sdn,2013,29.66323
sdn,2014,31.33012
sdn,2015,23.00284
sdn,2016,18.33104
sen,2015,22.346
sen,2016,20.82589
sen,2017,30.18173
sen,2018,29.1203
sgp,1972,32.02026
sgp,1973,27.77256
sgp,1974,25.28025
sgp,1975,27.68595
sgp,1976,28.18671
sgp,1977,29.7457
sgp,1978,30.34565
sgp,1979,30.61183
sgp,1980,30.9348
sgp,1981,30.39631
sgp,1982,29.00376
sgp,1983,34.70508
sgp,1984,35.63008
sgp,1985,40.56464
sgp,1986,49.97599
sgp,1987,53.98934
sgp,1988,45.7347
sgp,1989,38.77785
sgp,1990,42.62534
sgp,1991,40.13756
sgp,1992,39.46168
sgp,1993,43.22121
sgp,1994,36.06742
sgp,1995,38.41664
sgp,1996,43.10154
sgp,1997,42.92305
sgp,1998,47.86336
sgp,1999,47.30226
sgp,2000,42.15389
sgp,2001,40.0965
sgp,2002,40.09972
sgp,2003,35.92871
sgp,2004,38.21403
sgp,2005,36.30344
sgp,2006,33.89486
sgp,2007,33.40128
sgp,2008,32.62584
sgp,2009,24.03812
sgp,2010,23.79894
sgp,2011,23.00246
sgp,2012,22.29318
sgp,2013,23.01904
sgp,2014,24.77314
sgp,2015,26.98953
sgp,2016,27.92936
sgp,2017,30.70288
sgp,2018,28.45408
sgp,2019,37.07661
slb,2011,23.35485
slb,2012,23.00219
slb,2013,41.33846
slb,2014,39.01143
slb,2015,39.10371
slb,2016,33.86164
slb,2017,35.01859
slb,2018,29.68178
slb,2019,34.76941
slv,2002,20.40271
slv,2003,13.39969
slv,2004,17.52728
slv,2005,10.06692
slv,2006,15.03897
slv,2007,11.25857
slv,2008,15.86192
slv,2009,9.04297
slv,2010,9.6284
slv,2011,21.51579
slv,2012,11.75408
slv,2013,16.78165
slv,2014,7.4373
slv,2015,7.62007
slv,2016,8.34765
slv,2017,12.04187
slv,2018,10.85591
slv,2019,9.89203
smr,2002,34.41801
smr,2003,35.07239
smr,2004,40.88151
smr,2005,38.63825
smr,2006,34.24531
smr,2007,29.18894
smr,2008,31.0534
smr,2009,34.43182
smr,2010,34.90042
smr,2011,38.38966
smr,2012,37.61008
smr,2013,41.12058
smr,2014,40.23033
smr,2015,41.49124
smr,2016,43.79364
smr,2017,42.24181
smr,2018,37.27877
som,2017,42.59191
som,2018,35.10226
som,2019,54.68045
srb,2007,9.77513
srb,2008,9.58272
srb,2009,10.83702
srb,2010,11.47003
srb,2011,11.72202
srb,2012,11.61725
swe,1991,10.05272
swe,1992,10.24684
swe,1993,10.42848
swe,1994,11.4779
syc,1993,22.86577
syc,1994,22.34295
syc,1995,24.59977
syc,1996,30.27228
syc,1997,28.8777
syc,1998,31.32354
syc,1999,29.98145
syc,2005,34.61823
syc,2006,39.5529
syc,2007,24.78232
syc,2008,35.35071
syc,2009,22.79233
syc,2010,17.17465
syc,2011,13.88396
syc,2012,18.8974
syc,2013,17.78538
syc,2014,13.18935
syc,2015,14.50017
syc,2016,15.91257
syc,2017,11.45819
syc,2018,14.89966
tgo,2004,7.91621
tgo,2005,5.23136
tgo,2006,14.38917
tgo,2007,12.43327
tgo,2008,15.47199
tgo,2009,27.96867
tgo,2010,31.30742
tgo,2011,27.36336
tgo,2012,21.21678
tgo,2013,24.95776
tgo,2014,16.33252
tgo,2015,16.68858
tgo,2016,17.4279
tgo,2017,20.64172
tgo,2018,29.363
tgo,2019,25.4894
tha,2002,13.64279
tha,2003,17.18267
tha,2004,13.728
tha,2005,13.25622
tha,2006,11.53924
tha,2007,11.71349
tha,2008,13.07334
tha,2009,12.96906
tha,2010,13.91681
tha,2011,12.41112
tha,2012,13.34783
tha,2013,12.71261
tha,2014,14.2408
tha,2015,15.74128
tha,2016,16.97242
tha,2017,17.22241
tha,2018,17.48167
tjk,1998,6.6567
tjk,1999,5.6672
tjk,2000,9.30711
tjk,2001,10.73107
tjk,2003,17.69351
tjk,2004,20.46506
tls,2010,63.52468
tls,2011,63.37369
tls,2012,58.92615
tls,2013,64.68827
tls,2014,61.2458
tls,2015,64.46171
tls,2016,73.77643
tls,2017,67.46166
tls,2018,68.28268
tto,1976,20.79043
tto,1977,17.15988
tto,1978,20.02854
tto,1979,20.17627
tto,1980,16.48411
tto,1981,16.77082
tto,1993,15.45367
tto,1994,16.82446
tto,1995,15.44221
tto,1996,15.50791
tto,1997,16.50258
tto,1998,20.20366
tto,1999,18.94199
tto,2000,15.1038
tto,2001,14.08318
tto,2002,16.72513
tto,2003,12.57212
tto,2004,11.73453
tto,2005,10.36726
tto,2006,9.82854
tto,2007,11.08528
tun,1990,25.47483
tun,1991,19.40043
tun,1992,20.25205
tun,1993,20.94241
tun,1994,20.86376
tun,1995,17.93065
tun,1996,17.77251
tun,1997,14.63218
tun,1998,13.26826
tun,1999,11.88973
tur,2008,22.18139
tur,2009,22.5743
tur,2010,20.52829
tur,2011,20.83055
tur,2012,22.0465
tur,2013,21.20156
tur,2014,21.27914
tur,2015,19.87385
tur,2016,20.46434
tur,2017,19.01216
tur,2018,21.99161
tur,2019,27.39911
tza,2009,37.07746
tza,2010,37.07746
tza,2011,33.02627
tza,2012,28.71616
tza,2013,31.51206
tza,2014,18.9524
tza,2015,26.2188
tza,2016,11.3344
tza,2017,18.38167
tza,2018,21.55131
uga,2015,12.43441
uga,2016,11.84696
uga,2017,11.0938
uga,2018,9.58748
ukr,1999,10.14904
ukr,2000,25.40454
ukr,2001,33.7502
ukr,2002,30.886
ukr,2003,29.3371
ukr,2004,30.33109
ukr,2005,24.27406
ukr,2006,23.71338
ukr,2007,23.90289
ukr,2008,26.24108
ukr,2009,28.3308
ukr,2010,29.98334
ukr,2011,23.37007
ukr,2012,25.38576
ukr,2013,24.09125
ukr,2014,22.95073
ukr,2015,22.64724
ukr,2016,23.99664
ukr,2017,24.62929
ukr,2018,22.01375
ukr,2019,23.51255
ury,2001,16.99167
ury,2002,17.57568
ury,2003,13.62212
ury,2004,14.51023
ury,2005,14.2773
ury,2006,12.24069
ury,2007,12.25481
ury,2008,11.83808
ury,2009,8.914
ury,2010,10.18641
ury,2011,8.62709
ury,2012,7.2535
ury,2013,9.46476
ury,2014,8.89978
ury,2015,7.87253
ury,2016,7.39394
ury,2017,8.93993
ury,2018,7.33039
usa,1989,9.38391
usa,1990,9.50452
usa,1991,14.75015
usa,1992,9.94697
usa,1993,10.33395
usa,1994,8.40869
usa,1995,9.17067
usa,1996,7.62549
usa,1997,7.66916
usa,1998,6.69435
usa,1999,6.66672
usa,2000,6.83893
usa,2001,6.52254
usa,2002,7.20206
usa,2003,7.28387
usa,2004,6.76635
usa,2005,6.23676
usa,2006,6.39986
usa,2007,6.86876
usa,2008,7.65875
usa,2009,13.27132
usa,2010,14.05114
usa,2011,12.08333
usa,2012,11.12682
usa,2013,14.97404
usa,2014,12.02823
usa,2015,10.65363
usa,2016,10.20543
usa,2017,9.42999
usa,2018,9.75285
usa,2019,8.21813
uzb,2011,36.11359
uzb,2012,37.74352
uzb,2013,18.53996
uzb,2014,15.64302
uzb,2015,9.46435
uzb,2016,10.47551
uzb,2017,12.37144
uzb,2018,20.9816
uzb,2019,19.5776
vct,1990,29.98819
vct,1991,29.05941
vct,1992,22.40926
vct,1993,17.1875
vct,1994,15.28926
vct,1995,14.06788
vct,1996,13.7806
vct,1997,17.71497
vct,1998,20.12557
vct,1999,17.40662
vct,2000,15.76092
vct,2001,16.81674
vct,2002,12.67065
vct,2003,15.55235
vct,2004,15.33796
vct,2005,11.66602
vct,2006,9.12373
vct,2007,13.15366
vct,2008,16.22364
vct,2009,20.39158
vct,2010,15.35981
vct,2011,17.35573
vct,2012,13.74957
vct,2013,13.91036
vct,2014,18.50486
vct,2015,11.99824
vct,2016,13.40611
vct,2017,11.27452
vut,1990,17.6439
vut,1995,18.73985
vut,1996,14.62531
vut,1997,7.84851
vut,1998,11.13109
vut,1999,11.85835
vut,2009,38.25444
vut,2010,37.0282
vut,2011,35.06313
vut,2012,23.51219
vut,2013,19.3153
vut,2014,24.16001
vut,2015,49.88323
vut,2016,51.73458
vut,2017,49.91017
vut,2018,53.61567
wsm,2012,28.79063
wsm,2013,23.93167
wsm,2014,28.94782
wsm,2015,24.43288
wsm,2016,23.61221
wsm,2017,24.70174
wsm,2018,27.2052
zaf,1997,5.72686
zaf,1998,5.18766
zaf,1999,8.08163
zaf,2000,6.75497
zaf,2001,7.77666
zaf,2002,6.06005
zaf,2003,7.31369
zaf,2004,7.67255
zaf,2005,8.05044
zaf,2006,6.50931
zaf,2007,6.13928
zaf,2008,6.08829
zaf,2009,8.86448
zaf,2010,8.48856
zaf,2011,8.21309
zaf,2012,6.89944
zaf,2013,9.52371
zaf,2014,11.81533
zaf,2015,11.76974
zaf,2016,11.05683
zaf,2017,10.54432
zaf,2018,11.09939
zmb,1990,5.81544
zmb,1991,13.59662
zmb,1992,25.64238
zmb,1993,26.15234
zmb,1994,10.02818
zmb,1995,14.87766
zmb,1996,9.17596
zmb,1997,4.43158
zmb,1998,30.30521
zmb,1999,25.27109
zmb,2001,5.58987
zmb,2002,1.87582
zmb,2003,28.38306
zmb,2004,28.17946
zmb,2005,30.99882
zmb,2006,22.80633
zmb,2007,34.94094
zmb,2008,25.43745
zmb,2009,29.00016
zmb,2010,22.62007
zmb,2011,30.11905
zmb,2012,18.66977
zmb,2013,18.94006
zmb,2014,15.82849
zmb,2015,27.5224
zmb,2016,32.63636
zmb,2017,23.23238
zmb,2018,18.77075
zwe,2009,5.78713
zwe,2010,10.1051
zwe,2011,13.13527
zwe,2012,12.48831
zwe,2015,6.91728
zwe,2016,6.20864
zwe,2017,5.01126
zwe,2018,8.27842
